{"type":"FeatureCollection","features":[{"type":"Feature","properties":{"name":"N\u00e4sij\u00e4rvi"},"geometry":{"type":"MultiPolygon","coordinates":[[[[23.7442583,61.7164186],[23.7434849,61.7162291],[23.7426017,61.7162345],[23.7420368,61.7160814],[23.7409418,61.7163521],[23.7392732,61.7160334],[23.7384885,61.7155257],[23.7364928,61.7158945],[23.7355878,61.7158713],[23.7349815,61.7156134],[23.7329806,61.7156761],[23.732109,61.7159981],[23.7313541,61.7160037],[23.7309624,61.7158472],[23.731045,61.7157056],[23.7297372,61.7153982],[23.7295311,61.7158498],[23.7290911,61.7157992],[23.7287626,61.7161919],[23.7277329,61.7164848],[23.7266016,61.7160997],[23.7261085,61.7148229],[23.7263614,61.7141653],[23.727509,61.7140221],[23.7288171,61.7131227],[23.7279664,61.7125303],[23.7279583,61.7122936],[23.7288122,61.7121262],[23.7282339,61.7117545],[23.7293033,61.711158],[23.7295794,61.7111339],[23.7293887,61.7108764],[23.7298973,61.7107336],[23.7297772,61.7105009],[23.7304794,61.7104192],[23.7304783,61.7102558],[23.7307622,61.7103338],[23.7311763,61.710179],[23.7310396,61.7100646],[23.7310752,61.7097622],[23.7307052,61.709492],[23.7281776,61.7095408],[23.7270925,61.709684],[23.7269278,61.7095897],[23.7271782,61.7092825],[23.7291984,61.7089879],[23.7292415,61.7085663],[23.7296535,61.7084477],[23.7294618,61.708279],[23.7298138,61.7081808],[23.7295032,61.7080728],[23.72844,61.708279],[23.7278739,61.7081252],[23.7275909,61.7082135],[23.7260651,61.7079092],[23.7247741,61.7084622],[23.7239664,61.7084753],[23.7234832,61.7083411],[23.7229964,61.7086372],[23.7226944,61.7092426],[23.7211324,61.7094144],[23.7210807,61.7095002],[23.721538,61.7095043],[23.721702,61.7097252],[23.7223665,61.7094839],[23.7230741,61.7096066],[23.7240061,61.7095207],[23.7245239,61.7099297],[23.7240147,61.7103632],[23.7236696,61.7109399],[23.7222974,61.7113079],[23.7207959,61.7112139],[23.7193806,61.710944],[23.71907,61.7107926],[23.7185349,61.7107395],[23.7178309,61.7109952],[23.7172449,61.7109291],[23.7167111,61.7110842],[23.7160047,61.7110069],[23.7159804,61.7111705],[23.7155584,61.7113094],[23.7154649,61.7114688],[23.7145075,61.711861],[23.7142155,61.711742],[23.7117313,61.7124206],[23.7113093,61.7122649],[23.7112584,61.7125002],[23.7102507,61.7130056],[23.7102597,61.71332],[23.7108153,61.7135969],[23.7107187,61.7140141],[23.7102574,61.7140858],[23.7100833,61.7144688],[23.7103062,61.7145581],[23.7102199,61.7147584],[23.7098143,61.7148525],[23.7099351,61.7150161],[23.7095813,61.7151101],[23.7093138,61.7149588],[23.7084249,61.7151142],[23.7090549,61.7158216],[23.7087097,61.7159975],[23.7073734,61.7159672],[23.7068476,61.7158905],[23.7069015,61.7154177],[23.7064296,61.7154688],[23.7061464,61.7151046],[23.7059441,61.7151366],[23.7061738,61.7155805],[23.7042011,61.7157528],[23.7037095,61.7160368],[23.7035036,61.7165766],[23.7027684,61.716708],[23.7015836,61.7165436],[23.7013241,61.7164468],[23.7006562,61.7164508],[23.6998794,61.7162135],[23.6997188,61.7160483],[23.7004463,61.7156159],[23.6996975,61.7153295],[23.6983326,61.7159173],[23.696624,61.7157578],[23.6963133,61.7154551],[23.6945875,61.7148173],[23.6949759,61.7143429],[23.6946048,61.7140772],[23.694881,61.713615],[23.6947515,61.713108],[23.6939234,61.7129612],[23.6933317,61.7124002],[23.692788,61.7122489],[23.6924256,61.7123552],[23.6920373,61.7122325],[23.6922098,61.7121057],[23.6919251,61.7119299],[23.6905875,61.711709],[23.6895088,61.7119953],[23.689293,61.7118767],[23.6891118,61.7119749],[23.6892632,61.7121347],[23.6885901,61.7123801],[23.6871921,61.7124374],[23.6862084,61.7122942],[23.6858373,61.712331],[23.6841668,61.7120684],[23.6833591,61.7117249],[23.6835038,61.7114786],[23.6838521,61.711236],[23.6836279,61.7112057],[23.683262,61.7112286],[23.6830825,61.7114052],[23.6829513,61.711402],[23.6829582,61.7112318],[23.6824888,61.7110355],[23.6822679,61.7110748],[23.6823576,61.7112187],[23.6827235,61.7113136],[23.682689,61.7116735],[23.6822403,61.7116997],[23.6818605,61.7113104],[23.6810183,61.7112351],[23.6805903,61.7112776],[23.6802589,61.7111893],[23.6791267,61.711186],[23.6777252,61.7115001],[23.676195,61.7121827],[23.6740076,61.712933],[23.6737633,61.7132362],[23.6733619,61.7133823],[23.6733387,61.7135588],[23.6725924,61.7139696],[23.6711922,61.714405],[23.6698659,61.7146366],[23.6682138,61.7146366],[23.6673761,61.7145511],[23.6668991,61.7146283],[23.664264,61.7145897],[23.6624374,61.7149701],[23.6615532,61.7149122],[23.6592845,61.7143416],[23.6583072,61.7144133],[23.6569577,61.7148158],[23.6560327,61.7148543],[23.6551951,61.7147331],[23.6546143,61.7145059],[23.6543369,61.7145599],[23.6541907,61.7145382],[23.6534893,61.7142993],[23.6532292,61.7141659],[23.6527871,61.7139729],[23.6524996,61.7139028],[23.6520462,61.7136841],[23.6518766,61.7136276],[23.6518103,61.7135926],[23.6517066,61.7136041],[23.6514882,61.7136081],[23.6507857,61.7135304],[23.6503243,61.7134236],[23.6493548,61.7131088],[23.6491039,61.7129762],[23.6491239,61.7129268],[23.649124,61.7128755],[23.6489242,61.7127588],[23.6487257,61.7126889],[23.6486614,61.7126444],[23.6485184,61.7126122],[23.6483476,61.7126266],[23.6482288,61.712674],[23.6481464,61.7127728],[23.6480834,61.712782],[23.6479694,61.7127792],[23.6478808,61.7128008],[23.6477889,61.7127932],[23.647626,61.7127156],[23.647522,61.7126413],[23.6474302,61.7126368],[23.6473444,61.7126635],[23.6472478,61.7126711],[23.6472,61.7127022],[23.6472126,61.7128034],[23.6474061,61.7128262],[23.6474892,61.7128643],[23.6475053,61.7129126],[23.6481008,61.713163],[23.6484602,61.7132482],[23.6486641,61.7133689],[23.6486996,61.7134104],[23.6486936,61.7134795],[23.6488984,61.7136027],[23.6495492,61.7137757],[23.6496162,61.7138939],[23.649745,61.7139231],[23.6497691,61.7139689],[23.6499529,61.714055],[23.6501044,61.7140667],[23.6504501,61.714338],[23.6505604,61.7144315],[23.6505336,61.714537],[23.6505713,61.7145867],[23.6507642,61.7146196],[23.6508581,61.7145942],[23.6510029,61.7145942],[23.6510568,61.7146123],[23.6510378,61.7148395],[23.6509842,61.7148967],[23.6508667,61.7149465],[23.650614,61.7150912],[23.6505952,61.7151229],[23.6506435,61.7151471],[23.6507079,61.7151814],[23.650673,61.7152106],[23.6505631,61.7152233],[23.6504585,61.7152869],[23.6503324,61.7153085],[23.650209,61.7153771],[23.6501795,61.7154737],[23.6500749,61.7155296],[23.6500709,61.715604],[23.6501525,61.7156287],[23.6502331,61.7155818],[23.6503941,61.7155398],[23.6505685,61.7155476],[23.650566,61.7158105],[23.6504152,61.7160553],[23.6501285,61.7163151],[23.6498818,61.7164371],[23.6498201,61.7165324],[23.6496189,61.7167205],[23.6494344,61.7169468],[23.649606,61.7169919],[23.6494783,61.717041],[23.6494537,61.7171104],[23.6490279,61.717229],[23.648954,61.7172988],[23.6490465,61.717357],[23.6485964,61.7177012],[23.6478613,61.7181578],[23.646946,61.7185778],[23.6459322,61.7188821],[23.6448153,61.7191316],[23.6445724,61.7191583],[23.6444582,61.7190955],[23.6444445,61.7190725],[23.644314,61.7190918],[23.6443363,61.7191394],[23.6442778,61.7191797],[23.6435428,61.7192238],[23.6433004,61.7192184],[23.6432404,61.7191787],[23.6430302,61.7191365],[23.6429937,61.7190524],[23.6429068,61.7190266],[23.6428199,61.7189581],[23.6426796,61.7189426],[23.6424806,61.7188352],[23.6416337,61.7187583],[23.6410783,61.7190387],[23.6409173,61.7190899],[23.6406952,61.7190423],[23.6403443,61.7190802],[23.6400137,61.7190388],[23.6399428,61.7189794],[23.6400061,61.7189152],[23.6398832,61.7189075],[23.6397788,61.7189728],[23.6396151,61.7189302],[23.6393784,61.7187839],[23.6394316,61.7186281],[23.6396427,61.7185318],[23.6397938,61.7182282],[23.6397436,61.7181771],[23.6396248,61.7181585],[23.6395928,61.7180132],[23.6393519,61.7179342],[23.6391339,61.7179655],[23.6386297,61.7179229],[23.6372802,61.7175723],[23.6370973,61.7178697],[23.6369016,61.7178986],[23.6364677,61.7179009],[23.6363757,61.7178426],[23.6361495,61.7178236],[23.6354426,61.7175788],[23.63536,61.7172245],[23.6351119,61.7171647],[23.63496,61.7170576],[23.6349197,61.7169586],[23.6350329,61.716907],[23.6350766,61.7167449],[23.6351715,61.7166904],[23.6352019,61.7166053],[23.6353216,61.716539],[23.6354126,61.716546],[23.6354244,61.7165932],[23.6355701,61.7165743],[23.6355394,61.7165377],[23.6354635,61.7165226],[23.6354753,61.7164551],[23.6354135,61.7164037],[23.6347937,61.71638],[23.6346435,61.7163178],[23.6348754,61.7162013],[23.6349727,61.7160529],[23.6349225,61.7159431],[23.6344534,61.7158745],[23.6343328,61.7160501],[23.6338558,61.7162955],[23.6335283,61.7162922],[23.6333162,61.7163512],[23.6332682,61.716418],[23.6332226,61.7164523],[23.6331368,61.7164674],[23.6329919,61.7165095],[23.6328714,61.7165142],[23.632662,61.7165642],[23.6326525,61.7166019],[23.6327746,61.7166404],[23.63304,61.7166435],[23.6330348,61.7167091],[23.6329855,61.7167833],[23.6327451,61.7167904],[23.6326057,61.7167612],[23.6324823,61.7167599],[23.6323804,61.7167815],[23.6323696,61.7168247],[23.6323026,61.7168578],[23.6320667,61.7168915],[23.6316841,61.7169176],[23.631606,61.7169591],[23.6314845,61.7170624],[23.6305645,61.7174462],[23.6304331,61.7174703],[23.6303794,61.7175301],[23.6301379,61.7175367],[23.6297831,61.7175015],[23.629414,61.717429],[23.6293709,61.717403],[23.6293709,61.717356],[23.6293173,61.7173153],[23.6293146,61.717267],[23.6293334,61.7171831],[23.6291946,61.7169902],[23.6291134,61.7169417],[23.6289236,61.7169249],[23.6284971,61.7170239],[23.6282601,61.7171429],[23.6282283,61.7172886],[23.6282712,61.7173496],[23.6282632,61.7174792],[23.6281603,61.7174942],[23.6280915,61.7175008],[23.6279706,61.7174763],[23.6279628,61.7175123],[23.6280084,61.7175428],[23.6280084,61.7175974],[23.6280507,61.7176027],[23.6281344,61.7175885],[23.6282846,61.7176737],[23.6284992,61.7177182],[23.6289766,61.7177423],[23.6292845,61.7177483],[23.6293334,61.7178059],[23.6293038,61.7178882],[23.6293521,61.717919],[23.6293817,61.7179673],[23.6293897,61.7180524],[23.6293656,61.7181439],[23.6292315,61.7182964],[23.6291349,61.7184845],[23.6291321,61.7186357],[23.6291778,61.7187183],[23.6293334,61.7188263],[23.6293495,61.7188683],[23.6292931,61.7189115],[23.6292931,61.7189649],[23.6292207,61.7190297],[23.6292288,61.7191593],[23.6293,61.7192051],[23.6297444,61.7191845],[23.6304914,61.7193903],[23.6306678,61.719664],[23.6314327,61.7199581],[23.6313236,61.7202742],[23.631447,61.7203246],[23.6317152,61.7203627],[23.6318506,61.7204183],[23.6321282,61.7204237],[23.6322788,61.7205086],[23.6324608,61.7205203],[23.6325788,61.7205584],[23.6333996,61.7206194],[23.633759,61.7206474],[23.6346066,61.7207745],[23.6347282,61.7208459],[23.6349392,61.720899],[23.635143,61.7209905],[23.6351538,61.7210591],[23.6352128,61.7211303],[23.6352159,61.7212199],[23.6350165,61.7215332],[23.6331288,61.7225808],[23.6324951,61.7226255],[23.631295,61.7222678],[23.6310523,61.7219612],[23.6310768,61.7218571],[23.6315274,61.7216678],[23.6315728,61.7215808],[23.631506,61.7214619],[23.6312833,61.7213005],[23.6309266,61.7211226],[23.6305773,61.7210212],[23.6290324,61.7209972],[23.6283537,61.7208123],[23.6282197,61.7204759],[23.6277365,61.7201293],[23.6282628,61.7196621],[23.6280598,61.7194388],[23.6270705,61.7195044],[23.6267463,61.7193594],[23.625542,61.7196425],[23.6252402,61.7194298],[23.6248318,61.7194277],[23.6251331,61.7197391],[23.6249139,61.7199394],[23.6235595,61.7201362],[23.6199775,61.7216128],[23.6176833,61.7231695],[23.6161589,61.7232882],[23.6159004,61.7234426],[23.615515,61.7234358],[23.6147128,61.7237027],[23.6134182,61.7237501],[23.6126211,61.7235397],[23.6121906,61.7237668],[23.6113351,61.7236713],[23.6114278,61.7235216],[23.6093802,61.7225125],[23.6088793,61.7219029],[23.6089195,61.721506],[23.6092337,61.7209573],[23.609935,61.7208003],[23.6101122,61.7204608],[23.6106363,61.7200847],[23.6104667,61.7198876],[23.6110832,61.7197415],[23.6113144,61.7191281],[23.6116612,61.7190223],[23.6118846,61.7188141],[23.6111063,61.7186133],[23.6098348,61.7189931],[23.6093339,61.7189164],[23.6087714,61.7190077],[23.6086018,61.7191683],[23.6079468,61.7191464],[23.6080932,61.7193363],[23.6078775,61.7194093],[23.6075923,61.7193691],[23.6075692,61.7191793],[23.6071377,61.7190077],[23.6064056,61.719077],[23.60545,61.7189419],[23.6050262,61.719004],[23.6046486,61.7189857],[23.6043326,61.7188507],[23.6043095,61.7186681],[23.6041631,61.7184454],[23.6042325,61.7181606],[23.6031074,61.7182847],[23.6020825,61.7182263],[23.601674,61.7180583],[23.6009034,61.7180437],[23.5997321,61.7184855],[23.5991387,61.718449],[23.5985685,61.7182592],[23.5978518,61.7184271],[23.5963337,61.7178137],[23.5960409,61.7180656],[23.5952934,61.7180328],[23.594962,61.7177918],[23.5945382,61.7178101],[23.59386,61.7171966],[23.5933206,61.717266],[23.5916484,61.7167329],[23.5916098,61.7171966],[23.5909779,61.71758],[23.5900378,61.7178831],[23.5885351,61.7181131],[23.5879186,61.7180912],[23.5878354,61.7176806],[23.5866409,61.7181589],[23.5856777,61.7182429],[23.5850766,61.7185569],[23.5841673,61.7185496],[23.5832811,61.7182757],[23.5832502,61.7179727],[23.5831346,61.7176039],[23.5828264,61.7175345],[23.582364,61.7175783],[23.5821328,61.7173994],[23.5811002,61.71733],[23.5805916,61.7173775],[23.5801832,61.7172643],[23.5794511,61.7168335],[23.5787807,61.7165779],[23.5788346,61.7161433],[23.5793663,61.7158293],[23.5804606,61.7154167],[23.5811696,61.7149968],[23.5815472,61.7143541],[23.5806841,61.7142336],[23.5807457,61.713872],[23.5802603,61.7133462],[23.5797902,61.7131819],[23.5784724,61.713149],[23.5779561,61.7130102],[23.5769389,61.7131015],[23.5766817,61.7137242],[23.5763918,61.7138647],[23.575128,61.713872],[23.5740722,61.7139889],[23.572978,61.7139925],[23.5719145,61.7137369],[23.5712441,61.7133827],[23.5697778,61.7131409],[23.5689982,61.7129836],[23.5684751,61.7128545],[23.5681998,61.7126098],[23.5688438,61.712085],[23.5694971,61.7119359],[23.5711461,61.7116285],[23.5719938,61.7109675],[23.5711924,61.7107958],[23.5696666,61.7107702],[23.567794,61.7105949],[23.565382,61.7117052],[23.5639871,61.7118038],[23.5641567,61.7120558],[23.5628621,61.7124721],[23.561159,61.7122785],[23.5609124,61.711738],[23.5601033,61.7114678],[23.5592941,61.7116358],[23.5582846,61.712169],[23.5583386,61.7131039],[23.5577683,61.7135749],[23.5571749,61.7138452],[23.5565919,61.7139752],[23.5559696,61.7141735],[23.5554331,61.7138735],[23.5559265,61.7133997],[23.5559267,61.7129762],[23.5561037,61.712938],[23.5561037,61.7126991],[23.5560447,61.7125694],[23.5570054,61.7122822],[23.557252,61.7120156],[23.5571337,61.7118602],[23.5568762,61.7118246],[23.5565865,61.7118678],[23.5556337,61.7120813],[23.5552347,61.7124245],[23.5538185,61.7123762],[23.5512167,61.7126126],[23.5509163,61.7125669],[23.5505408,61.7122567],[23.5509485,61.7118068],[23.5517961,61.7114313],[23.5525256,61.7107339],[23.5538305,61.7100946],[23.5544393,61.7095942],[23.5546015,61.7090149],[23.5536629,61.7085551],[23.5534429,61.7085754],[23.5534108,61.7084839],[23.5536253,61.7084356],[23.5535985,61.7083949],[23.5533303,61.7083695],[23.5527924,61.7077959],[23.5527617,61.7074567],[23.552928,61.707383],[23.5526705,61.7072838],[23.5527831,61.7070906],[23.5532176,61.7068795],[23.5537755,61.7068109],[23.5540438,61.707055],[23.5543442,61.7070601],[23.554725,61.7067473],[23.5548752,61.7067626],[23.5550684,61.7065897],[23.5549611,61.7065642],[23.554725,61.7066507],[23.5544515,61.7065236],[23.5525739,61.7065642],[23.5525793,61.7064676],[23.5537755,61.7064447],[23.5538024,61.7061727],[23.5535127,61.706015],[23.5534698,61.7058803],[23.5536191,61.7057457],[23.5537219,61.7056234],[23.5539476,61.7053578],[23.5544489,61.7052028],[23.5555038,61.7052088],[23.5569119,61.7053164],[23.5580889,61.7051563],[23.558928,61.7051718],[23.5602558,61.7054734],[23.5613801,61.7052286],[23.5630989,61.7052191],[23.5649111,61.7057349],[23.5657704,61.706221],[23.5654887,61.706799],[23.5632384,61.7075737],[23.5614306,61.7075406],[23.5616666,61.707772],[23.561282,61.7079199],[23.5610819,61.7083059],[23.5606172,61.7084261],[23.5609531,61.7086212],[23.5609826,61.7091704],[23.5617942,61.7097535],[23.5621682,61.7098657],[23.5632518,61.7098632],[23.5643139,61.7102763],[23.5647672,61.7103462],[23.5661459,61.7100856],[23.568002,61.7092034],[23.5695523,61.709267],[23.57048,61.7097897],[23.571403,61.7091958],[23.5731733,61.7087737],[23.5734615,61.7086229],[23.5753298,61.7080771],[23.5760255,61.7076178],[23.5759413,61.7074872],[23.5771859,61.706821],[23.5780549,61.7066227],[23.5799461,61.7066245],[23.580456,61.7064117],[23.583373,61.7059256],[23.5854961,61.7059902],[23.5867823,61.7060131],[23.5876253,61.706149],[23.5885506,61.706026],[23.5896808,61.7054908],[23.5904032,61.7054028],[23.5912081,61.7054321],[23.5916322,61.7051581],[23.5920346,61.7050844],[23.5922814,61.7046397],[23.594944,61.7045761],[23.5950885,61.7046788],[23.5956871,61.7045956],[23.5960276,61.7049527],[23.5961928,61.7050163],[23.5968429,61.7046103],[23.5975344,61.7045712],[23.5983053,61.7048673],[23.5990798,61.7048835],[23.599686,61.7050298],[23.6010854,61.7049988],[23.6014869,61.7048467],[23.6029161,61.7048137],[23.6030955,61.7049632],[23.6048948,61.7045572],[23.6052159,61.704171],[23.6064709,61.7038916],[23.607192,61.7034148],[23.6067209,61.7032735],[23.6067832,61.7029674],[23.6062969,61.7027043],[23.6065499,61.7022111],[23.6074348,61.7019584],[23.6095134,61.7017206],[23.6106116,61.7012598],[23.6114055,61.7014073],[23.611663,61.7012394],[23.6124247,61.7013564],[23.6132133,61.7012293],[23.6148195,61.701235],[23.6157829,61.7016184],[23.6167699,61.701537],[23.6175221,61.7009239],[23.6191928,61.7008909],[23.6210185,61.7010716],[23.6211312,61.701598],[23.6217964,61.7019744],[23.6222041,61.7014734],[23.6220485,61.7012547],[23.6225045,61.7011072],[23.6230516,61.7012242],[23.6238456,61.7015446],[23.6242962,61.7014149],[23.6246288,61.7015726],[23.624897,61.7014709],[23.6244893,61.7012267],[23.6240923,61.7007334],[23.623749,61.7000136],[23.6235613,61.6997262],[23.6234111,61.6995431],[23.6232287,61.6994134],[23.6233574,61.6989811],[23.6231697,61.6986606],[23.6233574,61.6982867],[23.6231375,61.6981469],[23.622703,61.6980299],[23.6226598,61.697823],[23.6219274,61.6977166],[23.6214672,61.6974299],[23.6206122,61.6962978],[23.6203393,61.6949596],[23.6210748,61.6940833],[23.6224285,61.6936173],[23.6232546,61.6940032],[23.6244235,61.6942325],[23.6258061,61.6937055],[23.62762,61.6920947],[23.6275022,61.6913753],[23.6280771,61.6907859],[23.6287185,61.6905191],[23.6299405,61.6905692],[23.6309224,61.6909139],[23.6313443,61.6913929],[23.6303886,61.6918],[23.6301078,61.6922439],[23.6303319,61.6925898],[23.6307977,61.6929159],[23.6307192,61.6931745],[23.6297487,61.6934377],[23.6298428,61.6936425],[23.6304012,61.6938093],[23.6311547,61.6937706],[23.6314138,61.6936027],[23.631426,61.6931275],[23.6319315,61.6930411],[23.6348882,61.6924949],[23.6361942,61.6926756],[23.6366567,61.692482],[23.6371011,61.6924691],[23.6371283,61.6927401],[23.6374186,61.6929336],[23.6376272,61.6927573],[23.6373154,61.6925124],[23.637698,61.6919748],[23.6387184,61.6917799],[23.6390868,61.6918807],[23.639682,61.6917799],[23.6399938,61.6919614],[23.6406315,61.6918135],[23.6412975,61.6919076],[23.6422895,61.6916724],[23.6436074,61.6916993],[23.6453221,61.6921563],[23.6455336,61.6924643],[23.6455676,61.6929658],[23.6461419,61.6933887],[23.6470013,61.693345],[23.6478195,61.6934943],[23.6482021,61.6934068],[23.6485424,61.6934409],[23.6486632,61.6936006],[23.6508857,61.6941076],[23.6515436,61.6940408],[23.6518567,61.6942283],[23.6520427,61.6942517],[23.6520033,61.6948537],[23.6525557,61.695003],[23.6538259,61.694858],[23.6549953,61.6935765],[23.6579154,61.6924434],[23.6599521,61.6921255],[23.6610291,61.6923074],[23.6618358,61.6917174],[23.6633165,61.6913083],[23.6636196,61.6910263],[23.6640393,61.6910097],[23.664902,61.6906614],[23.6654702,61.690315],[23.6673623,61.6897242],[23.6682147,61.6896531],[23.6691608,61.6899529],[23.6701724,61.6898996],[23.6707719,61.6895332],[23.6717975,61.6894421],[23.6722846,61.6892466],[23.6722338,61.6889872],[23.6726171,61.6889668],[23.6730667,61.6890445],[23.6746778,61.6890401],[23.6750806,61.6887069],[23.6757363,61.6883804],[23.6755864,61.6879584],[23.6752539,61.6880205],[23.674692,61.6878696],[23.6743798,61.68766],[23.673171,61.6875622],[23.6725699,61.6874185],[23.6724737,61.6872634],[23.6720323,61.687305],[23.6720094,61.687424],[23.6715511,61.6874315],[23.6701699,61.6872233],[23.6685144,61.6871625],[23.6682579,61.6869358],[23.6685261,61.6867367],[23.6682812,61.6866537],[23.6680364,61.6867809],[23.6673835,61.6867312],[23.666649,61.6860455],[23.6673602,61.685686],[23.6675709,61.6855547],[23.6678853,61.6853291],[23.667925,61.6851119],[23.6677198,61.6849072],[23.6672327,61.6846903],[23.6667341,61.6843257],[23.6665901,61.68377],[23.6665454,61.6835974],[23.6660411,61.6832111],[23.6654246,61.6829729],[23.664971,61.6823686],[23.66514,61.6818954],[23.6652342,61.6816318],[23.6659592,61.680853],[23.6677517,61.6806177],[23.6688637,61.6806666],[23.6699858,61.6804771],[23.6711542,61.6809365],[23.6719566,61.6810529],[23.6729555,61.6814287],[23.674169,61.6815659],[23.6751693,61.6813328],[23.6760637,61.6815388],[23.6777325,61.6813344],[23.6784521,61.6806642],[23.6785604,61.6802563],[23.6779579,61.6796988],[23.6779645,61.6794469],[23.677483,61.6794659],[23.6765297,61.679379],[23.6764321,61.6792063],[23.6769728,61.6790346],[23.6769944,61.6788756],[23.6765487,61.6786148],[23.6764578,61.6783922],[23.67669,61.6780355],[23.6765146,61.6777512],[23.6762373,61.6776556],[23.6759547,61.6776663],[23.6756115,61.6775446],[23.6753123,61.6775385],[23.6750468,61.6773352],[23.6752709,61.6771744],[23.6746587,61.676959],[23.6740114,61.6770752],[23.6734554,61.6767426],[23.673732,61.6764678],[23.673509,61.676213],[23.6728477,61.6758909],[23.6722416,61.6757367],[23.6714361,61.6755318],[23.6718705,61.6755539],[23.6720273,61.6754984],[23.6713736,61.6754332],[23.671433,61.6750866],[23.6719728,61.6745671],[23.672201,61.6743475],[23.6720453,61.6741757],[23.6724204,61.673908],[23.6726274,61.6738186],[23.6728093,61.67374],[23.6728878,61.6736666],[23.6726162,61.6734817],[23.6721642,61.6729867],[23.6722299,61.6728339],[23.6725283,61.6727371],[23.6725304,61.6727079],[23.6724901,61.6725577],[23.672813,61.6721993],[23.6732063,61.6720652],[23.6736929,61.6719622],[23.6740673,61.6719404],[23.674405,61.671962],[23.6747083,61.6719531],[23.6750222,61.6719175],[23.6752582,61.6718411],[23.6758408,61.6718106],[23.675977,61.6717329],[23.6759448,61.6714949],[23.6758214,61.6713129],[23.6758714,61.6711058],[23.676087,61.6709502],[23.6763339,61.6708682],[23.6764429,61.6707552],[23.6766382,61.6706988],[23.6768466,61.6706219],[23.6770767,61.6705691],[23.6773854,61.6704428],[23.6779377,61.6701628],[23.6795764,61.6701771],[23.6804322,61.6704752],[23.681311,61.6703621],[23.6813308,61.6703764],[23.6818266,61.6707349],[23.681481,61.6710926],[23.6816279,61.6713222],[23.6830693,61.6718647],[23.6836342,61.6718498],[23.6843403,61.671685],[23.6846628,61.6711617],[23.6840739,61.6707087],[23.6834089,61.6706245],[23.6832733,61.6701196],[23.6837304,61.6699919],[23.6851967,61.6704581],[23.6861361,61.6708982],[23.6865467,61.6708919],[23.6866963,61.6708608],[23.6867093,61.6706477],[23.6873135,61.6706039],[23.687579,61.6705374],[23.687764,61.670514],[23.6880078,61.670537],[23.688189,61.6704808],[23.6882025,61.670403],[23.6883831,61.6703301],[23.688157,61.6700553],[23.6879884,61.6700735],[23.6878617,61.6699827],[23.6879003,61.66992],[23.6873932,61.6699481],[23.6870768,61.6701231],[23.6868372,61.6701425],[23.6865223,61.6701111],[23.6860718,61.6701045],[23.685793,61.6699821],[23.6859186,61.6695625],[23.6866394,61.6694904],[23.686572,61.6694196],[23.6864131,61.6693669],[23.6870015,61.6692489],[23.6870316,61.6691557],[23.6873219,61.6691881],[23.6874337,61.6691715],[23.687608,61.669239],[23.687821,61.6692651],[23.6880866,61.6691785],[23.6882792,61.6689631],[23.6878568,61.6688857],[23.687663,61.6688939],[23.6874039,61.6688141],[23.6875316,61.6684556],[23.6872198,61.6680909],[23.6866465,61.6679107],[23.6861808,61.6675235],[23.6862337,61.6671702],[23.6868483,61.6668125],[23.6861124,61.6666769],[23.6851292,61.6666772],[23.685314,61.6663584],[23.6861203,61.666309],[23.6866386,61.6660776],[23.6866602,61.6657062],[23.6858089,61.665438],[23.6852791,61.6649431],[23.6846105,61.6649909],[23.6841508,61.6647976],[23.6831717,61.6649721],[23.6831823,61.6651],[23.6806109,61.6659401],[23.6802666,61.6659989],[23.6791875,61.6656066],[23.678686,61.6651243],[23.6781806,61.6653777],[23.6778481,61.6654535],[23.6773701,61.665251],[23.6778564,61.6649252],[23.6778564,61.6647441],[23.6776085,61.664631],[23.6771126,61.6647034],[23.6767979,61.6647984],[23.6763212,61.6646853],[23.6748527,61.6652827],[23.6742233,61.6652058],[23.6743473,61.6650428],[23.6742233,61.6649704],[23.6736989,61.66507],[23.6735463,61.6652329],[23.6732126,61.6651696],[23.6731484,61.6649163],[23.6720942,61.6650115],[23.6718643,61.6648918],[23.6713743,61.6650339],[23.6712015,61.6650276],[23.6711407,61.6649246],[23.6708583,61.6649592],[23.6706146,61.6649037],[23.6699858,61.6650694],[23.6688278,61.6651847],[23.6672104,61.6656834],[23.6665973,61.6666339],[23.6660758,61.6668814],[23.6646157,61.6671996],[23.6641389,61.6674966],[23.6631109,61.667638],[23.6622914,61.6675814],[23.6622805,61.6673684],[23.6613678,61.667314],[23.6613307,61.6671331],[23.6608497,61.6672158],[23.660678,61.6674744],[23.659369,61.667929],[23.6587878,61.6683823],[23.6596609,61.6687624],[23.6602139,61.669311],[23.6610392,61.6696047],[23.6617046,61.6696783],[23.6632447,61.6700577],[23.6641087,61.6703746],[23.6662401,61.6706751],[23.6663884,61.6712356],[23.6660476,61.6715867],[23.665093,61.6718978],[23.6640197,61.6721631],[23.6637676,61.6722548],[23.6635101,61.6723591],[23.6631077,61.672433],[23.6629254,61.6724151],[23.6626518,61.6724533],[23.6623996,61.6725602],[23.6622548,61.672657],[23.6615292,61.6728868],[23.6606757,61.6728426],[23.659043,61.6731518],[23.6581212,61.6731606],[23.6570596,61.6730104],[23.6562309,61.6728027],[23.6554766,61.6730236],[23.653836,61.6727007],[23.6534123,61.6724157],[23.6536125,61.671669],[23.6540129,61.6714436],[23.6534961,61.6710238],[23.6535473,61.6709089],[23.6537243,61.6710039],[23.6541247,61.6707167],[23.6538936,61.6704697],[23.6539402,61.6698599],[23.6537243,61.6696363],[23.6539943,61.6694529],[23.6537167,61.6692191],[23.6541264,61.6684325],[23.6543778,61.6678271],[23.654024,61.6676106],[23.6537074,61.667584],[23.653605,61.6667665],[23.6541264,61.6665543],[23.6552438,61.6664748],[23.6560074,61.666192],[23.6558305,61.6659091],[23.6552008,61.6658231],[23.6551341,61.6656783],[23.6555918,61.6655425],[23.655506,61.6654656],[23.6558588,61.6653162],[23.6561067,61.6651714],[23.6559827,61.665099],[23.6555822,61.6652845],[23.655506,61.6651488],[23.655258,61.6651623],[23.6550855,61.6653081],[23.6546572,61.6652594],[23.6548807,61.6648749],[23.6546758,61.6648131],[23.6539122,61.6651092],[23.6532604,61.665202],[23.6525023,61.6654972],[23.6521495,61.6654565],[23.6513675,61.6655923],[23.6506333,61.665461],[23.6492535,61.6653424],[23.6489182,61.6654948],[23.648732,61.6653645],[23.6477636,61.6654948],[23.6475913,61.6654175],[23.6476006,61.6653468],[23.6478986,61.665254],[23.6479452,61.6651192],[23.6477077,61.66498],[23.6480522,61.6644629],[23.6480942,61.6642065],[23.6477111,61.6639534],[23.6482419,61.6635335],[23.6506164,61.6631888],[23.6522646,61.6630473],[23.653233,61.6626098],[23.6528139,61.6616108],[23.6529722,61.6614296],[23.6533261,61.6614075],[23.6537265,61.6610981],[23.6534937,61.6606959],[23.653652,61.6604572],[23.6541828,61.6602848],[23.654788,61.659467],[23.6540245,61.6591222],[23.649596,61.658899],[23.6491756,61.6587728],[23.6475726,61.6586519],[23.6469263,61.6582363],[23.6475925,61.6574397],[23.6471756,61.6570383],[23.6476046,61.6567371],[23.6486718,61.6567437],[23.6489107,61.6567452],[23.6502688,61.6571607],[23.6520714,61.657045],[23.6523937,61.6566625],[23.6544739,61.6568168],[23.6556964,61.6566981],[23.6560644,61.6571667],[23.6575744,61.6569909],[23.6581756,61.656513],[23.6590533,61.6563267],[23.6606582,61.6564637],[23.6617831,61.6571229],[23.664739,61.6573783],[23.6656273,61.657329],[23.666032,61.6575594],[23.6688254,61.6576606],[23.672813,61.6583329],[23.6735958,61.6581621],[23.6747899,61.658367],[23.6788738,61.6583469],[23.6801155,61.6579036],[23.6809467,61.6579755],[23.6816086,61.6577049],[23.6822155,61.6576525],[23.6823074,61.6575274],[23.6826813,61.6574838],[23.6825281,61.6572568],[23.6816761,61.6572335],[23.6812899,61.657024],[23.6810999,61.6566952],[23.6806524,61.6566224],[23.6809467,61.6565467],[23.6811122,61.65641],[23.6805482,61.656183],[23.6805544,61.655988],[23.681191,61.6560208],[23.6817475,61.6560495],[23.6826151,61.6562532],[23.6829203,61.65657],[23.683233,61.6565089],[23.6834996,61.6565569],[23.6837509,61.6565133],[23.6839317,61.656634],[23.6842964,61.6566442],[23.6843822,61.6565249],[23.6846182,61.6564274],[23.6848756,61.6565118],[23.6852495,61.6563896],[23.6850044,61.6561655],[23.6861751,61.6558105],[23.6864203,61.6558716],[23.6868922,61.6556301],[23.6871129,61.6549026],[23.6873519,61.6547367],[23.6879833,61.6547076],[23.6880201,61.6548502],[23.6885042,61.6553908],[23.6904865,61.6552941],[23.6914453,61.6558921],[23.6917327,61.655953],[23.6928907,61.6557421],[23.6933492,61.6558948],[23.6938359,61.6558763],[23.6950264,61.6557047],[23.6958166,61.6558899],[23.6973014,61.6559418],[23.6992628,61.6557975],[23.7008658,61.6551251],[23.7011736,61.6548488],[23.7012344,61.6540205],[23.7009591,61.653898],[23.7009302,61.6537695],[23.7001039,61.6533865],[23.7002296,61.6532185],[23.6999509,61.6530686],[23.6995097,61.6532099],[23.696628,61.6535126],[23.6964908,61.6534015],[23.6956446,61.6534901],[23.6953779,61.6534153],[23.6951602,61.6529206],[23.6973106,61.6525145],[23.6974336,61.6522053],[23.6973417,61.6520673],[23.6968611,61.652174],[23.6967566,61.6521335],[23.6968625,61.6520272],[23.6967998,61.651959],[23.6964839,61.6520856],[23.6963441,61.6520499],[23.696547,61.6518887],[23.6960435,61.651815],[23.6950562,61.6521449],[23.6952624,61.652392],[23.6948498,61.6525718],[23.6944461,61.6525016],[23.6940604,61.6522735],[23.6922234,61.6520588],[23.6906541,61.6521255],[23.6901441,61.6520863],[23.6900359,61.6520177],[23.6900622,61.6519188],[23.6902237,61.6519316],[23.6904453,61.6518637],[23.6906311,61.6518419],[23.6906186,61.6517898],[23.6903814,61.6517362],[23.6903953,61.6516657],[23.6905364,61.6516762],[23.690663,61.6517508],[23.6908819,61.651736],[23.6907895,61.6516574],[23.6908594,61.6515573],[23.6911309,61.6515141],[23.6913394,61.651419],[23.6908165,61.6512919],[23.6906431,61.6512517],[23.6906937,61.6510914],[23.6912363,61.6509697],[23.6916241,61.6509658],[23.6920557,61.6511274],[23.6922647,61.6510958],[23.6925067,61.6509321],[23.6925617,61.6508031],[23.6925012,61.6505624],[23.6922226,61.6504886],[23.6923348,61.6503636],[23.6922012,61.6502807],[23.6920601,61.6500244],[23.6918183,61.6498852],[23.6909381,61.6498686],[23.6902786,61.6498562],[23.6899447,61.6498499],[23.689738,61.6498335],[23.6896613,61.6497591],[23.6888576,61.6497726],[23.6888519,61.6497069],[23.6889131,61.6494961],[23.6891896,61.6494185],[23.6893076,61.6492927],[23.6897468,61.6492109],[23.6903244,61.6490203],[23.6911135,61.6490639],[23.6915086,61.6491432],[23.69185,61.6491817],[23.6927971,61.6491343],[23.6931299,61.6490615],[23.6935325,61.6488689],[23.6943408,61.6488458],[23.6951222,61.6488177],[23.6954691,61.6486601],[23.6959151,61.648469],[23.6964884,61.6483412],[23.6971045,61.6481993],[23.6975387,61.6480373],[23.6976939,61.6480384],[23.6980794,61.6479437],[23.6982402,61.647994],[23.6982829,61.6480582],[23.698347,61.64809],[23.698428,61.6480814],[23.6985306,61.6481517],[23.6985318,61.6482109],[23.6986414,61.6482452],[23.6992756,61.6480904],[23.6995911,61.6477803],[23.6996222,61.6476484],[23.6997757,61.6474204],[23.6999043,61.6474235],[23.6999899,61.6472865],[23.7004026,61.647015],[23.7003907,61.6466952],[23.7002849,61.6464991],[23.7002652,61.6464767],[23.6998946,61.6461451],[23.69932,61.6459436],[23.6992586,61.645817],[23.6991302,61.6456624],[23.6983998,61.6455055],[23.6981874,61.6453929],[23.6981655,61.6453248],[23.6983746,61.645262],[23.6985664,61.6450319],[23.6987581,61.6449419],[23.6986976,61.6448618],[23.698739,61.6448326],[23.6987026,61.6447959],[23.6987735,61.6447489],[23.6987101,61.6446524],[23.698657,61.6446105],[23.6987218,61.6445686],[23.69889,61.6444188],[23.6986404,61.6443715],[23.6985143,61.6443924],[23.6983345,61.6443547],[23.6981945,61.6442669],[23.6980728,61.6441463],[23.6980344,61.644126],[23.6980549,61.6440828],[23.6980111,61.6440434],[23.6980746,61.6439786],[23.6979064,61.6439243],[23.6978214,61.6439719],[23.6975281,61.6439168],[23.6974117,61.6439471],[23.6972256,61.6439188],[23.6969527,61.6437998],[23.6969977,61.6437413],[23.696973,61.6436853],[23.6969021,61.6436804],[23.6968139,61.6437215],[23.6962938,61.6437023],[23.6962263,61.6436468],[23.6961223,61.6436125],[23.6960118,61.6436347],[23.6957542,61.6434879],[23.6957581,61.6434258],[23.6956726,61.6433675],[23.6956845,61.6433378],[23.6957909,61.6433084],[23.6959,61.6433574],[23.696,61.6433637],[23.6962163,61.6433583],[23.6963065,61.6433186],[23.6964396,61.6433655],[23.6965326,61.6433531],[23.6965184,61.6432871],[23.6964471,61.6432749],[23.6963956,61.6432302],[23.6963087,61.6432147],[23.6962369,61.6431811],[23.6962863,61.6431216],[23.6962564,61.6430561],[23.6960183,61.6430677],[23.6958849,61.6432053],[23.695765,61.6432677],[23.6955949,61.6433143],[23.6954547,61.6432356],[23.6952888,61.6429888],[23.6943381,61.6429422],[23.6934141,61.6430679],[23.6925383,61.6429604],[23.6922359,61.6430244],[23.691402,61.6432076],[23.6910872,61.6431935],[23.6905678,61.642758],[23.6905569,61.6425603],[23.6902563,61.6425187],[23.6901051,61.6424149],[23.6896144,61.6424732],[23.6887129,61.6423735],[23.6880637,61.6421541],[23.6877312,61.6416315],[23.6874615,61.641649],[23.6866516,61.6405781],[23.686656,61.6404355],[23.6867047,61.6403542],[23.6866763,61.6403263],[23.6865153,61.6402959],[23.6864727,61.6402939],[23.6864077,61.6403894],[23.6863357,61.6404127],[23.6862289,61.6403763],[23.6858885,61.64034],[23.6857647,61.6403383],[23.685655,61.6403735],[23.6855894,61.6405023],[23.6854849,61.6405924],[23.6856227,61.6407727],[23.6856587,61.6408308],[23.6855886,61.6408957],[23.6853917,61.640975],[23.6853712,61.6410433],[23.6854672,61.6410707],[23.6855277,61.6411183],[23.6857102,61.6411817],[23.6859747,61.6411622],[23.6860558,61.6412141],[23.6861462,61.6413326],[23.6862522,61.6414053],[23.6865031,61.641416],[23.6865298,61.6414976],[23.6864968,61.6416263],[23.6864078,61.6416618],[23.6858106,61.6416916],[23.6852788,61.6417481],[23.6846092,61.6418429],[23.684636,61.6419443],[23.6851177,61.642118],[23.6855373,61.6422429],[23.6854823,61.642397],[23.6853155,61.6424519],[23.6850349,61.6424471],[23.6849224,61.6425632],[23.6846496,61.6426443],[23.6842949,61.6426571],[23.6840265,61.6426114],[23.6837443,61.6426278],[23.6830829,61.642561],[23.6825406,61.642579],[23.6819207,61.642604],[23.6817806,61.6425479],[23.6816495,61.6426464],[23.6813965,61.6426676],[23.6811181,61.6425825],[23.6811951,61.642329],[23.6812783,61.6422718],[23.6811786,61.6421779],[23.6810463,61.6421858],[23.6810564,61.6422651],[23.6810537,61.6423887],[23.6809291,61.6423579],[23.6808106,61.6423088],[23.6807026,61.6422364],[23.6805491,61.642231],[23.6804256,61.642323],[23.6803273,61.642423],[23.680107,61.6423783],[23.6799306,61.6423727],[23.6799834,61.6424374],[23.6801093,61.6424712],[23.6800033,61.6425659],[23.6800274,61.6426297],[23.6803849,61.6428171],[23.6803207,61.6429351],[23.6803287,61.6430835],[23.680446,61.6431375],[23.6804303,61.6432687],[23.6803481,61.6433091],[23.6802235,61.6432302],[23.6794456,61.6430428],[23.6789611,61.6429071],[23.6787047,61.642772],[23.678144,61.642689],[23.6774013,61.6426128],[23.6763118,61.6425366],[23.6751656,61.6426311],[23.6745028,61.6425822],[23.6743311,61.6427809],[23.6745166,61.6428504],[23.6743841,61.64314],[23.6742569,61.6433149],[23.6751388,61.6435866],[23.6765557,61.6441905],[23.6768222,61.6444473],[23.6774516,61.6445718],[23.6780903,61.6445255],[23.6785501,61.6444716],[23.6792095,61.6443636],[23.6794763,61.6445005],[23.6795806,61.6446606],[23.6793824,61.6448108],[23.6793764,61.6449953],[23.6784571,61.6453891],[23.676706,61.6456555],[23.6759733,61.6459169],[23.6755723,61.6462249],[23.6750613,61.6463037],[23.6736485,61.6459576],[23.6729937,61.6459483],[23.6714676,61.6464549],[23.6710609,61.6466724],[23.6709736,61.6469522],[23.6717644,61.6472373],[23.6721055,61.6473888],[23.671377,61.6477091],[23.6696252,61.6478842],[23.6680116,61.6476215],[23.6663293,61.6472958],[23.6654179,61.647334],[23.6640017,61.6470308],[23.6644277,61.6463573],[23.6638553,61.6462598],[23.6639589,61.6461117],[23.6629224,61.6459206],[23.6627309,61.6455601],[23.6623702,61.6456354],[23.6613736,61.6454667],[23.6595063,61.6453586],[23.659367,61.6452202],[23.6596205,61.6448498],[23.6588698,61.6449424],[23.6566763,61.6447016],[23.6558672,61.6453868],[23.6567836,61.6454656],[23.6567251,61.6456554],[23.6580314,61.6458406],[23.6581484,61.6460489],[23.6576122,61.6462341],[23.6576317,61.6465165],[23.6583726,61.646873],[23.6580231,61.6471004],[23.6576578,61.6473382],[23.6562557,61.6472853],[23.6559168,61.6471847],[23.6557558,61.6474216],[23.655265,61.6474492],[23.6550734,61.6475114],[23.6551014,61.6476007],[23.6551255,61.6477408],[23.6550826,61.6479841],[23.6548546,61.6480351],[23.6546996,61.6480268],[23.6546077,61.6479829],[23.6542565,61.6480682],[23.6542189,61.6481204],[23.6540204,61.6481192],[23.65394,61.6481714],[23.6537468,61.6482249],[23.6536156,61.648217],[23.6530246,61.6475746],[23.6530193,61.646607],[23.6524486,61.6465298],[23.6519663,61.6466326],[23.6515954,61.646327],[23.6511827,61.6463664],[23.6508373,61.646569],[23.6493577,61.6466449],[23.6493293,61.6468516],[23.6498438,61.647043],[23.6496583,61.6471259],[23.6493111,61.6471489],[23.649408,61.6472602],[23.6489719,61.6475363],[23.6478413,61.6477242],[23.6477283,61.6479236],[23.6479221,61.6480348],[23.6476798,61.6480923],[23.6476718,61.6482227],[23.6480432,61.6483455],[23.6479463,61.6485717],[23.6473972,61.6486944],[23.647268,61.6491239],[23.6489315,61.6498755],[23.6493111,61.6497413],[23.6496987,61.6498065],[23.6497148,61.6500711],[23.6493111,61.6503472],[23.6485601,61.6506195],[23.6481372,61.6509829],[23.6481547,61.6511512],[23.6478948,61.6513202],[23.6482359,61.6513353],[23.648252,61.6514545],[23.6472902,61.6518644],[23.64636,61.6516564],[23.6463788,61.6514478],[23.6457833,61.6516649],[23.6460616,61.6518988],[23.645879,61.6520916],[23.6455131,61.6521494],[23.6446372,61.6519162],[23.6404913,61.6513683],[23.6388342,61.6512341],[23.6370878,61.6512084],[23.6361346,61.6513034],[23.6355491,61.6513618],[23.6354836,61.6512011],[23.6344944,61.6510813],[23.6341007,61.6511436],[23.6338786,61.6510717],[23.6338383,61.6512395],[23.6320415,61.6519249],[23.6320516,61.6521022],[23.6318396,61.652222],[23.6316983,61.6521453],[23.6310623,61.6521118],[23.6305543,61.652308],[23.630049,61.6520577],[23.6302516,61.65186],[23.6298828,61.6518213],[23.6294758,61.6520012],[23.6284406,61.6517971],[23.6284025,61.6520648],[23.6278682,61.651967],[23.6279601,61.6517866],[23.6276434,61.6517391],[23.6273384,61.6515643],[23.6265339,61.6519287],[23.625811,61.6525824],[23.6244481,61.652898],[23.6239615,61.6529592],[23.6228847,61.6527595],[23.6232787,61.6523165],[23.6233671,61.6517113],[23.6223311,61.6515494],[23.6223255,61.651305],[23.6220658,61.6512952],[23.622015,61.6514921],[23.6209782,61.6515577],[23.6177932,61.6531858],[23.6178031,61.6534471],[23.6156754,61.6533798],[23.6150599,61.6544652],[23.6138161,61.6545017],[23.6138101,61.6548648],[23.6108295,61.6551749],[23.6094585,61.6561333],[23.6083791,61.6561294],[23.6072915,61.6564584],[23.6060304,61.6570795],[23.6064335,61.657281],[23.6049667,61.6578235],[23.6043285,61.6585006],[23.6043848,61.6591292],[23.6027303,61.6597691],[23.6002477,61.6600384],[23.5992902,61.6603526],[23.5976492,61.6606132],[23.5977175,61.6609639],[23.5963926,61.6613083],[23.5952886,61.6613682],[23.5942318,61.6613158],[23.5937271,61.6613981],[23.5935536,61.6615928],[23.5928281,61.6616377],[23.5916294,61.6614206],[23.5908307,61.6613236],[23.5906258,61.6615954],[23.5896621,61.6617767],[23.5894852,61.6616639],[23.5889125,61.6618209],[23.5891686,61.6620242],[23.5871596,61.6627367],[23.5838789,61.6645272],[23.5833453,61.6650546],[23.5823345,61.6655481],[23.5804126,61.6660899],[23.5800693,61.6658305],[23.578698,61.6659854],[23.5786818,61.6662271],[23.5785401,61.6662499],[23.5783342,61.6662619],[23.5782171,61.6662616],[23.578324,61.6660221],[23.5778026,61.6658887],[23.5775641,61.6658276],[23.5761512,61.6660925],[23.574811,61.6653844],[23.5742716,61.6644241],[23.574791,61.6637524],[23.5761785,61.6630601],[23.5777062,61.6615089],[23.5780489,61.6611609],[23.5796291,61.6606108],[23.5808604,61.659967],[23.5814003,61.6598951],[23.5816116,61.6596503],[23.5813542,61.6586823],[23.5794579,61.6583729],[23.579359,61.6580479],[23.5797709,61.6578328],[23.5809001,61.6577933],[23.5825987,61.6581353],[23.5837346,61.6580489],[23.5843959,61.6578777],[23.5846575,61.6576442],[23.5852851,61.6579114],[23.5869587,61.6581062],[23.5871893,61.6584985],[23.5880617,61.6585525],[23.5894762,61.6582226],[23.5906848,61.6576528],[23.5912521,61.657005],[23.59148,61.6570498],[23.5916364,61.65696],[23.5915332,61.6568793],[23.5913152,61.6565998],[23.5912304,61.6562423],[23.591136,61.6562331],[23.5910056,61.6560388],[23.5909483,61.655888],[23.5910073,61.6557972],[23.5910803,61.6556577],[23.5913141,61.6555139],[23.5916366,61.6555104],[23.5916769,61.655465],[23.591155,61.655214],[23.5910235,61.6549284],[23.5898308,61.6551989],[23.5891285,61.6551394],[23.5889632,61.6553188],[23.5877387,61.6555507],[23.5872841,61.6553017],[23.5873255,61.6551847],[23.5875983,61.6551597],[23.5877411,61.6549115],[23.5874119,61.6548716],[23.587374,61.6546137],[23.5869213,61.6545546],[23.5868534,61.654388],[23.5877701,61.6540388],[23.5876569,61.6538078],[23.5878945,61.6535929],[23.58691,61.6531415],[23.5859029,61.6534209],[23.5857445,61.653249],[23.5850881,61.653249],[23.5841602,61.6534961],[23.583436,61.6536788],[23.5830625,61.6535391],[23.5830079,61.6534023],[23.5831467,61.6531456],[23.5827691,61.6530985],[23.582914,61.6529278],[23.5824573,61.6529877],[23.5823912,61.6527788],[23.5826808,61.6525003],[23.5820395,61.6523159],[23.5824801,61.6519017],[23.5822338,61.6519106],[23.5819378,61.6521407],[23.5815378,61.6521171],[23.5814416,61.6523276],[23.5806901,61.6523303],[23.5800049,61.6525602],[23.579452,61.6522253],[23.5790533,61.6522924],[23.5790089,61.6525069],[23.5788913,61.6526602],[23.5782895,61.6527457],[23.5778867,61.6527772],[23.5775976,61.6528919],[23.577471,61.6530567],[23.5772723,61.6529969],[23.5775502,61.6528177],[23.5779435,61.6526894],[23.5785217,61.6526669],[23.5788676,61.6524554],[23.5789671,61.6521112],[23.5792074,61.65198],[23.5793633,61.6515341],[23.5802104,61.6508705],[23.5809961,61.6499786],[23.5812846,61.6498023],[23.5831153,61.6492003],[23.5838306,61.6491713],[23.584161,61.6493171],[23.5847797,61.6499849],[23.585566,61.6499886],[23.5857454,61.6498316],[23.5873553,61.6494481],[23.587741,61.6494982],[23.587645,61.6493227],[23.5890471,61.6491738],[23.5892597,61.6492485],[23.5894947,61.6490588],[23.5906866,61.6490817],[23.5919199,61.6486417],[23.5925393,61.6481022],[23.5925134,61.6478523],[23.5928921,61.6472917],[23.5928289,61.6471368],[23.5926644,61.6470313],[23.592798,61.6468758],[23.592828,61.6462319],[23.5922856,61.6458805],[23.5918031,61.6458703],[23.5912108,61.6454703],[23.5911923,61.645145],[23.5904112,61.6449938],[23.5904118,61.6448875],[23.5902224,61.6448031],[23.5900622,61.6448093],[23.5898852,61.6447641],[23.5897145,61.6446277],[23.5898582,61.6445519],[23.5901796,61.6445138],[23.59072,61.6444721],[23.5907276,61.6444651],[23.5910218,61.6444924],[23.5912517,61.6444654],[23.591761,61.644258],[23.5922545,61.6443296],[23.5924426,61.6442701],[23.5926517,61.6442922],[23.5930198,61.6442106],[23.5937402,61.6439859],[23.5941691,61.6438099],[23.5945225,61.6437172],[23.5950826,61.6437566],[23.5953673,61.6436971],[23.5958494,61.6437088],[23.5962225,61.6438745],[23.5989361,61.6439692],[23.599785,61.6438298],[23.6002813,61.6438025],[23.6004014,61.6438658],[23.6005111,61.6438534],[23.6006835,61.6437291],[23.6017979,61.643755],[23.6025649,61.643595],[23.6032174,61.6432316],[23.603225,61.643047],[23.6033399,61.6428783],[23.6032563,61.64281],[23.6033038,61.6425621],[23.6033058,61.6423853],[23.6034155,61.6422265],[23.6033868,61.6420789],[23.6033084,61.6420454],[23.6034335,61.6419902],[23.6031308,61.6417936],[23.6029766,61.6415191],[23.6030677,61.6412781],[23.6042822,61.6409122],[23.6044995,61.6408854],[23.6047206,61.6409075],[23.6051916,61.6407069],[23.6053928,61.6407601],[23.6060132,61.6407323],[23.6059127,61.6406731],[23.6060642,61.6406309],[23.6062314,61.6406495],[23.6063045,61.6406321],[23.6061295,61.6405577],[23.6063698,61.6405056],[23.6066127,61.6405564],[23.6068911,61.6404206],[23.6065959,61.6403408],[23.6070756,61.640114],[23.606941,61.6400014],[23.6074409,61.6392569],[23.6070936,61.6390037],[23.6058726,61.638943],[23.6052646,61.6390429],[23.6046572,61.639088],[23.6040399,61.6390753],[23.6039164,61.6390179],[23.6036058,61.6391475],[23.6029857,61.6391164],[23.6020287,61.639238],[23.601052,61.6393764],[23.6002641,61.6392373],[23.6002938,61.6391672],[23.6004395,61.6391263],[23.6005984,61.6391248],[23.6008534,61.6387898],[23.6011413,61.6386291],[23.6016949,61.6382801],[23.6022538,61.6381077],[23.6023839,61.6380381],[23.6021639,61.6379114],[23.6032859,61.6379024],[23.604036,61.6377235],[23.604646,61.63791],[23.6047914,61.6378816],[23.6047876,61.6377137],[23.6052975,61.6375356],[23.6054591,61.637567],[23.6055064,61.6374646],[23.6053749,61.6373098],[23.605403,61.6371195],[23.6042608,61.636953],[23.6040133,61.636796],[23.6043446,61.6367279],[23.6048477,61.6365351],[23.6051051,61.6365953],[23.6053527,61.6364779],[23.6051332,61.6363801],[23.6054648,61.6362809],[23.6055589,61.6361784],[23.6053893,61.6359269],[23.6057281,61.6357775],[23.6064947,61.6354742],[23.6065336,61.6353877],[23.6050523,61.6351732],[23.6046424,61.6347979],[23.6048335,61.6342339],[23.6054646,61.6336838],[23.6070825,61.633321],[23.6079936,61.6335995],[23.6083606,61.6334065],[23.6094402,61.633388],[23.6099001,61.6343204],[23.6105553,61.6344788],[23.6116888,61.63418],[23.6120903,61.6342477],[23.6125448,61.6346026],[23.6130302,61.6344373],[23.6132902,61.634643],[23.6137719,61.63449],[23.614192,61.6344523],[23.6148292,61.6347199],[23.6143426,61.6349288],[23.6137389,61.6354284],[23.6138235,61.6357775],[23.6144272,61.6362059],[23.6155472,61.6365562],[23.6155686,61.6367364],[23.6158267,61.6366456],[23.6167036,61.6366496],[23.61763,61.6364711],[23.6178496,61.6369009],[23.618969,61.6369515],[23.6194693,61.6367159],[23.6195062,61.6360887],[23.6192345,61.6360146],[23.6188891,61.6357548],[23.6185686,61.6356782],[23.6182716,61.6351473],[23.617515,61.6347217],[23.6171038,61.6347241],[23.6166185,61.6345604],[23.6164581,61.6346732],[23.6158456,61.6347837],[23.6155589,61.6347994],[23.6161471,61.6342211],[23.6164384,61.6339347],[23.6168721,61.6340102],[23.6173127,61.6339436],[23.6176735,61.633889],[23.6178912,61.6338561],[23.620213,61.6330685],[23.6208368,61.6329746],[23.6212428,61.6329903],[23.621506,61.6331311],[23.6226262,61.6331172],[23.6234045,61.6326879],[23.6238966,61.6327347],[23.6239592,61.6329727],[23.6245069,61.6334034],[23.6246032,61.6334122],[23.6249743,61.6331727],[23.6254986,61.6332943],[23.6256428,61.6329906],[23.6259295,61.6328331],[23.6260268,61.6329047],[23.626241,61.6328127],[23.6264504,61.6327227],[23.6265494,61.6325666],[23.6268473,61.6324772],[23.6269877,61.6323463],[23.6267934,61.6321817],[23.6264258,61.6321528],[23.626763,61.6320371],[23.6269081,61.6320849],[23.6270015,61.6320759],[23.6270411,61.6317102],[23.6266414,61.6317571],[23.626327,61.6316483],[23.6255502,61.6316718],[23.62489,61.6313325],[23.6249439,61.6309484],[23.6253211,61.6309783],[23.6254578,61.6306479],[23.6255726,61.6303702],[23.6253791,61.6301925],[23.6251948,61.6300231],[23.6246309,61.6298329],[23.6245771,61.6298147],[23.6247134,61.6293687],[23.6252032,61.6293053],[23.6252596,61.6291226],[23.6259552,61.6287721],[23.6257049,61.6286108],[23.6251863,61.6282768],[23.6255747,61.6282915],[23.6256146,61.6282651],[23.6259602,61.6280363],[23.6260383,61.6278818],[23.6264446,61.6276833],[23.6266594,61.6277376],[23.6276292,61.6276331],[23.6281541,61.6275766],[23.6300296,61.6279314],[23.6313942,61.6277958],[23.6319197,61.6278008],[23.6333691,61.6286108],[23.6327916,61.6287401],[23.6320079,61.6289156],[23.632291,61.6292611],[23.6329993,61.6293152],[23.6337084,61.6293418],[23.6343185,61.6293674],[23.634859,61.6292862],[23.6353039,61.6292194],[23.6352927,61.6290248],[23.6346895,61.6287295],[23.6346055,61.628598],[23.6345294,61.6284788],[23.6348683,61.6283715],[23.6359866,61.6280002],[23.6362036,61.6277194],[23.6366463,61.627674],[23.6371196,61.6276255],[23.6372598,61.6275896],[23.6373911,61.6270965],[23.6384665,61.6269607],[23.6391385,61.6270684],[23.6392709,61.6270297],[23.6394798,61.6269687],[23.6403524,61.6266782],[23.6413215,61.6268393],[23.6417892,61.6269171],[23.6425974,61.6267038],[23.643684,61.6264264],[23.6456237,61.6269641],[23.6467193,61.627122],[23.6472491,61.6274122],[23.6482549,61.6277365],[23.6489015,61.6277706],[23.6492876,61.6280437],[23.6501766,61.6281376],[23.6514159,61.6284705],[23.6524576,61.6286326],[23.6546577,61.6285515],[23.6557353,61.628782],[23.6568309,61.6288374],[23.6578097,61.6287692],[23.6583701,61.6290284],[23.6589611,61.6291295],[23.6596416,61.6290679],[23.6610156,61.6290636],[23.6618687,61.6288118],[23.6627128,61.6284406],[23.6632426,61.6274164],[23.6638174,61.6270537],[23.6654248,61.6267763],[23.6657391,61.627011],[23.6667159,61.6269149],[23.6673457,61.6269621],[23.6676772,61.6270724],[23.6683882,61.6274463],[23.668936,61.6274378],[23.6693491,61.62725],[23.6691695,61.6270196],[23.669394,61.6269001],[23.6697891,61.6270409],[23.6701932,61.6269043],[23.6696993,61.6267573],[23.6688732,61.6267251],[23.6686307,61.626644],[23.668487,61.626341],[23.6687025,61.6261447],[23.670768,61.6261319],[23.6718007,61.6261447],[23.6724203,61.6258844],[23.6735877,61.6258204],[23.6745845,61.6260893],[23.6755543,61.6259356],[23.6768565,61.6262002],[23.6789308,61.6259954],[23.6801881,61.6261447],[23.6810232,61.6259612],[23.6826682,61.6262274],[23.6830499,61.6263903],[23.683719,61.6264667],[23.6842111,61.6263965],[23.6847729,61.6263159],[23.6846904,61.6258737],[23.6848266,61.6253947],[23.6850321,61.6252751],[23.6855492,61.6253936],[23.685612,61.6252784],[23.6855578,61.6251221],[23.6852061,61.6250468],[23.684882,61.6250306],[23.6844004,61.6248564],[23.6832508,61.6247155],[23.6828821,61.6245188],[23.6822804,61.624348],[23.6817865,61.6243224],[23.6812926,61.6243224],[23.6802406,61.6242211],[23.6797102,61.6241423],[23.6791799,61.623969],[23.6787158,61.6237169],[23.6780859,61.6234806],[23.6775423,61.6231435],[23.6776429,61.6228697],[23.6778672,61.6224845],[23.6782942,61.6222609],[23.6786402,61.6218843],[23.6788472,61.6214698],[23.6789935,61.6212764],[23.6785638,61.6211211],[23.6785646,61.621064],[23.678456,61.6209619],[23.6786754,61.6207569],[23.6791232,61.6208177],[23.6791384,61.620793],[23.6798202,61.6208658],[23.6798399,61.6208214],[23.6791964,61.6207419],[23.6792026,61.620711],[23.6788239,61.6206189],[23.678752,61.6205184],[23.6788092,61.6204381],[23.6792163,61.6203583],[23.6796085,61.6200796],[23.6801712,61.6196995],[23.6806025,61.6193415],[23.6805993,61.6189042],[23.6811341,61.6186897],[23.681162,61.6185571],[23.6814018,61.6183911],[23.6812506,61.6182294],[23.6813369,61.6179331],[23.6807651,61.6178714],[23.6808509,61.6174708],[23.6806004,61.6171564],[23.6803499,61.6169679],[23.6802898,61.6167473],[23.679888,61.6166762],[23.6797857,61.6165824],[23.6796139,61.6165599],[23.6792121,61.6166038],[23.6782098,61.6165645],[23.677035,61.6165283],[23.6766477,61.6165494],[23.6762985,61.6168543],[23.6765525,61.6169539],[23.6765525,61.6172587],[23.6761842,61.6174217],[23.6755428,61.6175998],[23.6748761,61.6176391],[23.674711,61.6174972],[23.6739173,61.6175153],[23.6735871,61.6176481],[23.6729521,61.6176602],[23.6727425,61.6177658],[23.6723869,61.617796],[23.6723869,61.6176572],[23.671536,61.61763],[23.6711868,61.6177538],[23.6705709,61.6176632],[23.6691993,61.6177477],[23.6685834,61.6177538],[23.6681706,61.617787],[23.6673451,61.6178564],[23.6667038,61.6178896],[23.6664117,61.6176934],[23.666672,61.6175938],[23.6662974,61.6174368],[23.6669959,61.6171078],[23.6666339,61.6168935],[23.6669959,61.6165977],[23.667288,61.6165916],[23.6674023,61.616483],[23.6672372,61.6163985],[23.667415,61.6161751],[23.6672689,61.6160755],[23.667942,61.6161509],[23.6679484,61.6160423],[23.6676753,61.6159276],[23.6679547,61.6157827],[23.6683103,61.6158189],[23.6680627,61.6156559],[23.6682722,61.6155834],[23.6684056,61.615351],[23.6689643,61.6148197],[23.6684437,61.6145571],[23.6681706,61.6144937],[23.6681643,61.6143699],[23.6683357,61.6140711],[23.6684754,61.6142341],[23.6688564,61.614551],[23.6694215,61.6146658],[23.6700502,61.615031],[23.6704502,61.6151035],[23.6711043,61.6151276],[23.6721647,61.6151699],[23.673041,61.6152272],[23.6735871,61.6152876],[23.6744316,61.6151669],[23.6751618,61.6151548],[23.6761207,61.6150642],[23.676635,61.6150431],[23.6771684,61.6150069],[23.6780193,61.6149646],[23.6788511,61.6146567],[23.6791242,61.614385],[23.6791686,61.6138326],[23.6788829,61.6134884],[23.6784765,61.6129722],[23.6782098,61.6126099],[23.6779355,61.6123636],[23.6775055,61.6123538],[23.6769935,61.6122954],[23.6760728,61.6121635],[23.6751712,61.6118556],[23.674714,61.6116684],[23.6742822,61.6114812],[23.6737234,61.6112216],[23.6733297,61.6111008],[23.6729233,61.6110767],[23.6724026,61.6107325],[23.6724915,61.6104004],[23.6723899,61.6100381],[23.6719835,61.6098569],[23.6714501,61.6097483],[23.671099,61.6097757],[23.6698881,61.609869],[23.6697832,61.6098495],[23.668834,61.6096516],[23.6669544,61.6095309],[23.6665607,61.6093075],[23.6662102,61.6094449],[23.6660573,61.6093562],[23.6658014,61.6093794],[23.6657155,61.6096207],[23.6655538,61.6098021],[23.6654236,61.6099324],[23.665228,61.6102081],[23.6656492,61.6107962],[23.6648335,61.6108976],[23.6646309,61.6106187],[23.6641138,61.6104945],[23.6637086,61.6103069],[23.6632661,61.610132],[23.6630262,61.6098202],[23.662669,61.6092448],[23.6625837,61.6088899],[23.6625463,61.6086263],[23.6616744,61.6088243],[23.66141,61.6087578],[23.6599606,61.6085451],[23.6594488,61.6082536],[23.6595024,61.6080735],[23.6598328,61.6080844],[23.6597319,61.6079316],[23.6605737,61.607526],[23.6604618,61.607161],[23.6601526,61.6069252],[23.6597047,61.6067858],[23.6591982,61.6066666],[23.6585691,61.6065221],[23.6585531,61.6064283],[23.6579347,61.6061266],[23.6575508,61.6058199],[23.6576714,61.6052454],[23.6580523,61.6046998],[23.6582542,61.6041761],[23.659429,61.6040604],[23.6601082,61.6040626],[23.6606084,61.6040626],[23.6613563,61.6042045],[23.6617923,61.6040844],[23.6616455,61.6038989],[23.6619896,61.6037767],[23.6622166,61.6033702],[23.661689,61.6030495],[23.6609014,61.6030536],[23.6605642,61.6029002],[23.6604097,61.603178],[23.659243,61.6032692],[23.6587518,61.6032013],[23.6573319,61.6035368],[23.6563442,61.6039004],[23.6556029,61.604169],[23.6544566,61.6043848],[23.6540913,61.6046054],[23.6538732,61.6048069],[23.6533678,61.6048553],[23.6528856,61.6050707],[23.6534496,61.6056462],[23.6534143,61.6062001],[23.6533437,61.6064016],[23.6530261,61.6067037],[23.6526731,61.6069387],[23.6522219,61.6071923],[23.6509279,61.6074353],[23.6497528,61.6076145],[23.6487151,61.6076342],[23.6479165,61.6072655],[23.6474075,61.606858],[23.6469501,61.6064208],[23.6464001,61.6065712],[23.6448712,61.606598],[23.6429625,61.6069766],[23.6406901,61.6071064],[23.6402517,61.6072255],[23.6396567,61.6073447],[23.6393435,61.6074638],[23.6389051,61.607568],[23.6384979,61.6075978],[23.6380223,61.6077281],[23.6375473,61.6078519],[23.6370078,61.6080267],[23.6367366,61.6082439],[23.6374447,61.6093041],[23.6372779,61.6094727],[23.6376384,61.6098295],[23.637518,61.6099391],[23.6376638,61.6100924],[23.6381114,61.6101124],[23.6388811,61.6104132],[23.6390433,61.6107349],[23.6387651,61.6107768],[23.6370993,61.6102126],[23.6360724,61.6102763],[23.6341934,61.6100508],[23.6332252,61.610019],[23.632123,61.610042],[23.6319124,61.6099484],[23.6315136,61.6100514],[23.6306746,61.6098591],[23.6302026,61.6097656],[23.6297896,61.6096534],[23.6294553,61.6096253],[23.6291407,61.609616],[23.6288875,61.6095673],[23.6286328,61.6096113],[23.6282161,61.6096224],[23.6280077,61.6095563],[23.6274583,61.6094611],[23.6263582,61.6095279],[23.6256952,61.6096204],[23.6251874,61.6095312],[23.6236179,61.6095775],[23.6230339,61.6098283],[23.6218904,61.6098097],[23.6217831,61.6099823],[23.6210675,61.6100938],[23.6201498,61.6100466],[23.6200894,61.6099003],[23.6196279,61.6097058],[23.6196316,61.6097838],[23.619334,61.6098577],[23.618686,61.6097107],[23.6186188,61.6095781],[23.6174732,61.6092949],[23.6162283,61.6093604],[23.6157531,61.6096208],[23.6159817,61.6098445],[23.6153659,61.6100838],[23.6151086,61.6099557],[23.6147095,61.6100623],[23.614609,61.6102399],[23.6142418,61.6103968],[23.6138381,61.6106863],[23.6128798,61.6109378],[23.6126092,61.610894],[23.6110821,61.6113852],[23.6109719,61.611634],[23.6104288,61.6119885],[23.610308,61.6125573],[23.6102438,61.6128145],[23.6102893,61.6129145],[23.6100355,61.613032],[23.6099404,61.6131207],[23.6100304,61.6132114],[23.6102191,61.6133261],[23.6102349,61.6134431],[23.6102666,61.6136237],[23.6099356,61.6136845],[23.6097155,61.6136799],[23.6095747,61.6134644],[23.6093586,61.613553],[23.609272,61.613739],[23.6087684,61.6137292],[23.6084412,61.6135496],[23.6080956,61.6134842],[23.6078126,61.6136301],[23.6076992,61.6133918],[23.6077216,61.6132948],[23.6077871,61.6130601],[23.6075796,61.6130362],[23.6076114,61.6128191],[23.6076828,61.6127838],[23.6078109,61.61286],[23.6081815,61.6127954],[23.6085429,61.6127398],[23.6092675,61.6128556],[23.6095439,61.6128604],[23.609458,61.6127684],[23.6095937,61.6127032],[23.6097106,61.6127104],[23.609877,61.6126603],[23.6099344,61.6125801],[23.6097529,61.6123812],[23.6095376,61.6122712],[23.6095374,61.612143],[23.6094112,61.6120966],[23.6093481,61.6120223],[23.6087947,61.6118149],[23.6088691,61.6117222],[23.6088689,61.6116559],[23.6086025,61.6115075],[23.6086085,61.6112173],[23.6088264,61.611141],[23.6090395,61.6108427],[23.6092343,61.6108232],[23.609257,61.6107943],[23.6092129,61.6107696],[23.6090707,61.6107617],[23.6089994,61.6107347],[23.6089837,61.6105252],[23.6090283,61.6104732],[23.6090783,61.610267],[23.6091402,61.6102196],[23.6091651,61.6100904],[23.6092761,61.6099641],[23.6093222,61.6098378],[23.6098149,61.6096149],[23.6098337,61.6095158],[23.6098954,61.6094736],[23.6100557,61.6094554],[23.6102714,61.609458],[23.6106862,61.6093868],[23.6107798,61.6093707],[23.6109801,61.6093039],[23.6111102,61.6092276],[23.6111691,61.6091631],[23.6111849,61.609037],[23.611315,61.608937],[23.6117541,61.6088834],[23.6118376,61.6088183],[23.6119177,61.6086962],[23.6120292,61.6086467],[23.6119831,61.60864],[23.6118996,61.6086279],[23.6117624,61.6085854],[23.6114228,61.6085718],[23.6113301,61.6085365],[23.61118,61.6084345],[23.611156,61.6083643],[23.61116,61.6082999],[23.6110414,61.6079489],[23.6110625,61.6078958],[23.6111294,61.6078526],[23.6111119,61.607803],[23.6109744,61.6077731],[23.61092,61.6077279],[23.6109114,61.6075712],[23.6109554,61.6075336],[23.6110472,61.6075072],[23.6114283,61.6074812],[23.611643,61.607481],[23.6116619,61.6074535],[23.6116311,61.6074244],[23.6114923,61.6074245],[23.6113532,61.6074437],[23.6109725,61.607438],[23.6109135,61.6074135],[23.6109243,61.6073209],[23.6109914,61.6072937],[23.6113387,61.6072814],[23.6115419,61.6072586],[23.6115389,61.607223],[23.6113818,61.6072052],[23.6110833,61.6072359],[23.6109341,61.6072295],[23.6108488,61.6072034],[23.6108302,61.6070717],[23.6107995,61.6069784],[23.6108546,61.6068979],[23.6110304,61.6066937],[23.6111804,61.606457],[23.6113383,61.6063775],[23.6113728,61.6062827],[23.611738,61.606116],[23.6119383,61.6059821],[23.6120986,61.6058344],[23.6122248,61.6057386],[23.6126907,61.605648],[23.6128588,61.6056384],[23.6130481,61.6056591],[23.6132162,61.6057354],[23.6133568,61.6057381],[23.613452,61.6057311],[23.6135668,61.6057983],[23.613901,61.605815],[23.6138992,61.6057539],[23.6140116,61.6057386],[23.6142231,61.6057602],[23.6146692,61.6057018],[23.6149489,61.6055985],[23.6152834,61.605599],[23.6155072,61.6055437],[23.615632,61.6054514],[23.6157361,61.6054285],[23.6158447,61.6054372],[23.6160158,61.605376],[23.6164978,61.6053386],[23.6165848,61.6054049],[23.6169691,61.6053332],[23.6173889,61.6054518],[23.6178146,61.6054775],[23.6179254,61.6055267],[23.6180264,61.6055118],[23.6181371,61.6054573],[23.6186123,61.605428],[23.6189854,61.6053191],[23.619001,61.6052421],[23.618965,61.6051847],[23.6190213,61.6051678],[23.619191,61.6052032],[23.619283,61.6050677],[23.6192865,61.6049881],[23.6192652,61.6049153],[23.6194266,61.6048513],[23.619595,61.604752],[23.6201891,61.6045059],[23.620597,61.604251],[23.6207276,61.6039668],[23.6206043,61.6038472],[23.6204464,61.6035275],[23.6205523,61.6028168],[23.6205226,61.6026335],[23.6205153,61.6024483],[23.6203698,61.6023615],[23.6203341,61.6022156],[23.6204272,61.6021045],[23.62036,61.6020169],[23.6207626,61.6017486],[23.6209976,61.6013788],[23.6210596,61.6013024],[23.6209304,61.6012261],[23.62106,61.6011615],[23.6212578,61.600718],[23.6216896,61.6004265],[23.6219848,61.6002372],[23.6221826,61.6001104],[23.6221558,61.6000215],[23.6223215,61.5999909],[23.6224797,61.5999616],[23.6224744,61.5998997],[23.6227354,61.5998399],[23.6231912,61.5998603],[23.6234638,61.5998337],[23.6238177,61.5998574],[23.6238982,61.5998956],[23.6240926,61.5999145],[23.6243065,61.5998546],[23.624507,61.5998441],[23.6245245,61.5997542],[23.6247431,61.5997468],[23.6248484,61.5997044],[23.6249498,61.599747],[23.6252383,61.5997432],[23.6257293,61.5997406],[23.62592,61.5997364],[23.6260234,61.5997865],[23.6261565,61.5997844],[23.626223,61.5995669],[23.6263742,61.5994059],[23.6263928,61.5993563],[23.6262886,61.5993353],[23.6262982,61.5992802],[23.6263888,61.5992756],[23.6265009,61.5993079],[23.6265105,61.5993622],[23.6264804,61.59942],[23.626519,61.5994476],[23.626608,61.5994703],[23.6266193,61.599627],[23.6263718,61.5996481],[23.6263178,61.5997289],[23.6261136,61.5998938],[23.6260167,61.599904],[23.6259308,61.5998728],[23.6258182,61.599889],[23.6257136,61.5999099],[23.625833,61.6000071],[23.6260026,61.6000378],[23.6259818,61.6005508],[23.6260881,61.6006801],[23.6264027,61.600822],[23.6264849,61.6008521],[23.6264974,61.6009332],[23.6265752,61.6010654],[23.6264062,61.6011492],[23.6257849,61.6012729],[23.6252946,61.6014094],[23.6248814,61.6017761],[23.6246064,61.6018779],[23.6245403,61.6020624],[23.624282,61.6022681],[23.6242543,61.6024662],[23.6241346,61.6025519],[23.623736,61.6025943],[23.6238108,61.6026653],[23.6238161,61.6027506],[23.6236203,61.6027702],[23.6235706,61.6028005],[23.6235934,61.6028537],[23.6239099,61.6028625],[23.6242586,61.6028159],[23.6243363,61.6028818],[23.6245187,61.6028568],[23.6246394,61.6028723],[23.6247118,61.6029108],[23.6246873,61.6031134],[23.624547,61.6031609],[23.6244671,61.6032587],[23.6245776,61.6033999],[23.6247829,61.6034598],[23.6251615,61.6033291],[23.6254436,61.6033463],[23.625602,61.6034304],[23.6257389,61.6035808],[23.6259994,61.6037552],[23.626098,61.6039277],[23.626084,61.6040709],[23.6262069,61.6041787],[23.6261788,61.6042746],[23.626003,61.6043388],[23.6257271,61.604382],[23.6255222,61.6044508],[23.6252319,61.6044814],[23.6249688,61.6045566],[23.6246949,61.604591],[23.6243488,61.6047886],[23.6241154,61.6052222],[23.624063,61.6054616],[23.6237809,61.6057577],[23.6236556,61.6058193],[23.6234579,61.6058299],[23.6232888,61.6059356],[23.6232982,61.6060063],[23.623445,61.6060199],[23.6235587,61.6061097],[23.6235324,61.6061584],[23.6233931,61.6061572],[23.6232512,61.6061433],[23.6232574,61.6061671],[23.6233463,61.6061918],[23.6233324,61.6062439],[23.623254,61.6062883],[23.6232261,61.6064996],[23.6234114,61.6065737],[23.6234236,61.6066401],[23.6237033,61.6067217],[23.6238485,61.6068136],[23.6240351,61.6068168],[23.6241176,61.6069204],[23.6239899,61.6069505],[23.6239642,61.607024],[23.6240788,61.6070478],[23.6241881,61.607046],[23.6243191,61.6069731],[23.6245885,61.6069825],[23.6246969,61.6069613],[23.6252445,61.6070473],[23.6255802,61.607132],[23.6265278,61.6071277],[23.6269748,61.6070542],[23.6280995,61.6070531],[23.6282944,61.6070749],[23.6287486,61.6070577],[23.6289252,61.6070751],[23.6291554,61.6070593],[23.6293476,61.607089],[23.6296491,61.6071369],[23.6299344,61.6072257],[23.6300872,61.6073378],[23.6302183,61.6074212],[23.6302422,61.6076781],[23.6303149,61.60774],[23.6303178,61.6078529],[23.6309362,61.6079717],[23.6314018,61.6080815],[23.6318846,61.6082265],[23.6318858,61.60807],[23.632113,61.6080399],[23.6325011,61.608043],[23.6327005,61.6081156],[23.6327282,61.6082493],[23.6328899,61.6083201],[23.6330926,61.6082778],[23.6332685,61.6083425],[23.6335677,61.6082237],[23.6336744,61.6082318],[23.6343071,61.6079642],[23.6344492,61.6079937],[23.634488,61.6079549],[23.6344731,61.6079007],[23.6347067,61.607867],[23.6349978,61.6077112],[23.6350146,61.6076269],[23.6351973,61.6075631],[23.635294,61.6075643],[23.6355074,61.6074693],[23.6356295,61.6074533],[23.6357869,61.6070893],[23.6359122,61.6070213],[23.6359001,61.6069706],[23.6358291,61.6069275],[23.6357647,61.6068379],[23.6356869,61.6067268],[23.6355072,61.6066438],[23.6353858,61.6065712],[23.635377,61.6064259],[23.6354869,61.6063506],[23.6357095,61.6062219],[23.6360082,61.6060646],[23.6359948,61.605949],[23.636491,61.60583],[23.6374495,61.605724],[23.6375253,61.6056036],[23.6384646,61.6054429],[23.6386687,61.6053279],[23.6389436,61.6053475],[23.6391089,61.6052543],[23.639359,61.605242],[23.6402661,61.6048538],[23.6402286,61.604719],[23.6406828,61.6044475],[23.6407418,61.6043707],[23.6409,61.6044548],[23.6412045,61.6044177],[23.6416162,61.6045337],[23.6417753,61.6044618],[23.6416456,61.6043493],[23.6417096,61.6041655],[23.6416233,61.6040378],[23.6413006,61.6039528],[23.641048,61.6039791],[23.6409028,61.6039647],[23.6408572,61.6039156],[23.6409319,61.603843],[23.6415912,61.603865],[23.6418431,61.6037541],[23.6418582,61.6036744],[23.6416392,61.6035285],[23.641643,61.603464],[23.6413936,61.6033695],[23.641084,61.6031622],[23.6413094,61.6030024],[23.6419276,61.6028645],[23.6422977,61.6029233],[23.6426115,61.6028711],[23.642861,61.602972],[23.6430733,61.6029115],[23.6431355,61.602726],[23.6431708,61.602585],[23.6433481,61.6026317],[23.6434326,61.6026261],[23.6433001,61.6025537],[23.6433436,61.6025156],[23.6434914,61.6024501],[23.6436425,61.6023274],[23.6435985,61.60217],[23.6439386,61.602161],[23.6443194,61.6020514],[23.6447643,61.6019597],[23.6449848,61.6019534],[23.6453028,61.6018312],[23.6453095,61.6017498],[23.6451699,61.6015795],[23.6452655,61.6014211],[23.6452645,61.601135],[23.6453855,61.6009707],[23.645629,61.6008745],[23.6459175,61.6008264],[23.6460839,61.6006796],[23.6463213,61.6006035],[23.6465506,61.6006628],[23.6466159,61.6005736],[23.6465512,61.6003104],[23.6466711,61.6001912],[23.6466213,61.6000388],[23.6467179,61.5998902],[23.6468287,61.599892],[23.6470303,61.5999934],[23.6471036,61.5999801],[23.6471123,61.5999428],[23.6469466,61.5998568],[23.6469939,61.5998331],[23.6470463,61.5998068],[23.6479925,61.5996429],[23.6482134,61.5997135],[23.6483529,61.5997365],[23.6484414,61.5996803],[23.648589,61.5996969],[23.6487955,61.5996612],[23.6489001,61.5997046],[23.6489832,61.5997684],[23.649289,61.5997582],[23.649517,61.5997901],[23.649973,61.5997824],[23.6501178,61.5997531],[23.6503494,61.59979],[23.6505416,61.5997569],[23.6506408,61.5998143],[23.6507669,61.5998079],[23.6508822,61.5998985],[23.6509627,61.5999355],[23.651078,61.6000006],[23.6512631,61.6000108],[23.6513811,61.5999776],[23.6515367,61.6000018],[23.6516574,61.6000465],[23.6516781,61.6001491],[23.6517204,61.6005148],[23.6518076,61.6006384],[23.6519922,61.6007942],[23.6521348,61.6008208],[23.6523615,61.6007888],[23.6524782,61.6007124],[23.6526471,61.6006626],[23.6528201,61.6005802],[23.6530951,61.6005631],[23.6532158,61.6005836],[23.6535609,61.6006002],[23.6539469,61.600735],[23.6540043,61.6007851],[23.6539882,61.6008846],[23.6540902,61.6009471],[23.6541439,61.6010453],[23.6542726,61.6010734],[23.654573,61.6010492],[23.6549163,61.6010951],[23.6551416,61.6011768],[23.6553133,61.6011895],[23.6555627,61.6011793],[23.6558637,61.6012097],[23.6573864,61.6010279],[23.6577397,61.6010058],[23.6586231,61.6008119],[23.658945,61.6007366],[23.6591835,61.6006542],[23.6600088,61.6004116],[23.660152,61.600331],[23.6603853,61.6003284],[23.6606401,61.6002034],[23.6607769,61.6001052],[23.6609513,61.6000809],[23.6609547,61.599964],[23.660844,61.5999355],[23.6606562,61.5999572],[23.6604728,61.5999594],[23.6601147,61.5998985],[23.6600205,61.5998194],[23.6600052,61.5997296],[23.6601303,61.5995567],[23.6601371,61.5995229],[23.6601387,61.5995053],[23.6601439,61.5994559],[23.660041,61.5993443],[23.6599033,61.5993285],[23.6598194,61.5992938],[23.6598205,61.5992006],[23.6598355,61.5990795],[23.659991,61.5990131],[23.6603853,61.5987707],[23.6605087,61.5986368],[23.6605557,61.5985455],[23.6606857,61.5985041],[23.6606911,61.5984607],[23.6606187,61.5984301],[23.6605248,61.5984365],[23.6603585,61.5983701],[23.6603681,61.5982102],[23.6605409,61.5980869],[23.6608386,61.5980295],[23.6616902,61.5977123],[23.6619343,61.596954],[23.6627117,61.5960133],[23.6626035,61.5958657],[23.6623531,61.5957072],[23.6623111,61.5956475],[23.6624935,61.5956067],[23.662743,61.595613],[23.662951,61.595534],[23.6631839,61.5953942],[23.6633122,61.5952934],[23.6631476,61.5952809],[23.6628964,61.5952617],[23.6625655,61.5951626],[23.6620993,61.5951387],[23.6621373,61.5950688],[23.6621751,61.5950074],[23.6623615,61.5948012],[23.6632416,61.5950156],[23.665595,61.5948911],[23.6667507,61.5949897],[23.6670524,61.5951937],[23.6663748,61.5959107],[23.6661774,61.5964057],[23.6661088,61.5965777],[23.6661471,61.596762],[23.6665701,61.5969787],[23.6671884,61.5971335],[23.668132,61.5971644],[23.6681971,61.5974585],[23.6696766,61.5973703],[23.6712748,61.5974133],[23.6720345,61.5976354],[23.6727171,61.5975905],[23.6742348,61.5977924],[23.6751622,61.5981418],[23.6752689,61.5986615],[23.6758231,61.5991448],[23.6770936,61.5993356],[23.6776826,61.5991368],[23.6800169,61.5992373],[23.6809946,61.5992806],[23.6819589,61.5994349],[23.6833115,61.5994385],[23.6855688,61.5996159],[23.6856995,61.5996843],[23.6860033,61.5998233],[23.6865379,61.6000159],[23.6869585,61.6000498],[23.6873182,61.6001207],[23.6876787,61.6000267],[23.6881226,61.5998579],[23.6887553,61.5996895],[23.6892531,61.599494],[23.6891933,61.5993753],[23.6891061,61.5991416],[23.6889278,61.5988813],[23.6888307,61.5986721],[23.688589,61.5986008],[23.6879364,61.598357],[23.6869585,61.5975514],[23.686652,61.5974344],[23.6868514,61.5971802],[23.6873118,61.5972147],[23.6878878,61.597466],[23.6884582,61.5974005],[23.6890636,61.5969579],[23.6899975,61.5968749],[23.6903958,61.596973],[23.690655,61.5971318],[23.6913841,61.5971782],[23.6916173,61.597186],[23.6917392,61.597135],[23.6919196,61.5971376],[23.6923877,61.5970304],[23.6923449,61.5969679],[23.6923863,61.5969255],[23.6925061,61.5969217],[23.6926379,61.5968865],[23.6927098,61.5968275],[23.6927094,61.5967541],[23.6926764,61.5966988],[23.6926238,61.5966355],[23.6925591,61.5966209],[23.6925647,61.5965777],[23.6923871,61.5964897],[23.6922225,61.5963086],[23.691724,61.5961167],[23.6912925,61.5960008],[23.6911984,61.5959319],[23.691028,61.5958994],[23.6908097,61.59576],[23.6906862,61.5957404],[23.6906962,61.5956964],[23.6907539,61.5956525],[23.6906299,61.5955453],[23.6902423,61.5954609],[23.6899531,61.5955323],[23.689549,61.5954538],[23.6893719,61.5953518],[23.6892118,61.5953308],[23.689079,61.5952483],[23.6889582,61.5952453],[23.6886893,61.5950932],[23.6883663,61.5949584],[23.6880826,61.5949603],[23.6880509,61.5949127],[23.688154,61.5948975],[23.6881755,61.5948541],[23.6882404,61.5948453],[23.6882488,61.5947864],[23.688489,61.5947147],[23.6885044,61.594654],[23.6888029,61.5946419],[23.6888613,61.5946051],[23.6887972,61.5945523],[23.6886899,61.5945503],[23.6885459,61.5944641],[23.688438,61.5943635],[23.6884888,61.594243],[23.6885396,61.5941347],[23.6886565,61.5941141],[23.6888981,61.5941281],[23.6894291,61.5942413],[23.689517,61.5941819],[23.6895268,61.5940934],[23.6896339,61.5939905],[23.6895938,61.5939329],[23.6896674,61.5938677],[23.689741,61.5938551],[23.6897815,61.5938105],[23.6896867,61.59377],[23.6897884,61.5936059],[23.6897498,61.5935056],[23.6897538,61.5934013],[23.6898769,61.5933686],[23.689912,61.5932974],[23.6900229,61.5932996],[23.6901432,61.5932509],[23.6903028,61.5932437],[23.6905138,61.5931809],[23.6907706,61.593188],[23.6908864,61.5930636],[23.6907632,61.5930267],[23.6907511,61.5929597],[23.6906844,61.5929524],[23.6906454,61.5929981],[23.6905538,61.5930097],[23.690367,61.5930063],[23.6902041,61.5929528],[23.6901934,61.5928157],[23.6897508,61.5926237],[23.6895042,61.5925453],[23.6893791,61.5924125],[23.68934,61.5924435],[23.689391,61.5925372],[23.6892777,61.5925452],[23.6888772,61.5923723],[23.6887528,61.592321],[23.6885525,61.5922806],[23.6882633,61.5923266],[23.6880804,61.5923365],[23.6871353,61.5924801],[23.6869101,61.5925278],[23.6865218,61.5925231],[23.6863826,61.5924849],[23.6861747,61.5924813],[23.6859299,61.5925533],[23.685852,61.5926288],[23.6859228,61.5927706],[23.6860341,61.5927964],[23.6860619,61.5928438],[23.686007,61.592898],[23.6858763,61.592927],[23.6859411,61.5929812],[23.6859189,61.5930175],[23.6858205,61.5930155],[23.68554,61.5930605],[23.6852976,61.5930421],[23.6851467,61.5930559],[23.6849151,61.5930569],[23.684676,61.5930398],[23.6844708,61.5930128],[23.6843033,61.5929625],[23.6842792,61.592898],[23.6841551,61.5929168],[23.684081,61.5928597],[23.6838703,61.5928242],[23.6837371,61.5927352],[23.6835656,61.59266],[23.6835716,61.5925819],[23.683485,61.5925699],[23.683404,61.5924931],[23.6833875,61.5923639],[23.6834339,61.5923129],[23.6835682,61.5922908],[23.6837017,61.5922305],[23.6839281,61.5922562],[23.6840902,61.5922369],[23.6842388,61.5922336],[23.6842656,61.5921596],[23.6844002,61.5921594],[23.6845074,61.5922074],[23.6847892,61.5921553],[23.6848053,61.5920866],[23.6853487,61.5919711],[23.6853675,61.5919248],[23.6854826,61.5919301],[23.6856462,61.5918459],[23.6857089,61.5916939],[23.6856363,61.5915966],[23.6854574,61.5915055],[23.6854592,61.5914631],[23.6854261,61.5914437],[23.6854025,61.5914299],[23.6853072,61.5914609],[23.6849459,61.5912919],[23.6848958,61.5912254],[23.6848878,61.5912148],[23.6847788,61.5912012],[23.684541,61.5911123],[23.684378,61.5910899],[23.6842106,61.5910723],[23.6841613,61.5910419],[23.6838497,61.5910447],[23.6835621,61.5910219],[23.6832411,61.5909628],[23.6830707,61.590885],[23.6829863,61.5908747],[23.6828971,61.5908984],[23.6827522,61.5908687],[23.6824884,61.5909098],[23.6823466,61.5909009],[23.6820445,61.590978],[23.6818223,61.5909675],[23.681716,61.5909441],[23.6814926,61.5909138],[23.6814055,61.5908451],[23.6814073,61.5907346],[23.6814417,61.5906907],[23.6813704,61.5906369],[23.6813709,61.5905854],[23.6816281,61.5905199],[23.6817401,61.5904705],[23.6818594,61.5904703],[23.6819525,61.5905236],[23.6821065,61.5905309],[23.6822606,61.5905837],[23.6824147,61.5905668],[23.6826243,61.5904902],[23.6828292,61.5904635],[23.6828351,61.5904214],[23.6829766,61.590423],[23.6830067,61.5904034],[23.6828832,61.5903776],[23.6829087,61.5903125],[23.6829095,61.5902628],[23.6827764,61.5901586],[23.6825443,61.5901032],[23.68239,61.5900596],[23.6822476,61.5900706],[23.6821617,61.5900311],[23.6822131,61.5898691],[23.6823218,61.5897775],[23.6824337,61.5897305],[23.6827453,61.5897048],[23.6828916,61.5896675],[23.6831047,61.5896688],[23.6833625,61.5896873],[23.6835296,61.5897454],[23.6840982,61.589795],[23.6844542,61.5898752],[23.6853138,61.5899077],[23.6856696,61.5898569],[23.6862704,61.5898212],[23.6865988,61.5898424],[23.6868519,61.5897743],[23.6870449,61.5897757],[23.6871735,61.589709],[23.6874091,61.5897063],[23.6876357,61.5896458],[23.6877757,61.5896514],[23.6881157,61.5896197],[23.6882995,61.5896769],[23.6888566,61.5896617],[23.6892988,61.5895379],[23.6897573,61.5895504],[23.6898915,61.5895153],[23.6898497,61.5894047],[23.6900834,61.5893085],[23.6904044,61.5893152],[23.6905665,61.589379],[23.6905806,61.589477],[23.6906247,61.5895076],[23.6909263,61.5895082],[23.691052,61.5895568],[23.6914835,61.5895559],[23.6919861,61.5895093],[23.692738,61.5895223],[23.6929008,61.5895175],[23.693042,61.5894433],[23.6927494,61.5893051],[23.692547,61.5892955],[23.6923803,61.5891887],[23.6923861,61.5891154],[23.6927009,61.5890115],[23.6931022,61.588983],[23.6931452,61.5890249],[23.6932576,61.5890171],[23.6933528,61.5889725],[23.6934789,61.5889426],[23.6934993,61.5888746],[23.6936315,61.5888116],[23.6935964,61.5887058],[23.6936792,61.5886887],[23.6936591,61.5886186],[23.6933727,61.5886016],[23.693112,61.5884008],[23.6929114,61.5884246],[23.6922452,61.5886455],[23.6921841,61.5886154],[23.6920104,61.5886204],[23.692075,61.5886671],[23.6919296,61.5887197],[23.6916322,61.5887163],[23.6911257,61.5888634],[23.69098,61.5888051],[23.6909287,61.5886691],[23.6912399,61.5885818],[23.6914094,61.5885864],[23.6914159,61.5884481],[23.6912572,61.5884247],[23.6912826,61.5882161],[23.6912221,61.588077],[23.6912556,61.5879375],[23.6914253,61.5879514],[23.6917195,61.5880081],[23.6915411,61.5879371],[23.6914657,61.5878823],[23.6913149,61.5878587],[23.6912903,61.5874773],[23.6914891,61.5874481],[23.691645,61.5873739],[23.6917854,61.587241],[23.6910974,61.5869605],[23.6908171,61.586928],[23.690585,61.5867875],[23.6903684,61.5866184],[23.6904216,61.5864409],[23.6902936,61.5861826],[23.6901273,61.5861659],[23.6899949,61.5859984],[23.6900391,61.5858229],[23.6904958,61.5857476],[23.6905683,61.5855541],[23.6902173,61.5853141],[23.6897591,61.5852178],[23.6897289,61.5850503],[23.6894857,61.5848684],[23.6892484,61.5848898],[23.6890225,61.5848572],[23.6885286,61.5846907],[23.687868,61.5842708],[23.6874666,61.5842325],[23.6871189,61.5840474],[23.686941,61.5841048],[23.6865831,61.5840494],[23.686317,61.5839427],[23.6860056,61.5839331],[23.6858393,61.5840337],[23.6856599,61.5840193],[23.6855145,61.5840804],[23.6850958,61.5839913],[23.6849263,61.5840316],[23.6842681,61.5840281],[23.6840402,61.584084],[23.6840261,61.5841633],[23.6838267,61.584258],[23.6836046,61.5844604],[23.6836085,61.5846573],[23.6837143,61.5849135],[23.6835983,61.584981],[23.6834029,61.5849947],[23.6828019,61.5846989],[23.6826039,61.5846651],[23.6820861,61.5842296],[23.6820962,61.5840016],[23.6819485,61.5838537],[23.6817554,61.5838027],[23.681743,61.5836901],[23.6812087,61.5834056],[23.6804716,61.5833398],[23.6799498,61.5833062],[23.6797544,61.5833315],[23.6795497,61.5832513],[23.6793223,61.583252],[23.6790487,61.583097],[23.6784981,61.5826617],[23.6784762,61.5825126],[23.6785797,61.5824299],[23.678562,61.5823503],[23.6782725,61.5821683],[23.6777042,61.5820905],[23.6775256,61.5820171],[23.677551,61.5819383],[23.6778728,61.5817792],[23.6781017,61.5817643],[23.6783633,61.5816707],[23.6786703,61.5816201],[23.678977,61.5815131],[23.6790629,61.5814168],[23.6789628,61.5813207],[23.6786021,61.5812919],[23.6779488,61.581272],[23.6777182,61.5811999],[23.677483,61.5810923],[23.6775133,61.5810068],[23.6776895,61.5809417],[23.6781016,61.5808411],[23.6783593,61.5808303],[23.678969,61.5807516],[23.6791888,61.5806861],[23.6794049,61.5806322],[23.6795376,61.5805282],[23.6797053,61.5805167],[23.6799694,61.5803268],[23.6803021,61.5801778],[23.6804885,61.5800125],[23.6805958,61.5799793],[23.6806159,61.5799269],[23.6807151,61.5797029],[23.6807285,61.5796091],[23.6806373,61.5795842],[23.6805604,61.5794976],[23.6803655,61.5794399],[23.680235,61.5793474],[23.680149,61.5792847],[23.6801661,61.5792098],[23.6802832,61.5791505],[23.6806593,61.5790939],[23.6811138,61.579066],[23.6812999,61.579073],[23.6814004,61.5790589],[23.6817805,61.579047],[23.6820372,61.5790319],[23.6822609,61.5790216],[23.6826171,61.5789858],[23.6829475,61.5789846],[23.6831449,61.5790368],[23.6835905,61.5790135],[23.6838761,61.5789944],[23.684261,61.5789918],[23.6843399,61.579009],[23.6844504,61.5790705],[23.6846126,61.5790703],[23.6846951,61.5790246],[23.6848806,61.579032],[23.6851569,61.5789574],[23.6852308,61.5788555],[23.6854053,61.5788693],[23.6857349,61.5788559],[23.6860085,61.5788272],[23.6863397,61.5787553],[23.6865144,61.578703],[23.6867186,61.5786752],[23.6868359,61.5786379],[23.686968,61.5786385],[23.6870941,61.5786194],[23.6872108,61.5786216],[23.6874394,61.5786002],[23.6878277,61.5784611],[23.6877888,61.5784279],[23.6879128,61.5783663],[23.6881401,61.5782789],[23.6881375,61.5782284],[23.6882555,61.5781844],[23.6884184,61.5781343],[23.6886156,61.5781033],[23.6887259,61.5781051],[23.6888731,61.5781075],[23.6889683,61.578073],[23.6892398,61.5780752],[23.6894692,61.5780379],[23.6899754,61.5780302],[23.6901424,61.5780002],[23.6902189,61.5779268],[23.6903328,61.5778646],[23.6903851,61.5778008],[23.6902598,61.5777417],[23.6901196,61.5776922],[23.6900411,61.5776056],[23.6898726,61.5775579],[23.6898417,61.5775011],[23.6898564,61.5774504],[23.6899628,61.5774282],[23.6901148,61.5774431],[23.6902259,61.5775032],[23.6902727,61.5775285],[23.6905001,61.5775284],[23.6907371,61.5775468],[23.690944,61.5776487],[23.6909758,61.577694],[23.6910472,61.5776961],[23.6912357,61.5776611],[23.6913692,61.5777121],[23.6915678,61.5776336],[23.6918193,61.5775835],[23.6919916,61.5775875],[23.6920535,61.5774964],[23.6923683,61.5774684],[23.6925849,61.5774706],[23.6927746,61.5774428],[23.6928131,61.5775124],[23.6929597,61.577537],[23.6930926,61.577512],[23.693185,61.5774421],[23.6931534,61.5773471],[23.6933681,61.5772629],[23.6934524,61.5772531],[23.6935123,61.5772896],[23.6936655,61.5772891],[23.6938874,61.5772934],[23.6943239,61.5772911],[23.6945483,61.5772159],[23.6948077,61.5772133],[23.6948669,61.5771439],[23.6950799,61.5771722],[23.6953302,61.5771389],[23.6956187,61.57714],[23.6956233,61.5770704],[23.6957271,61.5770726],[23.6957522,61.5769966],[23.6959597,61.576938],[23.6960305,61.5768375],[23.6962173,61.5768107],[23.6961743,61.5767582],[23.6959801,61.576679],[23.6958216,61.5767006],[23.6955992,61.5766667],[23.695668,61.5765988],[23.6953326,61.5765725],[23.6947256,61.5764724],[23.6946582,61.5763776],[23.6946022,61.5762988],[23.6949415,61.575969],[23.6952639,61.5758867],[23.6954819,61.5757842],[23.6955645,61.5757302],[23.6955964,61.5756599],[23.6954087,61.5755794],[23.695316,61.5754904],[23.6953584,61.5754207],[23.6951073,61.5753048],[23.6949239,61.5751439],[23.6948871,61.5749805],[23.6947121,61.5748918],[23.6944965,61.5748803],[23.6944304,61.574793],[23.6944389,61.5747569],[23.6946366,61.5747016],[23.6948495,61.5746929],[23.6948872,61.5746056],[23.6947627,61.574544],[23.694703,61.5744787],[23.6948539,61.5744832],[23.6948853,61.5744473],[23.6945966,61.5743754],[23.694533,61.5742316],[23.693858,61.5742429],[23.693717,61.5743057],[23.6930419,61.5742734],[23.692867,61.574328],[23.6928686,61.5744499],[23.6926207,61.5745179],[23.6921534,61.5745075],[23.6921722,61.5743556],[23.692022,61.5742611],[23.6917511,61.5741155],[23.6915794,61.5741564],[23.6916116,61.5743109],[23.6915767,61.5744232],[23.6913809,61.5744513],[23.6912522,61.5744347],[23.6910966,61.574473],[23.6910805,61.5745701],[23.6909196,61.5746352],[23.6905889,61.574645],[23.6906491,61.5745925],[23.6905645,61.5745644],[23.6906295,61.5744877],[23.6905977,61.5744156],[23.6904936,61.5744033],[23.6903894,61.5744113],[23.6904383,61.5744737],[23.6903339,61.5745239],[23.6904009,61.5745647],[23.6903827,61.5746196],[23.6903975,61.574689],[23.6901348,61.5747034],[23.6898977,61.5746875],[23.6896563,61.5746492],[23.689514,61.5747267],[23.6893802,61.5747312],[23.6892573,61.5747929],[23.6891649,61.5747867],[23.6883073,61.5750053],[23.6882959,61.5750604],[23.6881166,61.5751464],[23.6879119,61.5751777],[23.6876725,61.5751639],[23.6876148,61.5751793],[23.6876192,61.5752134],[23.6876582,61.575238],[23.6877288,61.575249],[23.687866,61.5752501],[23.6879243,61.5753005],[23.6880499,61.5754192],[23.6882395,61.5755043],[23.6882332,61.5755893],[23.6878129,61.5756893],[23.6878153,61.575748],[23.687899,61.5759065],[23.6878548,61.5759668],[23.6876574,61.5759804],[23.6875777,61.5760442],[23.687654,61.5761074],[23.6876451,61.5761974],[23.6875032,61.5762718],[23.6873272,61.5762549],[23.6871083,61.5761862],[23.6869936,61.5760886],[23.6865921,61.5760611],[23.6863875,61.5759138],[23.6861956,61.5758417],[23.6862762,61.5757838],[23.6862364,61.5757205],[23.6858541,61.5756778],[23.6857144,61.5757552],[23.6855662,61.5757718],[23.6853805,61.5758658],[23.6851146,61.5759341],[23.6849849,61.5759963],[23.6848297,61.5760246],[23.6846745,61.5759747],[23.6843601,61.5758645],[23.6843948,61.5757543],[23.684308,61.5755786],[23.6841531,61.5755001],[23.6838518,61.5754997],[23.6835078,61.5754791],[23.6833709,61.5754603],[23.6832765,61.5754214],[23.6832731,61.5753681],[23.6832308,61.5752963],[23.6832087,61.5752356],[23.6828691,61.5752123],[23.6828182,61.5751139],[23.6829818,61.5750927],[23.6830885,61.5751587],[23.6833932,61.5751491],[23.683567,61.5751327],[23.6837263,61.5750779],[23.6838856,61.5750596],[23.6841543,61.5749924],[23.684185,61.5749459],[23.6841677,61.5748827],[23.6842618,61.5748577],[23.6844049,61.5748806],[23.6844667,61.5748881],[23.6845739,61.5748484],[23.6847277,61.5748388],[23.6850066,61.5748971],[23.6854799,61.5748354],[23.6857489,61.5747574],[23.6859165,61.5747098],[23.6858882,61.5746744],[23.6859424,61.57464],[23.685923,61.5745875],[23.6860205,61.5745351],[23.6857255,61.5745193],[23.6854815,61.5744549],[23.6852618,61.5744761],[23.6849727,61.5745002],[23.6849111,61.5745102],[23.6847357,61.5745387],[23.684605,61.5745015],[23.6843762,61.574482],[23.6841952,61.5744098],[23.6839933,61.5743984],[23.6838503,61.5744383],[23.6836761,61.5744494],[23.6835579,61.5744382],[23.683511,61.5744769],[23.6835154,61.5745356],[23.6835751,61.5746128],[23.6835236,61.5746434],[23.6833905,61.5746576],[23.6830425,61.5747651],[23.6829565,61.5748453],[23.6829348,61.5749843],[23.6828181,61.5749851],[23.6828707,61.5747881],[23.6828804,61.5745783],[23.6827567,61.5744846],[23.6823864,61.5743505],[23.6819225,61.5742772],[23.6813443,61.5743367],[23.6810471,61.5744328],[23.6808277,61.5744657],[23.6805956,61.5744905],[23.6804216,61.5744738],[23.6802477,61.5745219],[23.6798456,61.574472],[23.6794045,61.5743818],[23.6791197,61.5743796],[23.6788605,61.5743287],[23.6786103,61.5743444],[23.6780332,61.5742949],[23.6778095,61.5742454],[23.6776879,61.5741635],[23.6775939,61.574174],[23.677284,61.5740846],[23.6770952,61.574141],[23.6767786,61.5741487],[23.6764212,61.5741597],[23.6759979,61.5741345],[23.6756258,61.5741762],[23.6755032,61.5741462],[23.6753515,61.5741914],[23.6752661,61.5742815],[23.6749763,61.5742825],[23.6747799,61.5742074],[23.6746054,61.5741507],[23.6745077,61.5741189],[23.6744816,61.5740076],[23.6742927,61.5739423],[23.6742145,61.5738608],[23.6744057,61.5738011],[23.6743415,61.5737211],[23.6742361,61.5736768],[23.6742457,61.5736062],[23.6738995,61.5735263],[23.6737818,61.57346],[23.6735959,61.573418],[23.6734244,61.5733695],[23.6732357,61.5733514],[23.6731095,61.5733296],[23.6731014,61.5732563],[23.6732466,61.573175],[23.6736684,61.5731089],[23.6739155,61.5731258],[23.6741544,61.5731193],[23.674232,61.5730657],[23.6743417,61.5730463],[23.6744301,61.5729052],[23.6745814,61.5728624],[23.6747051,61.5727645],[23.6746886,61.5726862],[23.6748268,61.572578],[23.6749996,61.5724406],[23.6751406,61.572399],[23.6751155,61.5723351],[23.6749546,61.5722356],[23.6747349,61.5721501],[23.6745927,61.5720275],[23.6743397,61.5719535],[23.6741776,61.5718152],[23.6738878,61.5717337],[23.6734069,61.5715142],[23.6731011,61.571336],[23.6728438,61.5713272],[23.6726567,61.5711483],[23.6726039,61.5709499],[23.6726362,61.5708448],[23.6725172,61.5707676],[23.6724725,61.5707141],[23.6724492,61.5706862],[23.6723345,61.5704689],[23.6723634,61.570428],[23.6725881,61.5703546],[23.6727565,61.5703578],[23.6728015,61.5702374],[23.6729912,61.5701373],[23.6731323,61.5699983],[23.6731797,61.5698148],[23.6733373,61.5697043],[23.6735381,61.5696693],[23.673807,61.5696809],[23.6739192,61.5697243],[23.6741435,61.5697667],[23.6742855,61.5698067],[23.6743059,61.5697174],[23.6744199,61.5696564],[23.67435,61.5695224],[23.674429,61.5694812],[23.6743462,61.569373],[23.674174,61.5693362],[23.674087,61.569116],[23.6742471,61.5688594],[23.6745633,61.5686093],[23.6746955,61.568562],[23.6748152,61.5685192],[23.6748116,61.5684251],[23.6749322,61.5683748],[23.6749148,61.5681672],[23.6748997,61.567898],[23.6748335,61.5676936],[23.674948,61.5675734],[23.674987,61.5674343],[23.6749088,61.5673538],[23.6749941,61.5672943],[23.674973,61.5672348],[23.6751267,61.5670672],[23.6753727,61.5670855],[23.6754824,61.5671525],[23.6755742,61.5671202],[23.675661,61.5670651],[23.6761485,61.5671093],[23.6764099,61.5671087],[23.6770107,61.5671409],[23.6773288,61.5671002],[23.6777397,61.5671313],[23.6779819,61.5671911],[23.677988,61.5671222],[23.6780754,61.5668784],[23.6780185,61.566719],[23.6781422,61.5665022],[23.6785308,61.5664041],[23.6787206,61.5663405],[23.6785594,61.5662629],[23.6784649,61.5661802],[23.6783707,61.5660142],[23.6780056,61.5659629],[23.6771868,61.5659357],[23.677139,61.5658652],[23.6769316,61.5658449],[23.6768402,61.5656646],[23.6767608,61.565579],[23.6763466,61.565441],[23.6758566,61.5654292],[23.6753125,61.5655547],[23.6750815,61.5656544],[23.6749045,61.565628],[23.6747577,61.5655414],[23.674765,61.5654657],[23.674879,61.5652539],[23.674709,61.5650575],[23.6745209,61.5649328],[23.6739621,61.5649354],[23.6738086,61.5649713],[23.6736834,61.5649611],[23.6736903,61.564887],[23.6735729,61.5647981],[23.6732001,61.5647299],[23.6728321,61.5646491],[23.6725978,61.5645263],[23.6725785,61.5644854],[23.6726387,61.5644517],[23.6726903,61.56437],[23.6728116,61.5643428],[23.6728874,61.5643661],[23.6729775,61.5643736],[23.6735522,61.5642453],[23.6737337,61.5642069],[23.6738244,61.5640762],[23.6739591,61.5639966],[23.6739797,61.5639224],[23.6742369,61.5638204],[23.6743229,61.5638444],[23.6744771,61.5637711],[23.6750947,61.5637746],[23.6752715,61.5638848],[23.6756102,61.5639505],[23.6759002,61.5639842],[23.676058,61.5640396],[23.6762626,61.5641659],[23.6766095,61.5641769],[23.6767311,61.5641571],[23.6767514,61.5640979],[23.6768394,61.5640427],[23.6766216,61.5639339],[23.6766545,61.563869],[23.6766523,61.5637816],[23.6768914,61.5636994],[23.6777337,61.5637206],[23.6781824,61.5637688],[23.6782999,61.563862],[23.6786506,61.56383],[23.6788496,61.5636885],[23.6790621,61.5636757],[23.679277,61.563596],[23.6791676,61.5635194],[23.6792738,61.5633928],[23.6794341,61.5633306],[23.6794843,61.5631804],[23.6792485,61.5630111],[23.6792388,61.562933],[23.6790669,61.5628741],[23.6788909,61.5628404],[23.6784446,61.5625814],[23.6782833,61.5623634],[23.6782776,61.5621477],[23.6783588,61.5619504],[23.6784697,61.5618385],[23.6784406,61.5617252],[23.6784488,61.5617129],[23.678489,61.561653],[23.6785632,61.5616052],[23.6792194,61.5612033],[23.6794675,61.5610716],[23.6796216,61.5610446],[23.6797574,61.5610843],[23.6797877,61.5611591],[23.6798699,61.5611876],[23.6799628,61.5611956],[23.6800668,61.561169],[23.6800652,61.5611301],[23.6800402,61.5610966],[23.6802138,61.5610159],[23.6802619,61.560946],[23.6803637,61.560934],[23.680369,61.5609012],[23.6803154,61.5608669],[23.6803475,61.5607974],[23.6804414,61.5607908],[23.6804977,61.5606819],[23.6803151,61.5606938],[23.6801486,61.5606792],[23.6799822,61.5606315],[23.6799991,61.5605037],[23.680083,61.5604079],[23.6802989,61.5602973],[23.680392,61.5602976],[23.6804691,61.5603337],[23.6805989,61.5602937],[23.6806396,61.5602482],[23.6808842,61.5601925],[23.6809966,61.5601983],[23.681125,61.560227],[23.6813739,61.5602539],[23.681588,61.5601614],[23.6818547,61.5601752],[23.6818566,61.5600812],[23.6824057,61.5599297],[23.6824182,61.560035],[23.682564,61.5601042],[23.6827066,61.5601005],[23.6826814,61.5600258],[23.6831255,61.5600802],[23.683398,61.5600282],[23.6834266,61.5599818],[23.68339,61.5599266],[23.683525,61.5598842],[23.6833699,61.5598233],[23.6832252,61.5598503],[23.6831877,61.5598283],[23.6831771,61.5597757],[23.6830162,61.5597856],[23.6829894,61.559834],[23.6828593,61.5598589],[23.68274,61.559853],[23.6825503,61.5598445],[23.6824839,61.5598078],[23.682511,61.5597526],[23.6826721,61.5596489],[23.6830266,61.5594312],[23.6831258,61.5593909],[23.683284,61.5593966],[23.6833296,61.5593704],[23.6833443,61.559333],[23.6834134,61.5593143],[23.6836357,61.5593317],[23.6836986,61.5593188],[23.6837453,61.5592802],[23.684066,61.5592862],[23.6843814,61.5592717],[23.6845546,61.5593453],[23.6851059,61.5592312],[23.6852763,61.5592226],[23.685509,61.5591518],[23.6857756,61.5591816],[23.6859008,61.5591415],[23.6859849,61.5591585],[23.6862335,61.5590687],[23.6863899,61.5590864],[23.6866157,61.5590914],[23.6867744,61.5591577],[23.6869399,61.5591323],[23.6879208,61.559158],[23.6880761,61.5592615],[23.6882852,61.5592737],[23.6884649,61.559267],[23.6885225,61.5593032],[23.6884333,61.5593686],[23.6884853,61.5594064],[23.6886132,61.5594291],[23.68872,61.5594379],[23.6888056,61.5594998],[23.6888966,61.5595132],[23.6889711,61.5594906],[23.6889812,61.5594374],[23.6892695,61.5593207],[23.689214,61.5592647],[23.6892546,61.5591965],[23.6893366,61.5591024],[23.6894615,61.5590465],[23.6896965,61.5590435],[23.6899614,61.5589167],[23.6899665,61.5588629],[23.6901111,61.5587938],[23.690109,61.5587435],[23.6903627,61.5586723],[23.6906693,61.5586176],[23.6906684,61.5585506],[23.6907747,61.5584811],[23.6906742,61.5583998],[23.6907206,61.558317],[23.6908027,61.5582871],[23.6909135,61.5582862],[23.6909734,61.5582215],[23.6909657,61.5581778],[23.6907741,61.5580563],[23.6906327,61.5580326],[23.6903676,61.557854],[23.6900808,61.5576894],[23.6901607,61.5575457],[23.6902536,61.5574742],[23.6905622,61.5574828],[23.6906817,61.5575574],[23.6907554,61.5575596],[23.6908387,61.5575425],[23.6909089,61.5574495],[23.6907964,61.5574349],[23.6907939,61.5573471],[23.6908891,61.5573275],[23.690979,61.557313],[23.6910519,61.5572225],[23.6911018,61.5571224],[23.6911803,61.5570953],[23.6912696,61.5571039],[23.6915078,61.5572613],[23.691659,61.5574384],[23.6918191,61.557509],[23.6919287,61.5575341],[23.6919942,61.5576041],[23.6920758,61.5576358],[23.6922661,61.5576046],[23.6928586,61.5577229],[23.6928932,61.5577863],[23.6931424,61.5577846],[23.6934953,61.5578735],[23.6936169,61.5581245],[23.693813,61.5581477],[23.6941486,61.5582475],[23.6944318,61.558555],[23.6944339,61.5586921],[23.694278,61.5587709],[23.6943153,61.5588931],[23.6944877,61.5589527],[23.6945619,61.5590272],[23.6946736,61.5590685],[23.6951178,61.5591086],[23.6955404,61.5591029],[23.6957405,61.5590362],[23.6959095,61.5590851],[23.6961267,61.5590974],[23.6961817,61.5591572],[23.6961153,61.5592382],[23.6962055,61.559248],[23.6963064,61.5592553],[23.6962923,61.5592158],[23.6962369,61.5591923],[23.6962843,61.5591511],[23.6963738,61.5591446],[23.6964632,61.5591534],[23.6966616,61.5591799],[23.6966636,61.5592127],[23.6965885,61.559221],[23.6966088,61.5592484],[23.6972099,61.5592527],[23.6972522,61.5591685],[23.6972172,61.5591009],[23.6973057,61.5590727],[23.6976748,61.5590862],[23.6983778,61.5591386],[23.6985549,61.5590857],[23.6986754,61.5590766],[23.6988405,61.5590366],[23.6989985,61.5590169],[23.6992561,61.5589805],[23.6994548,61.5589845],[23.6996545,61.5589775],[23.6997576,61.5590232],[23.6999172,61.5590284],[23.7000652,61.5588696],[23.7001105,61.5587749],[23.7003053,61.5587424],[23.7003785,61.5586737],[23.7004876,61.558647],[23.7005698,61.5585795],[23.7005325,61.558516],[23.7003981,61.5584545],[23.7002317,61.5583777],[23.7000959,61.5583651],[23.6999601,61.5583653],[23.6998429,61.5583273],[23.6997096,61.558306],[23.6994236,61.5582771],[23.6993322,61.5582334],[23.6993344,61.5581568],[23.6992953,61.5580379],[23.6993417,61.5580037],[23.6994342,61.5579992],[23.6995575,61.5580149],[23.6997221,61.5580922],[23.6999473,61.5582002],[23.7000706,61.5582086],[23.7001651,61.5580364],[23.7001107,61.5580148],[23.7000432,61.5580269],[23.6999811,61.558011],[23.6998711,61.5579176],[23.6996228,61.5578624],[23.6995471,61.5578061],[23.6995523,61.5577322],[23.699661,61.5577404],[23.6996473,61.557676],[23.6997908,61.5576787],[23.6998807,61.5576507],[23.7000102,61.5574513],[23.6999892,61.5573864],[23.7001296,61.5573344],[23.7001662,61.5573304],[23.7002153,61.5573342],[23.7004906,61.5574502],[23.7006954,61.5575324],[23.7008652,61.5575802],[23.7011194,61.5575727],[23.7011645,61.5575499],[23.7011708,61.5574827],[23.701418,61.5574567],[23.7013995,61.5574016],[23.7014894,61.5573881],[23.7017323,61.557197],[23.701862,61.5572033],[23.7020131,61.5571393],[23.7019909,61.5571056],[23.7019235,61.5570837],[23.7020051,61.5570574],[23.7020331,61.5570234],[23.7019605,61.5569636],[23.7020962,61.5569044],[23.7021012,61.5567325],[23.7021196,61.5566438],[23.7022346,61.5566101],[23.7024127,61.5566254],[23.7025737,61.5566781],[23.7025674,61.5567167],[23.7027383,61.5567886],[23.7028557,61.5568101],[23.7029252,61.5568618],[23.7032521,61.5568394],[23.7033687,61.5568091],[23.7034538,61.5567722],[23.7036462,61.5567507],[23.7037119,61.5568226],[23.7039781,61.5568228],[23.7042657,61.5567796],[23.7044674,61.5568176],[23.7046447,61.5568091],[23.7047468,61.5567627],[23.7049694,61.5567587],[23.7051921,61.5567802],[23.7053763,61.5567969],[23.705555,61.5567855],[23.7057472,61.5568558],[23.7059318,61.5568731],[23.7061325,61.5568725],[23.7061081,61.556797],[23.7062998,61.5568104],[23.7063473,61.5567724],[23.7065481,61.5568045],[23.7067221,61.5567382],[23.7067969,61.5566677],[23.7072259,61.5566707],[23.7073224,61.5566135],[23.7073598,61.5565562],[23.7072517,61.5564948],[23.7072485,61.5564309],[23.7073516,61.5563542],[23.7076311,61.5563452],[23.707795,61.556388],[23.7079306,61.556366],[23.7080333,61.5563115],[23.7081516,61.5563495],[23.7084149,61.5562941],[23.7083959,61.5562289],[23.7085339,61.556209],[23.708619,61.5562297],[23.7086267,61.556281],[23.7088665,61.5563002],[23.7090535,61.5563533],[23.7095731,61.5563105],[23.7097748,61.5563209],[23.709955,61.5563645],[23.7102815,61.55639],[23.7103321,61.5564207],[23.7106938,61.5564181],[23.7109195,61.5564345],[23.7113009,61.5564048],[23.7114353,61.5563587],[23.7115937,61.5563688],[23.7116662,61.5563202],[23.7118143,61.5563298],[23.7119714,61.5562836],[23.711991,61.5562349],[23.7121269,61.5562092],[23.7122002,61.556121],[23.712539,61.5560865],[23.7127349,61.5561018],[23.7128417,61.5560374],[23.7129592,61.5560845],[23.7131028,61.5560508],[23.7132172,61.5561098],[23.7134796,61.5560718],[23.7140535,61.5560777],[23.7142797,61.5560195],[23.7145485,61.5560287],[23.7149162,61.5558752],[23.7152665,61.5558693],[23.7154114,61.5559207],[23.7155854,61.555922],[23.7156689,61.5558603],[23.7158204,61.5558126],[23.7158926,61.5558478],[23.7158968,61.5558957],[23.7159577,61.5559065],[23.7160108,61.5558897],[23.7160264,61.5558295],[23.7161004,61.5558241],[23.7161423,61.5558761],[23.7162002,61.5558949],[23.7164589,61.5558807],[23.7165306,61.5557814],[23.7166989,61.5557587],[23.717073,61.5556776],[23.7170758,61.5556733],[23.7172,61.5554841],[23.717429,61.5554363],[23.7178643,61.5553931],[23.7179254,61.5553524],[23.7177426,61.555265],[23.7175332,61.5552289],[23.717458,61.5551534],[23.7175331,61.5550799],[23.7177155,61.5551031],[23.717702,61.5550458],[23.7177743,61.5550157],[23.7177906,61.5550089],[23.7177037,61.5549685],[23.7175906,61.554956],[23.7172414,61.5550533],[23.7170469,61.5550518],[23.7169804,61.5549961],[23.717032,61.5549199],[23.7169814,61.5548066],[23.7168756,61.5547679],[23.7167664,61.5547677],[23.7165696,61.5546852],[23.7164316,61.5546552],[23.7163667,61.5546374],[23.7163566,61.5546071],[23.7163109,61.554563],[23.7162718,61.5545051],[23.7162977,61.5544723],[23.7164148,61.5544654],[23.7166706,61.5545345],[23.7168117,61.5545337],[23.7169798,61.5545014],[23.7170272,61.5544562],[23.7171119,61.5544733],[23.7171601,61.5544613],[23.7170301,61.5543747],[23.7168187,61.5543297],[23.7166064,61.5542248],[23.7165388,61.5541308],[23.7165444,61.5540503],[23.7166751,61.5540157],[23.7167529,61.5539579],[23.7168664,61.5539775],[23.7169473,61.5539623],[23.7169736,61.5539092],[23.7169711,61.5538199],[23.7170011,61.5537344],[23.7170534,61.5536471],[23.7171117,61.5536289],[23.7172249,61.553629],[23.7172968,61.5535946],[23.7172974,61.5535479],[23.7171838,61.553541],[23.7172022,61.5535104],[23.7172521,61.5534961],[23.7173279,61.5533805],[23.7172308,61.5532939],[23.7172645,61.5532301],[23.7174547,61.5531721],[23.7174659,61.5530623],[23.7175427,61.5530175],[23.7175748,61.5529263],[23.7174762,61.5528721],[23.717496,61.5526707],[23.7176442,61.5526698],[23.717641,61.5526015],[23.7177715,61.552516],[23.7179506,61.5525188],[23.718059,61.5524622],[23.7180758,61.5524534],[23.7182131,61.5522873],[23.7181804,61.5521393],[23.7182183,61.5520577],[23.7183049,61.5519839],[23.7182802,61.5518899],[23.7183424,61.551861],[23.7184671,61.5518484],[23.7185162,61.5518122],[23.718525,61.5517885],[23.7185368,61.5517565],[23.7184322,61.5516448],[23.7184854,61.5515874],[23.7185832,61.5515512],[23.7185754,61.5514821],[23.7186651,61.5514518],[23.7184382,61.5512177],[23.7184955,61.5511045],[23.718634,61.5510944],[23.7188212,61.5510146],[23.7188137,61.5508665],[23.718745,61.5507672],[23.7188063,61.5506835],[23.7186681,61.5505781],[23.7186522,61.5505673],[23.7184689,61.5504421],[23.7182006,61.5503313],[23.7180668,61.5502443],[23.7180833,61.5501766],[23.7179818,61.5501234],[23.7178234,61.5501147],[23.7175552,61.5500286],[23.7173763,61.5499701],[23.7171853,61.5499447],[23.7171792,61.5498816],[23.7172818,61.5497901],[23.7174617,61.549745],[23.717549,61.5496753],[23.717742,61.5494101],[23.7178639,61.5493957],[23.7179919,61.5492936],[23.7180142,61.5492496],[23.7178822,61.5492273],[23.7177096,61.5491276],[23.7177259,61.5490231],[23.7177909,61.5489884],[23.717736,61.5489091],[23.7178345,61.548821],[23.7178477,61.5486419],[23.7178288,61.5485185],[23.7178014,61.5483767],[23.7177596,61.5483216],[23.7178095,61.5482685],[23.7177779,61.54824],[23.7177372,61.5481431],[23.7178232,61.5481212],[23.717803,61.5480905],[23.7176777,61.5480925],[23.717603,61.5480557],[23.7175815,61.5479831],[23.7176136,61.5479544],[23.7176135,61.5479257],[23.7175747,61.5479134],[23.7175401,61.5479398],[23.7174836,61.5479435],[23.7173083,61.5479162],[23.7172341,61.547876],[23.717184,61.5478649],[23.7171256,61.547896],[23.7170816,61.5479828],[23.7170408,61.5479948],[23.7170008,61.547988],[23.7170208,61.5479178],[23.7169816,61.547893],[23.7169588,61.5478351],[23.7168189,61.547748],[23.7167537,61.5476331],[23.7168347,61.5476112],[23.7169716,61.5475914],[23.7170866,61.547566],[23.7170461,61.5475184],[23.7168836,61.547509],[23.7166875,61.5474269],[23.7166556,61.5472995],[23.7168095,61.5471162],[23.7170342,61.5469831],[23.7169339,61.5469291],[23.7169624,61.5468056],[23.7169207,61.5467282],[23.7168543,61.5467042],[23.716788,61.5467227],[23.7167388,61.5467545],[23.716701,61.5468505],[23.7166293,61.5469272],[23.7165544,61.5469997],[23.7164824,61.5470392],[23.7164309,61.5470555],[23.7163818,61.5470506],[23.7163666,61.5470318],[23.7164256,61.5469765],[23.7164747,61.5469384],[23.7164852,61.5469014],[23.7164029,61.5468407],[23.7164056,61.546794],[23.7164422,61.5467353],[23.7165325,61.5467113],[23.7166142,61.5467374],[23.7166551,61.5467224],[23.7166661,61.5466944],[23.7166272,61.546664],[23.7165244,61.5466256],[23.7164813,61.5464933],[23.7163614,61.5462905],[23.7161771,61.5461482],[23.7160549,61.5460955],[23.7159498,61.5459323],[23.7157451,61.5457473],[23.7155136,61.5456058],[23.7153071,61.5453706],[23.7150442,61.5451883],[23.7149825,61.5451455],[23.7147903,61.5449754],[23.7147435,61.5449078],[23.7146453,61.5448564],[23.714447,61.5448496],[23.7143302,61.5449389],[23.713779,61.5449683],[23.7134938,61.5450448],[23.7130774,61.5450488],[23.7129141,61.5450958],[23.7128712,61.5450948],[23.712463,61.5450853],[23.7122997,61.5451036],[23.7121964,61.5450809],[23.7115818,61.5449668],[23.7113276,61.5449427],[23.710988,61.5450292],[23.710657,61.5450625],[23.7105204,61.54504],[23.7104606,61.5449939],[23.7103449,61.5449566],[23.7102649,61.5449057],[23.710093,61.5448585],[23.7095524,61.5449311],[23.7094684,61.5450039],[23.7092452,61.5450038],[23.7092302,61.544974],[23.7093071,61.5449174],[23.7093023,61.5448779],[23.7092464,61.5448423],[23.7093511,61.5447965],[23.7093294,61.5446423],[23.7092344,61.544609],[23.7091291,61.5446195],[23.7090521,61.5446624],[23.7090646,61.5447471],[23.7088922,61.5447944],[23.7088092,61.5448635],[23.7086207,61.544881],[23.7085188,61.5448637],[23.7084016,61.5448438],[23.7083127,61.5447818],[23.7083085,61.5447492],[23.7083055,61.5447259],[23.7081678,61.5446663],[23.7076703,61.5446759],[23.7070967,61.5445835],[23.7064221,61.5445737],[23.7062188,61.5446102],[23.7060631,61.5445906],[23.7057723,61.5446049],[23.7056026,61.5445612],[23.7054577,61.5445946],[23.7053299,61.5446811],[23.70519,61.5446813],[23.7051563,61.5446383],[23.705272,61.5445577],[23.7051025,61.5444951],[23.7049708,61.5445308],[23.7047931,61.5445367],[23.7047909,61.5444743],[23.7045985,61.5445342],[23.7045637,61.5445882],[23.7042185,61.5444927],[23.7039979,61.544507],[23.7039108,61.5445677],[23.7035848,61.5444237],[23.7033966,61.544398],[23.7033094,61.5443123],[23.7030356,61.5441546],[23.7029457,61.544019],[23.702715,61.543899],[23.7025838,61.5437534],[23.7026899,61.5435745],[23.7027862,61.5435074],[23.7027779,61.5434196],[23.7029159,61.5431792],[23.7028199,61.5430827],[23.7029271,61.543031],[23.7029193,61.5429639],[23.7027602,61.542994],[23.7027046,61.5429651],[23.7027052,61.5429035],[23.7026377,61.5428906],[23.70256,61.542902],[23.7025551,61.5429517],[23.7022866,61.5429247],[23.7021855,61.5429501],[23.7020916,61.5429045],[23.7019145,61.5429254],[23.7017986,61.5429184],[23.7018044,61.5428817],[23.7019884,61.5428512],[23.7020983,61.5427715],[23.702286,61.5427171],[23.7023961,61.5427102],[23.702388,61.5426835],[23.7023511,61.5426723],[23.7021385,61.5426704],[23.7018612,61.5425976],[23.7017925,61.5426502],[23.7012403,61.5425859],[23.7011276,61.54254],[23.7011291,61.5424534],[23.7012236,61.5424255],[23.7011915,61.5423188],[23.7012532,61.5422739],[23.7020018,61.5422253],[23.7023237,61.5421477],[23.7024948,61.5420376],[23.702514,61.5418753],[23.7026695,61.5417062],[23.7027349,61.541625],[23.7029226,61.54156],[23.7029521,61.5415217],[23.7028573,61.5414925],[23.7026874,61.541473],[23.7026305,61.5414335],[23.70264,61.5413429],[23.7027814,61.5412767],[23.7028539,61.5412324],[23.7027845,61.5411873],[23.7026759,61.5411599],[23.702596,61.5411097],[23.7024268,61.5410996],[23.7021867,61.5410428],[23.7018328,61.5410256],[23.7016604,61.5410575],[23.7014573,61.5410602],[23.7013799,61.5410751],[23.7013029,61.5411099],[23.701106,61.5410924],[23.7009571,61.541042],[23.7008855,61.5409782],[23.7008067,61.5408937],[23.700808,61.5408279],[23.7009231,61.5407754],[23.7010359,61.5406996],[23.7011537,61.5406857],[23.7012223,61.5406458],[23.7012266,61.5406125],[23.7011601,61.5405959],[23.7011719,61.5405518],[23.7012572,61.5405379],[23.701261,61.540477],[23.7011577,61.5403938],[23.7011103,61.5403271],[23.7011144,61.5402436],[23.7012602,61.5400885],[23.7012703,61.5400452],[23.7012245,61.5399886],[23.7012693,61.539957],[23.701354,61.5399494],[23.7015072,61.5399132],[23.7015161,61.5398656],[23.7014702,61.5398201],[23.7014088,61.5397594],[23.7013351,61.5396948],[23.7013388,61.5396547],[23.7014951,61.5396088],[23.7018409,61.5394733],[23.7018248,61.5393268],[23.7016256,61.5391993],[23.701666,61.5390748],[23.7016938,61.5389573],[23.7017822,61.5389266],[23.7018116,61.5388237],[23.7017226,61.5387559],[23.7016821,61.5385695],[23.7015703,61.5384744],[23.7014415,61.5384612],[23.7012949,61.5384775],[23.7011726,61.5385054],[23.7009607,61.5385673],[23.700779,61.5386299],[23.7005859,61.5387633],[23.7002866,61.5388712],[23.7001371,61.5390207],[23.6998322,61.5391244],[23.6994734,61.5391027],[23.6993845,61.5390477],[23.69921,61.539002],[23.6992343,61.5389229],[23.6991311,61.538841],[23.6990248,61.5388635],[23.698823,61.5389265],[23.6987244,61.5388676],[23.6986251,61.5388829],[23.698612,61.5388374],[23.6986376,61.5388054],[23.6985625,61.5387905],[23.6984669,61.5388096],[23.6984143,61.5388747],[23.6982947,61.5388366],[23.6982371,61.5388574],[23.6982254,61.5389118],[23.6981681,61.5389236],[23.698015,61.5389091],[23.6979427,61.5389274],[23.6979219,61.5389876],[23.6977167,61.5390192],[23.6974382,61.5390963],[23.6973721,61.5391867],[23.6971504,61.5392926],[23.696963,61.5393556],[23.6969089,61.5394791],[23.6967764,61.539496],[23.6966428,61.5394545],[23.6966066,61.5394126],[23.6966048,61.5393401],[23.6964671,61.5393202],[23.696445,61.5394015],[23.6963766,61.5394185],[23.6962596,61.539385],[23.6960895,61.5393121],[23.6958365,61.5392675],[23.695508,61.5391155],[23.6950538,61.5389971],[23.6946922,61.5389228],[23.6945552,61.5389117],[23.6944466,61.5388521],[23.6943352,61.5388269],[23.6942419,61.5387948],[23.6942032,61.5387288],[23.6941276,61.5386637],[23.6941275,61.5385917],[23.6940065,61.538548],[23.6935298,61.5385327],[23.6932291,61.5385608],[23.692679,61.5386102],[23.6922607,61.5386668],[23.6918948,61.5387791],[23.6918078,61.5387871],[23.6915657,61.5389357],[23.6913299,61.5390527],[23.691291,61.5392052],[23.6911834,61.5392452],[23.6909478,61.5393052],[23.6906843,61.5393099],[23.6904354,61.5393422],[23.6901221,61.5393552],[23.6898989,61.5394347],[23.6895563,61.5394598],[23.6892866,61.5395238],[23.6890834,61.5395876],[23.6888587,61.53959],[23.6886164,61.5396317],[23.6884287,61.5396025],[23.688241,61.5396489],[23.6878695,61.5397309],[23.6877631,61.5397873],[23.6876606,61.5397603],[23.6875407,61.5397877],[23.687468,61.5398355],[23.6869032,61.5400139],[23.6863969,61.5402342],[23.6860643,61.5403242],[23.6858621,61.540362],[23.6857438,61.5403696],[23.6857212,61.5404205],[23.6856127,61.5404611],[23.6855912,61.5405274],[23.685542,61.5406097],[23.6852634,61.540702],[23.6849384,61.5407108],[23.6849308,61.5406301],[23.6847984,61.5406009],[23.6845644,61.5406216],[23.68442,61.5406705],[23.6840349,61.5407272],[23.6836037,61.5407501],[23.6829815,61.540746],[23.6829911,61.5408348],[23.6829373,61.5408683],[23.6826277,61.5408694],[23.68244,61.5409216],[23.68227,61.5409622],[23.682134,61.5409999],[23.6818907,61.5410271],[23.6814057,61.5410058],[23.6811417,61.5409666],[23.6809147,61.5408688],[23.6807195,61.540764],[23.6808585,61.5407227],[23.6810115,61.5406056],[23.6809542,61.5405697],[23.6805267,61.540611],[23.6800956,61.5406524],[23.6800224,61.5404739],[23.6803148,61.540426],[23.6802675,61.5403579],[23.6802993,61.5403067],[23.6801346,61.5402306],[23.6800125,61.5402202],[23.6798453,61.5400885],[23.6797206,61.5401153],[23.6796926,61.5400678],[23.679843,61.5400092],[23.6801925,61.539873],[23.6804107,61.5398363],[23.6803357,61.5397792],[23.6802133,61.5397473],[23.680053,61.539792],[23.6800082,61.5397537],[23.6801734,61.5396974],[23.6805014,61.5395197],[23.6804593,61.5394822],[23.6803606,61.5394868],[23.680038,61.5396526],[23.6796729,61.5397812],[23.6795165,61.5398414],[23.6792397,61.5398746],[23.6791687,61.5398461],[23.6791508,61.5397889],[23.6792755,61.5397631],[23.679313,61.5396911],[23.6794355,61.5396563],[23.6794517,61.5395493],[23.6793333,61.5395283],[23.6791324,61.5395528],[23.6790483,61.5394781],[23.6789089,61.5394973],[23.6787624,61.5394759],[23.6786921,61.5394645],[23.6786711,61.5394132],[23.6785487,61.5393947],[23.6785167,61.5394243],[23.6784847,61.5394402],[23.6784307,61.539428],[23.6784621,61.539381],[23.6784263,61.5393363],[23.678325,61.5393285],[23.6782339,61.5393681],[23.6781624,61.5393633],[23.6780665,61.5394456],[23.6778431,61.5394431],[23.6777684,61.5393692],[23.6776363,61.5393373],[23.6776349,61.5392905],[23.6775603,61.539273],[23.6773997,61.53937],[23.6772763,61.5393788],[23.6771991,61.5393407],[23.6770449,61.5393397],[23.6768496,61.5391631],[23.6767417,61.5391241],[23.6766452,61.5390551],[23.676563,61.5390606],[23.676404,61.5390888],[23.6763718,61.5391033],[23.6763156,61.5392509],[23.6759879,61.5393026],[23.6762505,61.5397198],[23.6759069,61.5397417],[23.6756364,61.5396937],[23.6754964,61.5396096],[23.6751417,61.5395389],[23.6749107,61.5396684],[23.6746377,61.5399456],[23.6745312,61.5401529],[23.6745307,61.5404515],[23.6749421,61.5404033],[23.6749578,61.5404548],[23.6742834,61.5405303],[23.6742698,61.5406587],[23.6748775,61.5406809],[23.6748537,61.5407466],[23.6747026,61.5409168],[23.6741212,61.5409149],[23.6741816,61.5410176],[23.6741673,61.5411],[23.6744748,61.5411066],[23.6746068,61.5413601],[23.6745688,61.5415714],[23.6745529,61.541717],[23.6746127,61.5417734],[23.6747245,61.5417599],[23.6750502,61.5416697],[23.6750986,61.5417839],[23.6748607,61.5418776],[23.6748401,61.5419321],[23.6746747,61.5420091],[23.674574,61.5421],[23.6746358,61.5422047],[23.6745031,61.5422743],[23.6748292,61.5423964],[23.6751861,61.5423734],[23.6756609,61.5423529],[23.67576,61.5423263],[23.6758704,61.5422967],[23.6759619,61.5423222],[23.6759675,61.5423885],[23.6753796,61.5425314],[23.6751425,61.5425026],[23.6747015,61.5425095],[23.6745572,61.5425799],[23.6745846,61.5426758],[23.674738,61.5426609],[23.6748163,61.5427278],[23.6750372,61.5428105],[23.6753825,61.5428788],[23.6754395,61.5429722],[23.6754,61.5430502],[23.674937,61.5429747],[23.674828,61.5430015],[23.6748358,61.5431595],[23.6749022,61.5431834],[23.6750973,61.5431562],[23.6750906,61.5432244],[23.6749699,61.5432432],[23.6750665,61.5433167],[23.6752597,61.5434534],[23.6750207,61.5435156],[23.6747817,61.543537],[23.6746052,61.5434824],[23.6745037,61.5433766],[23.6743652,61.5433287],[23.6742635,61.54345],[23.6742101,61.5438294],[23.6740041,61.543968],[23.6740128,61.5440351],[23.6741212,61.5440669],[23.6743434,61.5441869],[23.6745518,61.5442377],[23.6748292,61.544324],[23.6748045,61.5443841],[23.674717,61.5444614],[23.6744472,61.5444467],[23.6744976,61.5443713],[23.6743131,61.5442844],[23.6741157,61.5441923],[23.6738497,61.5441412],[23.6736491,61.5442028],[23.6733622,61.5442644],[23.6730867,61.5442555],[23.6730207,61.544188],[23.6728215,61.544151],[23.6728632,61.5440841],[23.673004,61.5440854],[23.6730982,61.5440191],[23.6724607,61.5437565],[23.6722691,61.5437546],[23.6721349,61.5438165],[23.6719814,61.5437823],[23.671711,61.5437292],[23.6716438,61.5435486],[23.6713042,61.5434207],[23.6712037,61.5433538],[23.6709874,61.5433143],[23.6707711,61.5431408],[23.670653,61.543035],[23.670249,61.5430531],[23.6698895,61.5429383],[23.6701005,61.5428703],[23.6701026,61.5427746],[23.6699173,61.5427905],[23.669968,61.5427233],[23.6698356,61.5425371],[23.669215,61.5423347],[23.669254,61.5421278],[23.669003,61.5418086],[23.668517,61.541329],[23.6681588,61.5410799],[23.6680443,61.5409228],[23.6679281,61.5407949],[23.6679718,61.5405366],[23.6679908,61.5404241],[23.6678492,61.540175],[23.667511,61.5398625],[23.6670115,61.5397621],[23.6658724,61.5393881],[23.665705,61.5393727],[23.6656036,61.5393896],[23.6655392,61.5393804],[23.665486,61.5393719],[23.6654538,61.539375],[23.6654055,61.5394141],[23.6653283,61.5393727],[23.665317,61.5393436],[23.6653138,61.5392868],[23.6652896,61.5392523],[23.6652365,61.539253],[23.6652091,61.5393006],[23.6651673,61.5393267],[23.6651093,61.5393106],[23.6650755,61.539276],[23.6649725,61.5392208],[23.6647986,61.5392323],[23.6647261,61.5392392],[23.6646086,61.539273],[23.6644492,61.5392945],[23.6643848,61.5392822],[23.6641964,61.5392799],[23.6641562,61.5392553],[23.6641707,61.5392223],[23.6641514,61.539197],[23.6640483,61.5391993],[23.6639099,61.5392001],[23.6637907,61.5391916],[23.663773,61.539164],[23.6637537,61.5391257],[23.6636941,61.5390942],[23.6636168,61.5390766],[23.6635017,61.5390663],[23.6634333,61.5390428],[23.6633238,61.5390098],[23.6632498,61.5389937],[23.6631532,61.5389315],[23.6632739,61.5388754],[23.6633077,61.5388406],[23.6632466,61.5388222],[23.6631226,61.5388552],[23.662997,61.5389135],[23.6628363,61.5388974],[23.6626721,61.5388697],[23.6625626,61.5388037],[23.6622278,61.5385521],[23.6617609,61.5382667],[23.6614873,61.5381083],[23.6613863,61.5380121],[23.6613026,61.537907],[23.6613831,61.5378748],[23.661536,61.5378441],[23.661668,61.537818],[23.6616407,61.537775],[23.6615908,61.5377712],[23.6613251,61.537795],[23.661053,61.537795],[23.6608164,61.5377321],[23.660797,61.5376477],[23.6606988,61.5375441],[23.6603817,61.5374382],[23.6603253,61.5373768],[23.6601353,61.5372809],[23.6600114,61.5371098],[23.6594575,61.5367054],[23.6590921,61.5362757],[23.6589182,61.5358836],[23.6587765,61.5355122],[23.6586575,61.5354041],[23.6586413,61.5353894],[23.6585656,61.53517],[23.6584686,61.5349835],[23.6584572,61.5348684],[23.6584473,61.5347428],[23.6585226,61.5347122],[23.6585347,61.5346903],[23.6585152,61.534623],[23.6585814,61.5346074],[23.6585607,61.5345741],[23.6584501,61.5345804],[23.6583961,61.5345732],[23.6583593,61.5345342],[23.6582022,61.5343313],[23.6580929,61.5341663],[23.6579085,61.5339916],[23.6574918,61.5337778],[23.6572163,61.5335608],[23.6569165,61.5334387],[23.6567797,61.5332852],[23.6564884,61.5331581],[23.6562714,61.5330634],[23.6559527,61.5329161],[23.6556532,61.5327702],[23.6551831,61.5326505],[23.6549448,61.5325891],[23.6547452,61.5324449],[23.6544769,61.532332],[23.6544586,61.5323251],[23.6542879,61.5322822],[23.6541752,61.5322054],[23.6541656,61.5320888],[23.6541463,61.5319906],[23.6541463,61.5318555],[23.6540593,61.5317588],[23.6540465,61.531702],[23.6539305,61.5316621],[23.6539627,61.5315009],[23.6539633,61.5314968],[23.6539687,61.5314844],[23.6540081,61.5313238],[23.6541366,61.5313106],[23.6543942,61.531306],[23.6545166,61.5312738],[23.6545455,61.5312339],[23.6546518,61.531227],[23.6546557,61.5312219],[23.6546666,61.5312075],[23.6546865,61.5311812],[23.6545804,61.5311477],[23.6544104,61.5310743],[23.6543797,61.531009],[23.6544618,61.5309077],[23.6545729,61.5307757],[23.6546727,61.5306913],[23.654787,61.5306621],[23.654882,61.5305539],[23.6548692,61.5304894],[23.6549448,61.5304004],[23.6549497,61.5303421],[23.655014,61.5303405],[23.6551412,61.5303666],[23.6553248,61.5303114],[23.6554439,61.5302699],[23.655592,61.5302469],[23.6556806,61.5301963],[23.6558223,61.5302147],[23.6559575,61.5301832],[23.6560992,61.5301917],[23.6563336,61.5301875],[23.6566027,61.5301387],[23.656744,61.5301171],[23.6570336,61.5301324],[23.6577517,61.5301635],[23.657977,61.5300612],[23.6584061,61.5300407],[23.6588675,61.5300305],[23.6591142,61.5300407],[23.659361,61.5301686],[23.6594254,61.5304703],[23.6592849,61.530768],[23.6594041,61.5308571],[23.6594747,61.5308817],[23.6598074,61.5308273],[23.6600118,61.5307938],[23.6601967,61.5306753],[23.6606103,61.5305777],[23.6610113,61.530729],[23.6612826,61.5307655],[23.6615112,61.5307305],[23.6616958,61.530785],[23.6620388,61.5308505],[23.6622853,61.5308883],[23.6626152,61.5309261],[23.6632434,61.5308912],[23.6635718,61.5309421],[23.663931,61.5310834],[23.6641399,61.5311989],[23.6643283,61.5312904],[23.6643571,61.5314558],[23.6644866,61.5315932],[23.6642944,61.5316569],[23.664261,61.5317485],[23.6643703,61.5317367],[23.6645952,61.5317047],[23.6647288,61.5318878],[23.6649511,61.5320608],[23.6652667,61.5322772],[23.6656144,61.5323976],[23.6659485,61.5325748],[23.6661532,61.532744],[23.6662785,61.5328814],[23.6662499,61.5330999],[23.6661426,61.5331472],[23.6660759,61.5331799],[23.6660611,61.5332028],[23.6660789,61.5332275],[23.6661436,61.5332264],[23.6662115,61.5332188],[23.6662765,61.5332285],[23.6664965,61.5332846],[23.6665637,61.533365],[23.66669,61.5335998],[23.6668554,61.5338534],[23.6670225,61.5339867],[23.6671569,61.5341286],[23.6671739,61.5342092],[23.6674467,61.5343596],[23.6675883,61.5345327],[23.6681223,61.534711],[23.6686075,61.5347582],[23.6689362,61.5347964],[23.6690594,61.5348411],[23.6691229,61.5348697],[23.6694324,61.5349352],[23.6697303,61.5350643],[23.6700123,61.5352624],[23.6703955,61.5355337],[23.6706232,61.5356092],[23.6707679,61.5357173],[23.6707557,61.5357444],[23.6707095,61.5357554],[23.6706966,61.5357753],[23.6707095,61.53579],[23.6707345,61.5358004],[23.6707406,61.535844],[23.6708472,61.5359089],[23.671208,61.5359603],[23.6713086,61.5359944],[23.6713518,61.5360516],[23.6713545,61.536084],[23.6713236,61.5361286],[23.6713925,61.5361644],[23.6714919,61.5361543],[23.6717628,61.5362755],[23.6717397,61.5363172],[23.6719414,61.5363771],[23.6722048,61.5364362],[23.6722401,61.536498],[23.6723569,61.5365818],[23.6724571,61.5366828],[23.6724759,61.5367348],[23.6724564,61.536957],[23.67247,61.5370519],[23.6724134,61.5372127],[23.6724674,61.5372526],[23.6724122,61.5372993],[23.6723248,61.5373053],[23.6721487,61.5374571],[23.6720712,61.5375532],[23.6716754,61.5376946],[23.6715687,61.5377168],[23.6715004,61.5377092],[23.6714413,61.5377119],[23.6713706,61.5377701],[23.6712371,61.537805],[23.6711652,61.5378362],[23.6711382,61.5378815],[23.6707326,61.5379864],[23.6703563,61.5380161],[23.6698119,61.538167],[23.6697518,61.5383214],[23.6694803,61.5384592],[23.6690053,61.5384884],[23.6685214,61.5387674],[23.6687522,61.5389733],[23.6687629,61.5390141],[23.6686397,61.5390577],[23.6684416,61.5392472],[23.6683608,61.5396394],[23.6684171,61.5396683],[23.6688656,61.5398986],[23.6693086,61.5399962],[23.6693921,61.5399692],[23.6695187,61.5399282],[23.6698511,61.5399619],[23.6702767,61.5398487],[23.6703934,61.5399199],[23.67061,61.539844],[23.6711037,61.539841],[23.6709706,61.5395481],[23.6713039,61.539436],[23.6713769,61.5394829],[23.671425,61.539471],[23.6727002,61.5391411],[23.6730914,61.5390401],[23.6735622,61.5389586],[23.6737436,61.5390247],[23.6739126,61.5390715],[23.673968,61.5390065],[23.6740165,61.5389536],[23.6741259,61.5389376],[23.6744309,61.5390034],[23.6747412,61.5388593],[23.6749755,61.5389246],[23.6756214,61.5388459],[23.6758238,61.5388749],[23.6758683,61.5389319],[23.6761671,61.5390185],[23.6762421,61.5390239],[23.6763376,61.5390308],[23.6763983,61.539027],[23.676571,61.5389915],[23.6766407,61.5389486],[23.6765734,61.5388695],[23.6765571,61.5388275],[23.6765795,61.53874],[23.6767575,61.538728],[23.6767794,61.5386997],[23.6767293,61.5386788],[23.6767003,61.5386596],[23.6767142,61.5386083],[23.676776,61.5385788],[23.6768862,61.5385806],[23.6770032,61.5385495],[23.677108,61.5385378],[23.6771631,61.5385164],[23.67722,61.5384915],[23.6773013,61.5384802],[23.6774476,61.5383982],[23.6775372,61.5383699],[23.6776143,61.5383452],[23.6778249,61.5382572],[23.6779043,61.538224],[23.6780791,61.5382134],[23.6781849,61.5382653],[23.6783109,61.5383045],[23.6783978,61.5383029],[23.6784432,61.5382741],[23.6784334,61.5382499],[23.6783423,61.53819],[23.6782383,61.5381836],[23.678166,61.5381523],[23.6781567,61.5381016],[23.6782981,61.5379603],[23.6784024,61.5379204],[23.6785859,61.537896],[23.67859,61.5377378],[23.6785509,61.5377208],[23.6783524,61.5377288],[23.6783003,61.5377116],[23.6783238,61.537611],[23.6782517,61.5375419],[23.6782671,61.5374428],[23.6784038,61.537396],[23.6783923,61.5373507],[23.6783538,61.5373319],[23.6782716,61.5373281],[23.6782094,61.5372939],[23.6780959,61.537282],[23.6778438,61.5371323],[23.6777885,61.5371406],[23.6777095,61.5371659],[23.6775929,61.5371586],[23.6774343,61.5371089],[23.6771947,61.5371022],[23.6769737,61.537071],[23.676796,61.5369316],[23.6767072,61.5367962],[23.6767141,61.5367296],[23.6767141,61.5366597],[23.6766223,61.5365674],[23.6766592,61.5365473],[23.6766519,61.5364996],[23.6766153,61.5364962],[23.676587,61.5364881],[23.6764891,61.5363928],[23.6764824,61.5363381],[23.676547,61.536328],[23.6764657,61.5361412],[23.6764435,61.5360673],[23.6764297,61.5360212],[23.6763658,61.5359552],[23.6762471,61.5359239],[23.6762449,61.5358533],[23.6762882,61.5358237],[23.6763295,61.5357654],[23.6763413,61.5357014],[23.6763505,61.5356518],[23.6763995,61.5355316],[23.6764434,61.5355207],[23.6765211,61.5355184],[23.6765841,61.5355207],[23.6766377,61.535516],[23.6767179,61.5355188],[23.6768671,61.5355252],[23.6768703,61.5355075],[23.6767119,61.5354975],[23.6765612,61.5354863],[23.6764334,61.5354605],[23.6763825,61.5354244],[23.6764,61.5352716],[23.6764438,61.5352242],[23.6764595,61.5351523],[23.6766922,61.5347546],[23.6768897,61.5347378],[23.6769509,61.5347254],[23.6769581,61.5347059],[23.676901,61.5346794],[23.67673,61.5346695],[23.6766329,61.534649],[23.6765516,61.5346065],[23.6765847,61.5344727],[23.676643,61.5344195],[23.6766555,61.534361],[23.6770713,61.5342628],[23.6773598,61.5341315],[23.6773577,61.5340817],[23.6771928,61.5339813],[23.6770975,61.5339309],[23.6770405,61.5338826],[23.6770628,61.5337819],[23.6771917,61.5336984],[23.6775378,61.5336928],[23.6775905,61.5336504],[23.6775497,61.5336147],[23.6772211,61.5336087],[23.6771035,61.5335946],[23.6770564,61.5335575],[23.6770877,61.5335156],[23.6772451,61.5335004],[23.6772595,61.5334697],[23.6771149,61.5334465],[23.6769118,61.5334049],[23.6769084,61.533383],[23.676972,61.5333542],[23.6769166,61.5333187],[23.6769019,61.5332634],[23.677045,61.5330446],[23.6772976,61.5328235],[23.6773979,61.5327771],[23.6775134,61.5327901],[23.6775949,61.532723],[23.6777636,61.5326597],[23.6780465,61.5326966],[23.6781742,61.5326893],[23.6788068,61.5324465],[23.6789411,61.5324224],[23.6789962,61.5324226],[23.6791008,61.5324231],[23.6791482,61.532445],[23.679213,61.5324314],[23.6792351,61.5323968],[23.6792114,61.5323199],[23.6793173,61.5322672],[23.6794991,61.5322175],[23.6795449,61.5321745],[23.6796139,61.5321235],[23.6796916,61.5320792],[23.6807187,61.5318784],[23.6812873,61.5317857],[23.6813651,61.5317452],[23.6815716,61.5317406],[23.6818344,61.5316981],[23.6819388,61.5316624],[23.6820485,61.531679],[23.682137,61.5316566],[23.6822077,61.5315882],[23.68238,61.5315878],[23.6824939,61.5315706],[23.6825659,61.5315276],[23.6826755,61.5315097],[23.6828152,61.5314817],[23.6829246,61.5314054],[23.6828594,61.5312217],[23.6829003,61.5312012],[23.6829767,61.5311959],[23.6831962,61.5311964],[23.6835612,61.5312561],[23.6839121,61.5312538],[23.6841435,61.5312285],[23.684244,61.5312048],[23.6843009,61.5311627],[23.68438,61.5311265],[23.6844758,61.5311601],[23.684489,61.5311973],[23.6842334,61.5313028],[23.6840315,61.5313444],[23.6839163,61.5314052],[23.6838226,61.5314173],[23.6837491,61.531356],[23.6834986,61.5313228],[23.6833677,61.5313485],[23.6833623,61.5314634],[23.6832311,61.5314777],[23.6831481,61.5315201],[23.6831916,61.5315565],[23.6832137,61.5315954],[23.6831667,61.5316363],[23.6831425,61.5316898],[23.6833246,61.5317663],[23.6835298,61.5318178],[23.6835768,61.5319051],[23.683735,61.5320081],[23.6838218,61.5320558],[23.6838013,61.5321546],[23.6838516,61.5322115],[23.6839735,61.5322181],[23.6843033,61.5326045],[23.6841372,61.5328787],[23.6844864,61.533252],[23.6847991,61.5334954],[23.685316,61.5335038],[23.6858978,61.5333966],[23.6866762,61.5331621],[23.6869776,61.5328944],[23.6875737,61.5328246],[23.6876782,61.5328862],[23.6878202,61.5329375],[23.687946,61.5330198],[23.6880956,61.5330488],[23.6883038,61.5331325],[23.6885196,61.5332445],[23.6888105,61.5333539],[23.6890737,61.5334031],[23.6894468,61.5334251],[23.6897781,61.5333723],[23.690361,61.5333682],[23.690483,61.5332931],[23.6904549,61.5332358],[23.6903924,61.533178],[23.6904639,61.5331271],[23.6905569,61.5330941],[23.6906356,61.5330498],[23.6906303,61.5329527],[23.6905453,61.5328951],[23.6904491,61.5326732],[23.6904574,61.5325546],[23.6904025,61.5324851],[23.6902725,61.5324053],[23.6903202,61.5323047],[23.6904698,61.532245],[23.6904826,61.5321604],[23.6904286,61.5320791],[23.6904337,61.5319851],[23.6904314,61.531881],[23.6906169,61.5318127],[23.6907061,61.5317534],[23.6906997,61.5316956],[23.6906428,61.5316527],[23.6906772,61.5316123],[23.6910589,61.5315041],[23.6913011,61.5313525],[23.6915468,61.5312282],[23.691617,61.5311418],[23.6916444,61.5310248],[23.691792,61.5308862],[23.6922064,61.5307326],[23.6926208,61.530584],[23.6928297,61.5305049],[23.6935705,61.5306431],[23.6939562,61.5310005],[23.6939962,61.5310616],[23.6939706,61.5312199],[23.693943,61.5312857],[23.6941622,61.5313361],[23.694549,61.5314193],[23.69489,61.5313867],[23.6950591,61.531428],[23.695137,61.5315025],[23.6952539,61.5316055],[23.695543,61.5317337],[23.6958375,61.5317737],[23.6960236,61.5318629],[23.6970359,61.532397],[23.6972325,61.5325349],[23.697464,61.5326689],[23.6974782,61.5328267],[23.697184,61.5329128],[23.6969047,61.5330413],[23.6967087,61.5332069],[23.6965307,61.533434],[23.6965646,61.5335385],[23.6966958,61.5336792],[23.6969289,61.5337216],[23.6970549,61.533813],[23.6972641,61.533866],[23.6974999,61.5338727],[23.6978054,61.5339868],[23.698137,61.5340276],[23.6983639,61.5340497],[23.6986678,61.5339789],[23.6990199,61.5339669],[23.6993056,61.5339776],[23.6994786,61.5340369],[23.699794,61.5341372],[23.7002256,61.5342515],[23.7008385,61.5342199],[23.7012384,61.5342283],[23.7013165,61.5340501],[23.7017452,61.5340165],[23.7021632,61.5339012],[23.7022059,61.5336795],[23.702366,61.5335947],[23.7033042,61.5336559],[23.7035572,61.5337426],[23.7037785,61.5339213],[23.7037489,61.5340037],[23.7036282,61.5340477],[23.7034559,61.5341047],[23.7033909,61.5341668],[23.703375,61.5343533],[23.703485,61.5344544],[23.7036647,61.5344736],[23.7039922,61.5345365],[23.704309,61.5346505],[23.7047674,61.5347563],[23.7048422,61.5348595],[23.7051381,61.5349809],[23.705477,61.534956],[23.7056374,61.5351624],[23.7053488,61.5352653],[23.7051426,61.5353671],[23.704681,61.5355321],[23.704442,61.5358239],[23.7043403,61.5362871],[23.704616,61.5364078],[23.7047624,61.5365796],[23.7049738,61.5368331],[23.7053695,61.5367917],[23.7055614,61.5368564],[23.705689,61.5369783],[23.7060778,61.5370751],[23.7061456,61.5372029],[23.70642,61.5372182],[23.7065264,61.5371506],[23.7065234,61.5370395],[23.706868,61.5369127],[23.7070863,61.5368931],[23.7071786,61.5368182],[23.7075518,61.5368051],[23.7078453,61.5369086],[23.7082235,61.5368778],[23.7086346,61.5369536],[23.7089669,61.5370432],[23.70908,61.5371578],[23.7092841,61.5371842],[23.7095838,61.5371138],[23.709712,61.5370075],[23.7097088,61.5368576],[23.7099074,61.5368767],[23.7102631,61.5367727],[23.7105914,61.5368642],[23.7105467,61.5369508],[23.710542,61.5369598],[23.7108268,61.5369969],[23.7108606,61.5370764],[23.7110071,61.5370825],[23.7110501,61.5368906],[23.7112076,61.5367222],[23.7105658,61.536499],[23.7104097,61.5363255],[23.7101056,61.536152],[23.7097666,61.5360893],[23.7096269,61.5359878],[23.7094747,61.5359413],[23.7091789,61.5359401],[23.7091504,61.5357556],[23.7089684,61.5357341],[23.7088447,61.5356813],[23.7087503,61.5355526],[23.7084679,61.5354443],[23.7080016,61.5353892],[23.7077697,61.5352871],[23.7079639,61.5351461],[23.7084102,61.5351252],[23.7088744,61.5353579],[23.7093891,61.5353888],[23.7097874,61.5353237],[23.7101677,61.5350535],[23.7102289,61.5348071],[23.7099269,61.5346493],[23.7106033,61.5341433],[23.7111146,61.5339411],[23.7117358,61.5338544],[23.7120941,61.5337503],[23.7122234,61.5335718],[23.712181,61.5333312],[23.7121188,61.5330904],[23.7123816,61.532939],[23.7126879,61.5330085],[23.7130093,61.5329311],[23.7129551,61.5327326],[23.7127727,61.5324153],[23.7129546,61.5321821],[23.7133106,61.5320952],[23.7133853,61.5321154],[23.7134176,61.5321385],[23.713427,61.5321387],[23.7134471,61.5321629],[23.7137009,61.532115],[23.7137435,61.5320802],[23.7137269,61.5320087],[23.7136821,61.5319613],[23.7136923,61.531866],[23.713648,61.5317413],[23.7137132,61.5316492],[23.7137074,61.5316007],[23.7135876,61.531499],[23.7137136,61.5313618],[23.7140944,61.5312487],[23.714162,61.5311992],[23.7142233,61.5312006],[23.7142583,61.5311682],[23.7146122,61.5305992],[23.7146599,61.5305744],[23.7148738,61.5305735],[23.7149613,61.5305587],[23.7152615,61.5305915],[23.7156236,61.5305875],[23.7157644,61.5305777],[23.7159715,61.5306138],[23.7162908,61.5306955],[23.7163488,61.5306495],[23.7164236,61.530624],[23.716517,61.5306634],[23.716621,61.5306648],[23.7166346,61.5307195],[23.7168087,61.53065],[23.716972,61.5306699],[23.717007,61.5306954],[23.717091,61.5306726],[23.7175163,61.5307137],[23.7181861,61.530827],[23.7183031,61.5308817],[23.7183138,61.5309411],[23.7183436,61.5309882],[23.7183971,61.5309983],[23.7184934,61.530999],[23.7185665,61.5309746],[23.7185855,61.530938],[23.7187134,61.5309109],[23.7188331,61.530864],[23.7196118,61.5309055],[23.7200849,61.5311559],[23.7208656,61.5312609],[23.7213256,61.5314389],[23.7219059,61.5315724],[23.7222927,61.5316551],[23.7226833,61.5317504],[23.7232332,61.5317727],[23.7231865,61.5319603],[23.7237735,61.532008],[23.7242138,61.5319794],[23.7254477,61.5316646],[23.7261147,61.5316805],[23.7262481,61.5313626],[23.7267017,61.5310732],[23.7268485,61.5305581],[23.7267618,61.5298745],[23.7274284,61.5296678],[23.7276101,61.529589],[23.7279075,61.5295339],[23.7282432,61.529517],[23.7283625,61.529481],[23.7283682,61.5293252],[23.7283901,61.5292815],[23.7286512,61.5291776],[23.7287473,61.5291271],[23.7289512,61.5289792],[23.729007,61.5288948],[23.7290145,61.5288188],[23.7289787,61.5287721],[23.7288937,61.5287825],[23.7288006,61.5287454],[23.7286741,61.5286978],[23.7287803,61.5286423],[23.7287847,61.5286255],[23.7287333,61.5286113],[23.7286471,61.5286334],[23.7284696,61.5286626],[23.7283938,61.5286883],[23.7282311,61.5287166],[23.7281473,61.5287135],[23.7281062,61.5286942],[23.7281388,61.5286693],[23.728138,61.5286307],[23.728126,61.5286076],[23.7280863,61.5285971],[23.7281008,61.5285694],[23.7281376,61.5285318],[23.7281143,61.5284985],[23.72808,61.5284862],[23.7279998,61.5284902],[23.7278697,61.5285077],[23.7277251,61.5284897],[23.7276657,61.5284739],[23.7276339,61.5284473],[23.7276398,61.5284237],[23.7277558,61.5283833],[23.7277801,61.5283395],[23.7277445,61.5283051],[23.7276753,61.5282676],[23.7276293,61.5282339],[23.7276026,61.5282051],[23.7276588,61.528165],[23.7277261,61.5281569],[23.7277946,61.5281383],[23.7278987,61.528139],[23.7280362,61.5281583],[23.7281889,61.528159],[23.7284194,61.5281067],[23.7284081,61.5279723],[23.7285848,61.5279249],[23.7289062,61.5280182],[23.7292503,61.5280783],[23.7294943,61.5281226],[23.7295481,61.5282535],[23.7296112,61.5282977],[23.729758,61.5283161],[23.729809,61.5282365],[23.7299623,61.5280321],[23.7296433,61.5277759],[23.7296433,61.5275787],[23.7292604,61.5274103],[23.7291998,61.5272673],[23.7291548,61.5268961],[23.7288923,61.5267957],[23.7287527,61.5267645],[23.7285506,61.5267339],[23.7284897,61.5267346],[23.7284416,61.5267397],[23.7284003,61.5267467],[23.7282826,61.526779],[23.7281705,61.5267855],[23.7280445,61.5267769],[23.727896,61.5267617],[23.7278045,61.5267566],[23.7277703,61.5267486],[23.7277512,61.5267371],[23.7277485,61.5267266],[23.7277596,61.5267032],[23.7278022,61.5266721],[23.7278167,61.5266388],[23.7278296,61.5265741],[23.727846,61.5265448],[23.7278742,61.5265242],[23.7279069,61.5265153],[23.7279432,61.5265148],[23.7279794,61.5265261],[23.7280019,61.5265379],[23.7280304,61.526541],[23.7280599,61.5265317],[23.7280799,61.5265104],[23.7280922,61.5264645],[23.7281,61.5264389],[23.7281176,61.5264192],[23.7281409,61.5264027],[23.728205,61.5263855],[23.7283986,61.5263425],[23.7284355,61.5263405],[23.7284579,61.5263464],[23.7284989,61.5263652],[23.7285485,61.5263705],[23.7286082,61.5263687],[23.7286535,61.5263592],[23.7286921,61.526332],[23.7286951,61.5263198],[23.7286845,61.5263132],[23.7286647,61.5263061],[23.7286562,61.5262985],[23.7286512,61.5262883],[23.7286589,61.5262735],[23.7286742,61.5262622],[23.7287299,61.5262481],[23.728755,61.5262375],[23.7287828,61.5262212],[23.7287982,61.5262059],[23.7288111,61.5261781],[23.7288156,61.5261523],[23.7288224,61.5261374],[23.7288383,61.5261202],[23.7288675,61.5261076],[23.7289018,61.5261046],[23.7289642,61.5261092],[23.7289999,61.5261143],[23.7293261,61.5261949],[23.7296888,61.5262745],[23.7297912,61.5262937],[23.7298217,61.5262957],[23.729909,61.5262937],[23.7299791,61.5262948],[23.7300233,61.5263013],[23.7304617,61.5263486],[23.7304733,61.5263506],[23.7304794,61.5263549],[23.7304759,61.5263589],[23.7304342,61.5263807],[23.7303968,61.5264014],[23.7303919,61.5264074],[23.7303973,61.5264162],[23.7304081,61.526421],[23.7304327,61.5264254],[23.7304481,61.5264234],[23.7305513,61.5263856],[23.7306468,61.5263553],[23.7308162,61.5262916],[23.730874,61.5262646],[23.7309909,61.5261861],[23.7310335,61.5261716],[23.7310953,61.5261523],[23.7311423,61.5261228],[23.7311558,61.5261038],[23.7311626,61.5260728],[23.7311535,61.5260603],[23.7311421,61.5260429],[23.7311485,61.5260327],[23.7311711,61.5260222],[23.7311924,61.5260095],[23.7311875,61.5259938],[23.7311703,61.5259797],[23.7311527,61.5259659],[23.7310872,61.5259276],[23.7309493,61.5258884],[23.7309197,61.5258753],[23.7308612,61.525831],[23.7308114,61.5258079],[23.7307627,61.5257927],[23.7307047,61.5257819],[23.7306179,61.5257416],[23.7305717,61.5257067],[23.7305618,61.5256788],[23.7305664,61.5256397],[23.7305708,61.5255886],[23.7305618,61.5255552],[23.730551,61.5255456],[23.7305296,61.5255387],[23.7304922,61.5255363],[23.7304688,61.5255382],[23.7304291,61.5255463],[23.730397,61.5255601],[23.730334,61.5256024],[23.730239,61.5257324],[23.7302202,61.5257511],[23.7301935,61.5257704],[23.7301385,61.525791],[23.7299815,61.5258222],[23.7298471,61.5258474],[23.729739,61.5258524],[23.7296693,61.5258511],[23.7296399,61.5258464],[23.7296165,61.5258389],[23.7295883,61.5258194],[23.7293837,61.5256462],[23.7293052,61.5255561],[23.7292757,61.5255293],[23.7292133,61.5254926],[23.7291499,61.5254668],[23.7291295,61.5254539],[23.7291122,61.5254388],[23.7291004,61.5254312],[23.7290868,61.5254296],[23.7290777,61.5254319],[23.7290698,61.5254363],[23.7290574,61.5254469],[23.7290135,61.5254673],[23.7289577,61.525481],[23.7289382,61.5254891],[23.7288922,61.5255203],[23.7288252,61.525569],[23.7286804,61.5256418],[23.728598,61.5257148],[23.7285002,61.5258086],[23.7284788,61.5258231],[23.7284287,61.5258445],[23.7283892,61.525852],[23.7283423,61.5258534],[23.7283187,61.5258503],[23.7282858,61.5258429],[23.7282336,61.5258248],[23.7280966,61.5257816],[23.7280711,61.5257762],[23.7280535,61.5257747],[23.7280258,61.5257782],[23.7280091,61.5257891],[23.7279831,61.5258204],[23.7279552,61.5258602],[23.7279228,61.5258843],[23.7278724,61.5259192],[23.7278609,61.5259303],[23.7278599,61.5259399],[23.7278632,61.5259485],[23.7278866,61.5259729],[23.7279324,61.5260327],[23.7279417,61.5260543],[23.7279416,61.5260826],[23.7279203,61.526122],[23.7278954,61.5261489],[23.7278931,61.5261581],[23.727896,61.5261662],[23.7279206,61.5261934],[23.7279239,61.5262017],[23.7279241,61.5262192],[23.727918,61.5262286],[23.7278931,61.5262384],[23.7278688,61.5262427],[23.7278406,61.5262436],[23.7278176,61.5262395],[23.7277933,61.5262287],[23.7277854,61.5262196],[23.7277871,61.5262057],[23.72781,61.5261816],[23.727809,61.526176],[23.7277976,61.5261704],[23.7277804,61.5261693],[23.7277328,61.5261734],[23.7276179,61.5261477],[23.7275609,61.5261434],[23.7275237,61.5261456],[23.7274527,61.5261603],[23.7274,61.526164],[23.7273659,61.5261612],[23.7273565,61.5261562],[23.7273539,61.5261514],[23.7273656,61.5261428],[23.7273658,61.526137],[23.7273565,61.5261349],[23.7273439,61.5261358],[23.7272898,61.5261532],[23.7272647,61.5261558],[23.7272075,61.5261523],[23.7270888,61.5261322],[23.7270734,61.5261275],[23.7270629,61.5261217],[23.7270608,61.5261167],[23.727073,61.526096],[23.7270709,61.5260904],[23.7270577,61.5260879],[23.727045,61.5260899],[23.727003,61.5261107],[23.7269928,61.5261138],[23.7269811,61.5261129],[23.7269263,61.5261046],[23.7268508,61.5261039],[23.7268163,61.5260985],[23.7267932,61.5261003],[23.7267885,61.5261107],[23.7267917,61.5261222],[23.7267707,61.5261339],[23.7267318,61.5261407],[23.7266957,61.5261506],[23.7266762,61.5261576],[23.7266716,61.5261764],[23.7266829,61.526207],[23.7266986,61.5262688],[23.7266904,61.5263351],[23.7266362,61.5264307],[23.7266459,61.5265806],[23.7266683,61.5266821],[23.726702,61.5267517],[23.7267399,61.5268012],[23.7268444,61.5268592],[23.7271055,61.5269876],[23.7271592,61.5270385],[23.7272651,61.5272283],[23.7272509,61.5272931],[23.7271883,61.5273324],[23.7271018,61.5273652],[23.7270038,61.527371],[23.7269182,61.5273602],[23.7268589,61.5273408],[23.72683,61.5273151],[23.7268086,61.5272913],[23.7267626,61.5272662],[23.7267046,61.5272526],[23.7265778,61.5272462],[23.7262986,61.5272621],[23.7261869,61.5272554],[23.7260483,61.527261],[23.7258421,61.5273005],[23.7257235,61.5272995],[23.7256223,61.5273287],[23.7256353,61.5274538],[23.7254423,61.527457],[23.7252789,61.527389],[23.7251099,61.5272128],[23.7249186,61.5271109],[23.7247476,61.5270079],[23.7248085,61.526911],[23.7248249,61.5268327],[23.7247797,61.5267397],[23.7249543,61.5266031],[23.7250065,61.5264505],[23.7251128,61.526373],[23.7249712,61.5263211],[23.7247613,61.5262871],[23.7245402,61.526285],[23.7242854,61.5263106],[23.7239306,61.5263175],[23.7237244,61.5262813],[23.7235155,61.5262659],[23.7232789,61.5262319],[23.7230584,61.5262259],[23.7227813,61.5261751],[23.7227545,61.5261297],[23.7226605,61.5261209],[23.7225578,61.5261192],[23.7224953,61.5259751],[23.7225921,61.5258711],[23.7225959,61.5257794],[23.7224885,61.5257036],[23.7223117,61.5256898],[23.7221683,61.5257343],[23.7221328,61.5259257],[23.7221484,61.5260373],[23.7221696,61.5260799],[23.7220625,61.5260269],[23.7218031,61.5260216],[23.7215899,61.5260136],[23.7214491,61.5259738],[23.7212908,61.5259791],[23.7211559,61.5260481],[23.7208653,61.5260905],[23.7203851,61.5258488],[23.7208787,61.5256453],[23.7213056,61.5253018],[23.7206652,61.5251364],[23.7206919,61.5249711],[23.7198819,61.5248794],[23.7193727,61.525016],[23.7191177,61.5253591],[23.7185041,61.5252891],[23.7178771,61.5250474],[23.7180505,61.5246594],[23.7175169,61.5242969],[23.7166765,61.5242492],[23.7159361,61.5241061],[23.7154158,61.524176],[23.7148155,61.5242842],[23.7140418,61.524316],[23.7135615,61.5243478],[23.7132909,61.5244059],[23.712541,61.5245545],[23.7114137,61.5247644],[23.7110602,61.5251523],[23.7106466,61.5252732],[23.7102398,61.5252255],[23.7099663,61.5251015],[23.7092634,61.5250522],[23.7089524,61.5250792],[23.7088297,61.5250378],[23.7088297,61.5249673],[23.7085809,61.5249449],[23.7083383,61.524758],[23.7084522,61.5245195],[23.7083187,61.5245153],[23.7082044,61.52448],[23.7080853,61.5245068],[23.7077828,61.5246816],[23.7075018,61.5246451],[23.7072664,61.5245778],[23.7068653,61.5244375],[23.7069346,61.5243503],[23.7069287,61.5242995],[23.7068637,61.5242773],[23.7067867,61.5242853],[23.7066896,61.5243269],[23.7066418,61.5243493],[23.7065033,61.5243277],[23.7063017,61.5243065],[23.706073,61.5242893],[23.7059214,61.5242877],[23.7057496,61.5242876],[23.705683,61.5242973],[23.7056413,61.5243099],[23.70563,61.5243298],[23.705669,61.52435],[23.7057233,61.524363],[23.7060562,61.5243454],[23.7064529,61.5243774],[23.7065595,61.5244178],[23.7065565,61.5244834],[23.70651,61.5245188],[23.7065909,61.5245426],[23.7066381,61.5245127],[23.7067404,61.5244776],[23.7068086,61.5244941],[23.706685,61.5245723],[23.7070508,61.5253582],[23.7068397,61.5253775],[23.7066928,61.5253931],[23.7066416,61.5253921],[23.706612,61.5253914],[23.7065922,61.5253876],[23.7065561,61.5253898],[23.7065125,61.5253947],[23.7065074,61.5254277],[23.7064444,61.5254226],[23.7062467,61.5254548],[23.7062065,61.5254597],[23.7056128,61.5255312],[23.7055703,61.5255362],[23.704959,61.5255964],[23.704842,61.5256107],[23.704831,61.5256107],[23.7048213,61.525593],[23.7047856,61.5255975],[23.7047421,61.5256029],[23.7047507,61.5256184],[23.7043427,61.5256311],[23.7040754,61.5254038],[23.7038323,61.525156],[23.7035749,61.5249924],[23.70336,61.5249273],[23.7031653,61.5248305],[23.7030224,61.5247091],[23.7029699,61.5245604],[23.7029515,61.5245039],[23.7028862,61.5244515],[23.7027518,61.5243851],[23.7026585,61.5243335],[23.7025721,61.5243001],[23.7024877,61.5242804],[23.7023994,61.5242425],[23.7023413,61.5241915],[23.7028285,61.5239676],[23.7030974,61.5238245],[23.7033681,61.5236968],[23.7034605,61.5236093],[23.7035247,61.5235299],[23.7035634,61.5234388],[23.7036216,61.5233273],[23.7037345,61.5232316],[23.7038329,61.5231864],[23.7039702,61.523169],[23.7041989,61.5232082],[23.7047168,61.5232683],[23.7053993,61.5234074],[23.7054481,61.5233714],[23.7055884,61.5234068],[23.7060599,61.5235531],[23.7061765,61.5236149],[23.7062571,61.5236804],[23.7063558,61.5237948],[23.7064121,61.5238773],[23.7064309,61.5239157],[23.7064816,61.5239381],[23.7066288,61.5239236],[23.7066968,61.5238873],[23.7067328,61.5238219],[23.7066456,61.5236227],[23.70654,61.5235212],[23.7064366,61.5234603],[23.7060611,61.5233258],[23.7055741,61.5231908],[23.7052307,61.5231167],[23.7046288,61.5230181],[23.7040018,61.5229402],[23.7032911,61.5230194],[23.7028711,61.522842],[23.7034565,61.5220475],[23.703611,61.5213605],[23.7036935,61.5212497],[23.7038532,61.5211951],[23.7039855,61.521162],[23.70425,61.5210957],[23.7047021,61.5209681],[23.7046774,61.5209081],[23.7045591,61.5207977],[23.7045829,61.5205634],[23.7045208,61.5204236],[23.7044811,61.5202558],[23.7044332,61.5200938],[23.7044118,61.5200307],[23.7044311,61.519958],[23.7044168,61.5198745],[23.7043767,61.5198331],[23.7043204,61.519823],[23.7042683,61.5198369],[23.7042706,61.5198531],[23.7043177,61.5198781],[23.7043289,61.5199109],[23.704315,61.5199433],[23.7041966,61.5199628],[23.7040977,61.5199512],[23.7038522,61.5199753],[23.7036729,61.5198836],[23.7034121,61.5198307],[23.7032554,61.5196459],[23.7026669,61.5195405],[23.702319,61.5194868],[23.7017803,61.5193298],[23.7016137,61.5192983],[23.7014255,61.5192627],[23.7010567,61.51917],[23.7000403,61.5189795],[23.6996156,61.5188574],[23.6988016,61.5188319],[23.698015,61.5187774],[23.6969492,61.5188089],[23.6957145,61.5187709],[23.6953248,61.5187652],[23.6946372,61.5187552],[23.6942368,61.5187191],[23.6935886,61.5183974],[23.6929348,61.5180821],[23.6921724,61.517712],[23.6911103,61.5171497],[23.6903715,61.516768],[23.69003,61.5164889],[23.6896472,61.5162038],[23.6889746,61.5158688],[23.6886842,61.51568],[23.6883548,61.5156336],[23.6881112,61.5155078],[23.687631,61.5154135],[23.6868031,61.5154847],[23.6864683,61.5154739],[23.6863019,61.5153326],[23.6862099,61.5149279],[23.6861628,61.5145691],[23.6863239,61.5140777],[23.6865524,61.5136419],[23.6865635,61.5135984],[23.6866451,61.5135765],[23.687143,61.5135323],[23.6877618,61.5134919],[23.688301,61.5135488],[23.6884336,61.513536],[23.6885244,61.513505],[23.6886114,61.5135197],[23.6886582,61.5134026],[23.6886119,61.5133968],[23.688548,61.5133223],[23.6885248,61.5132949],[23.6884998,61.5132547],[23.6884677,61.5132139],[23.6884011,61.5131834],[23.6883063,61.5131501],[23.6882833,61.513149],[23.688213,61.5131321],[23.6881548,61.5131519],[23.6880363,61.5131674],[23.6878813,61.5131971],[23.6876698,61.5132234],[23.687388,61.5131942],[23.6870976,61.5131705],[23.6869652,61.5129769],[23.6869004,61.5127856],[23.6869055,61.5127192],[23.6869368,61.5126354],[23.6869695,61.5125856],[23.686993,61.5125193],[23.6870143,61.5123842],[23.6871008,61.5122308],[23.6871696,61.5121478],[23.6872198,61.5120824],[23.6872757,61.5120561],[23.6873853,61.5120268],[23.6874892,61.5119874],[23.6876564,61.5119524],[23.687808,61.5119218],[23.6878718,61.5118682],[23.6879161,61.5118395],[23.6879215,61.5118081],[23.687926,61.5117993],[23.6880048,61.5116445],[23.6880875,61.5114809],[23.6880933,61.5114394],[23.6880987,61.5114123],[23.6881365,61.511368],[23.6881972,61.5110443],[23.6879976,61.5109306],[23.68821,61.5106816],[23.6883857,61.5106502],[23.6891567,61.5105922],[23.6898293,61.5104794],[23.6904261,61.5103518],[23.6907798,61.5102478],[23.6913848,61.5100729],[23.6924461,61.509794],[23.6931143,61.5096219],[23.6936514,61.5095259],[23.6943303,61.5093858],[23.69485,61.5092803],[23.6955386,61.5091546],[23.696581,61.5089798],[23.6974775,61.5088263],[23.6977064,61.5088299],[23.6978711,61.5088393],[23.6979884,61.5088398],[23.6981206,61.5088284],[23.6982884,61.508815],[23.6986002,61.5087901],[23.6988245,61.5087742],[23.6989263,61.508755],[23.6989901,61.5087266],[23.699156,61.5086691],[23.6992693,61.5086519],[23.6993519,61.5086563],[23.6994069,61.508667],[23.6994454,61.508679],[23.6994882,61.5086941],[23.6995414,61.5086998],[23.6996055,61.5086988],[23.6997272,61.508681],[23.6997726,61.5086601],[23.6998029,61.5086245],[23.6998785,61.5086051],[23.7002421,61.5085131],[23.7006875,61.5084134],[23.7013195,61.5082992],[23.7015478,61.508286],[23.7017906,61.5082455],[23.7031291,61.5084878],[23.7033689,61.5085076],[23.7034354,61.5085131],[23.7036471,61.5085763],[23.7037503,61.50862],[23.7039284,61.5086559],[23.7038644,61.508693],[23.7039954,61.5087309],[23.7040482,61.5087462],[23.7042514,61.5087833],[23.7044713,61.5087324],[23.7046634,61.5086399],[23.7046885,61.5085695],[23.7046631,61.508553],[23.7046146,61.5085486],[23.7045954,61.5085399],[23.7045955,61.5085289],[23.7045744,61.5085264],[23.7045727,61.5085193],[23.7045767,61.5085141],[23.7046042,61.5085122],[23.704614,61.5085064],[23.7046232,61.5084976],[23.7046472,61.5084916],[23.7047272,61.5084888],[23.7047724,61.508407],[23.7047957,61.508365],[23.7049293,61.5082953],[23.7051461,61.5081991],[23.7052629,61.5081422],[23.7053096,61.5080778],[23.7055232,61.5079124],[23.7057939,61.5078391],[23.7059507,61.5077608],[23.7061668,61.5077025],[23.7064491,61.5076704],[23.7065587,61.5076721],[23.7066383,61.5076841],[23.7067117,61.507667],[23.7067513,61.5076411],[23.7073097,61.507581],[23.7080098,61.5075075],[23.7080187,61.5075262],[23.7080701,61.5075206],[23.7087137,61.5074494],[23.7087666,61.5074442],[23.7093205,61.5073816],[23.7093694,61.5073765],[23.7098809,61.5073205],[23.7099272,61.5073891],[23.7101355,61.507698],[23.7101736,61.5077099],[23.7104472,61.5076815],[23.7104434,61.5076709],[23.7126909,61.5074612],[23.7126874,61.5074487],[23.7128239,61.5074396],[23.712839,61.5074839],[23.7128691,61.5074875],[23.7129717,61.507514],[23.7130064,61.5075213],[23.7130275,61.5075667],[23.7130093,61.5075738],[23.7130264,61.5075881],[23.7130235,61.5076],[23.7129931,61.5076419],[23.7128991,61.50776],[23.7128365,61.5078109],[23.7128307,61.5077961],[23.7107624,61.5080247],[23.7108293,61.5081638],[23.7071331,61.5088119],[23.7070672,61.5087374],[23.7070075,61.5087429],[23.7069635,61.5087556],[23.7069363,61.5087754],[23.706946,61.5087954],[23.7069456,61.5088114],[23.7069641,61.5088441],[23.7070239,61.5088937],[23.7071141,61.5089183],[23.7074476,61.50886],[23.7104121,61.5083414],[23.710559,61.5083229],[23.7107794,61.5083138],[23.7109037,61.5083095],[23.711029,61.5082999],[23.7111358,61.508257],[23.7112093,61.5082241],[23.7114767,61.5081711],[23.7119421,61.5081589],[23.7121658,61.5081699],[23.7123401,61.5081811],[23.7126131,61.5082664],[23.7127394,61.5082813],[23.713035,61.5084057],[23.7130489,61.5084888],[23.7132265,61.508692],[23.7133915,61.5087414],[23.7133863,61.5088057],[23.7133136,61.5088553],[23.7132358,61.5088776],[23.7129659,61.5088924],[23.7127556,61.5088751],[23.7123793,61.5088577],[23.7121146,61.5088825],[23.7119096,61.508854],[23.7118421,61.5088528],[23.7117954,61.5088738],[23.7117279,61.5089642],[23.7110056,61.5090989],[23.7109596,61.5091075],[23.7102851,61.5092333],[23.7102423,61.5092414],[23.7096646,61.5093505],[23.7095405,61.5093605],[23.709521,61.5093621],[23.7094959,61.5093641],[23.709418,61.5093505],[23.7093609,61.5093047],[23.7092805,61.5092812],[23.7091896,61.509296],[23.7089768,61.5094607],[23.7089145,61.5094829],[23.7087952,61.5094966],[23.7083903,61.5095114],[23.7077259,61.5095151],[23.7068668,61.5095052],[23.7067708,61.5095065],[23.7066799,61.5094669],[23.706558,61.5093851],[23.7064386,61.5093926],[23.7062024,61.5094458],[23.7061816,61.5094718],[23.706301,61.5095783],[23.7076818,61.5095894],[23.7086758,61.5095919],[23.7091559,61.5095189],[23.7111958,61.5091598],[23.7118343,61.5090224],[23.7121976,61.5089605],[23.7127011,61.5089518],[23.7128309,61.508963],[23.7129581,61.50901],[23.7130982,61.5090212],[23.7133396,61.5089716],[23.7135005,61.5089097],[23.7135887,61.5087983],[23.7136857,61.5087328],[23.713774,61.5086134],[23.7138524,61.5085691],[23.7138815,61.5085375],[23.7139803,61.5085239],[23.7140662,61.5085147],[23.7141921,61.508486],[23.7143334,61.508457],[23.7144657,61.5083875],[23.714912,61.5080301],[23.7151403,61.5079039],[23.7152878,61.5078375],[23.7156191,61.5077645],[23.7158446,61.5077007],[23.7161119,61.5076277],[23.7161843,61.5076131],[23.7163012,61.5076011],[23.7163792,61.5075732],[23.7164599,61.5075387],[23.7166798,61.5074909],[23.7167856,61.507471],[23.7170445,61.5074258],[23.7172116,61.507382],[23.7174956,61.5073289],[23.7178324,61.5072744],[23.7181192,61.507212],[23.718147,61.5071974],[23.7183363,61.5071708],[23.7185702,61.5071456],[23.7186231,61.507123],[23.7186843,61.5070991],[23.7187623,61.5070925],[23.7188263,61.5070818],[23.7191994,61.50705],[23.7193414,61.5070407],[23.719411,61.5070327],[23.7195502,61.5070234],[23.7196365,61.5070088],[23.7196699,61.5069889],[23.7196755,61.5069623],[23.7196476,61.5069265],[23.7195836,61.5068919],[23.7195251,61.5068786],[23.71945,61.50688],[23.719411,61.5068893],[23.7193943,61.5069025],[23.7194082,61.5069424],[23.7193664,61.5069623],[23.7192857,61.5069809],[23.7191743,61.5069809],[23.7188597,61.5070101],[23.7187345,61.5070287],[23.7186593,61.5070168],[23.7185507,61.5070048],[23.7184672,61.5070022],[23.7184032,61.5070154],[23.718367,61.5070473],[23.7183141,61.5070792],[23.7182584,61.5071018],[23.7165044,61.5074404],[23.7164376,61.5074524],[23.716368,61.5074484],[23.7162706,61.5074338],[23.7161314,61.5074258],[23.7160506,61.5074657],[23.7160284,61.5075201],[23.7160172,61.5075639],[23.7159393,61.5075932],[23.7159087,61.5076091],[23.7156136,61.5076768],[23.7152748,61.5077538],[23.7151802,61.5077832],[23.7150878,61.5078267],[23.7149179,61.5079208],[23.714415,61.5082249],[23.714391,61.5082304],[23.7143568,61.5082298],[23.7142371,61.508207],[23.7141903,61.5082064],[23.7141447,61.5082124],[23.7141185,61.5081972],[23.7140432,61.5082309],[23.7140669,61.5082416],[23.7140347,61.5082628],[23.7140291,61.5082933],[23.7140541,61.5083239],[23.7141154,61.5083743],[23.7141098,61.5083943],[23.7140152,61.5084208],[23.7138302,61.5084557],[23.7137216,61.5084567],[23.7134655,61.5084387],[23.7133586,61.5084206],[23.7132094,61.5083739],[23.7126748,61.5081433],[23.7126461,61.5080998],[23.7126888,61.5080618],[23.7130286,61.507966],[23.7131789,61.5079171],[23.7131975,61.5079075],[23.7135296,61.507663],[23.7136135,61.5075923],[23.7136282,61.5075805],[23.713592,61.5075727],[23.7138414,61.5073623],[23.7139436,61.5072379],[23.7139419,61.5072195],[23.7138971,61.5071891],[23.7139536,61.5071323],[23.7140152,61.5070829],[23.7141858,61.5070142],[23.714285,61.5069822],[23.7143397,61.5069662],[23.7143645,61.5069574],[23.7143746,61.5069526],[23.7143776,61.5069463],[23.7143817,61.5069383],[23.7145027,61.5068744],[23.7154488,61.5065908],[23.7158596,61.5064409],[23.7159644,61.5064079],[23.716191,61.5063401],[23.716294,61.5063336],[23.7168087,61.5063052],[23.7170071,61.5063362],[23.7172023,61.5063667],[23.7172985,61.5063934],[23.7174691,61.5064512],[23.7179844,61.5064531],[23.7181533,61.5064216],[23.718587,61.5063737],[23.7188128,61.5063391],[23.7189776,61.5063218],[23.7192705,61.5062834],[23.7195434,61.5062407],[23.7206985,61.5061248],[23.7210278,61.5061226],[23.7212623,61.5061636],[23.72147,61.5061914],[23.7216476,61.5062709],[23.7217235,61.5063262],[23.7219084,61.5064575],[23.7220811,61.5064941],[23.7222458,61.5065125],[23.7224701,61.5064996],[23.7227593,61.5064977],[23.7230772,61.5064529],[23.7234085,61.5063561],[23.7239685,61.5061078],[23.7243247,61.5059899],[23.7249491,61.5058318],[23.7253311,61.5057317],[23.7257164,61.5056512],[23.7260127,61.5056622],[23.7262111,61.5057167],[23.7263979,61.5057455],[23.7266368,61.5057142],[23.7267832,61.5056486],[23.7269087,61.5055667],[23.7269917,61.5054729],[23.7269838,61.5053486],[23.7269063,61.5052769],[23.7267728,61.5052005],[23.7265825,61.5051367],[23.7263547,61.5050835],[23.7262927,61.5050354],[23.7264183,61.5049294],[23.72657,61.5048209],[23.726728,61.5046309],[23.7268201,61.5045536],[23.7269721,61.5044294],[23.7269661,61.5043817],[23.7270225,61.504353],[23.7271089,61.5043237],[23.727144,61.5043034],[23.7271453,61.5042842],[23.7271002,61.5042783],[23.7270588,61.5042884],[23.7270312,61.5043141],[23.7269736,61.5043458],[23.7269109,61.5043518],[23.726811,61.5043287],[23.7267781,61.5043117],[23.7267547,61.5042804],[23.726743,61.5042502],[23.7267522,61.5042211],[23.7267809,61.5042047],[23.7268176,61.5041837],[23.7268596,61.5041597],[23.7269792,61.504118],[23.7270349,61.5041115],[23.7270539,61.504114],[23.727152,61.5041266],[23.7273359,61.5041577],[23.727472,61.5041737],[23.7277436,61.5040813],[23.7279841,61.5040608],[23.7289563,61.5039777],[23.7309474,61.5041617],[23.730959,61.5041397],[23.7309558,61.50413],[23.7309518,61.5041177],[23.7309414,61.5041067],[23.7303793,61.5040458],[23.730243,61.5040028],[23.7299966,61.5039373],[23.7299658,61.5038814],[23.7299728,61.5037959],[23.7300197,61.5036206],[23.73009,61.5034777],[23.7300949,61.5033793],[23.7302224,61.5032816],[23.7304233,61.5032361],[23.7306159,61.5032374],[23.7307205,61.5032733],[23.7307643,61.5032954],[23.7308811,61.5032977],[23.7308981,61.5032699],[23.7309127,61.5032408],[23.7309638,61.5032037],[23.7311112,61.5031763],[23.7312175,61.503149],[23.7313321,61.5031279],[23.731442,61.5031142],[23.7315393,61.5030987],[23.7316505,61.5030997],[23.7317497,61.5031046],[23.7318575,61.5031085],[23.7322394,61.5033095],[23.7324052,61.5033224],[23.7325221,61.5033882],[23.7325649,61.5034666],[23.7324747,61.5035357],[23.7324365,61.5035555],[23.732393,61.5035607],[23.7323445,61.5035953],[23.7323723,61.5036072],[23.7323096,61.5036406],[23.732413,61.5036701],[23.7325738,61.5035635],[23.7327016,61.5035615],[23.7328081,61.5035817],[23.7328624,61.5035619],[23.7329001,61.5035893],[23.7328415,61.5036264],[23.7329249,61.5037041],[23.7337129,61.5038758],[23.734329,61.5036503],[23.7345883,61.503657],[23.7352014,61.5038177],[23.7353484,61.5039495],[23.7354662,61.5040069],[23.7355264,61.5040144],[23.7355709,61.5040165],[23.7356128,61.5040049],[23.7356408,61.504009],[23.7356615,61.504035],[23.735651,61.5040558],[23.7357732,61.5041741],[23.7359757,61.504234],[23.7361608,61.5042474],[23.7362605,61.5043094],[23.7363595,61.5043265],[23.7364422,61.50431],[23.7365705,61.5042664],[23.7366977,61.5042776],[23.7368137,61.5042688],[23.737102,61.504296],[23.7373414,61.5043668],[23.7376829,61.5044754],[23.7382082,61.5048037],[23.7390087,61.5049644],[23.7393097,61.5051655],[23.7397933,61.5053639],[23.7410829,61.5058824],[23.7413332,61.5059466],[23.7417178,61.5060453],[23.7421812,61.5061066],[23.7433958,61.5062674],[23.7435527,61.5064761],[23.7436436,61.506597],[23.7437304,61.5066078],[23.7438258,61.5066319],[23.7439264,61.5066781],[23.7440332,61.5067582],[23.7442426,61.5068068],[23.7444082,61.506858],[23.7444176,61.5069471],[23.7444223,61.5069804],[23.7443946,61.5070195],[23.7444704,61.5070564],[23.744559,61.5070483],[23.74459,61.5070108],[23.7446547,61.5070109],[23.7447071,61.5069999],[23.7447552,61.5069827],[23.7448093,61.5069538],[23.7448268,61.5069041],[23.7448023,61.5068926],[23.7448545,61.5068502],[23.7449405,61.5067915],[23.7450008,61.5067429],[23.7451988,61.5067363],[23.7452873,61.5067502],[23.7453159,61.5067502],[23.7453364,61.5067657],[23.7453587,61.5067751],[23.7453984,61.5067826],[23.7454312,61.5067832],[23.7454599,61.5067805],[23.7454865,61.5067769],[23.7455152,61.5067703],[23.745545,61.5067622],[23.7455573,61.5067671],[23.7456324,61.506754],[23.7456627,61.5067603],[23.7456968,61.5067607],[23.7457277,61.5067574],[23.7457529,61.5067495],[23.7457698,61.5067381],[23.745832,61.5067355],[23.7458911,61.5067315],[23.7459442,61.506723],[23.7459879,61.5067099],[23.7460149,61.5066948],[23.746049,61.5066958],[23.7461166,61.5066939],[23.7461255,61.5066761],[23.746305,61.5066522],[23.7463838,61.506664],[23.7464702,61.5066609],[23.746642,61.5066776],[23.7466363,61.5066973],[23.7468659,61.506751],[23.7469965,61.5067617],[23.7473878,61.5068547],[23.747498,61.506852],[23.7477102,61.5068956],[23.7477797,61.5069086],[23.7481338,61.5068977],[23.7482416,61.5068878],[23.7482944,61.5068725],[23.7486143,61.5066632],[23.7489987,61.5063362],[23.7490374,61.5063078],[23.7491066,61.506299],[23.7496021,61.5062891],[23.7497099,61.5062979],[23.7499715,61.5063515],[23.7502498,61.5063888],[23.7503294,61.5063789],[23.7503822,61.5063646],[23.7504143,61.5063417],[23.7504831,61.5060998],[23.7504854,61.5060429],[23.7504785,61.5060221],[23.7504349,61.5060067],[23.7501003,61.5059887],[23.7493618,61.5060058],[23.7488313,61.5059579],[23.7487641,61.5059513],[23.7486841,61.5059434],[23.748589,61.5058477],[23.7486194,61.5058145],[23.7482114,61.5056717],[23.7478202,61.5054951],[23.7475671,61.5057181],[23.7467707,61.5054774],[23.7469279,61.5053742],[23.7470943,61.5052256],[23.7471293,61.5051004],[23.7472011,61.5051001],[23.7471945,61.5049867],[23.7468467,61.5048345],[23.7464069,61.5046482],[23.7460045,61.5044755],[23.7459898,61.5044692],[23.7459497,61.504452],[23.7456899,61.5043419],[23.7453462,61.5041961],[23.7450853,61.5040855],[23.7449151,61.5040133],[23.7434398,61.5033878],[23.7435843,61.5028887],[23.7436823,61.5028807],[23.7449737,61.5029645],[23.7448964,61.503215],[23.7448375,61.5034208],[23.7455704,61.5036793],[23.7459167,61.5038014],[23.7461928,61.5038988],[23.7465708,61.504032],[23.7470788,61.5042428],[23.748294,61.5047471],[23.7485732,61.5046267],[23.7479957,61.5042355],[23.7476109,61.5038943],[23.7476664,61.5038751],[23.7477108,61.5038554],[23.7477941,61.5038223],[23.7490324,61.5044088],[23.7492833,61.5045276],[23.7493226,61.5045476],[23.7503886,61.5050916],[23.7508993,61.5052766],[23.7519181,61.5056357],[23.7522162,61.505663],[23.7542546,61.5062336],[23.7556137,61.5066122],[23.7557673,61.5066943],[23.7562166,61.5067769],[23.7566283,61.5069273],[23.7570022,61.5070947],[23.7573107,61.5073955],[23.7575907,61.5076715],[23.7579126,61.5078489],[23.7582662,61.5080227],[23.7586323,61.5081232],[23.7589023,61.5081565],[23.7591545,61.5081877],[23.7598368,61.50823],[23.7609307,61.508206],[23.7613839,61.5081966],[23.7616876,61.5081861],[23.7617183,61.5081851],[23.7621973,61.5081685],[23.7631036,61.5081173],[23.7632365,61.5081392],[23.7645294,61.5082368],[23.7645642,61.5082805],[23.7646251,61.5083207],[23.7647075,61.5083494],[23.7653181,61.5084794],[23.7654453,61.5085072],[23.7655362,61.5085256],[23.7656988,61.5085584],[23.7660381,61.5086273],[23.7663271,61.5087047],[23.7666396,61.5087614],[23.7667738,61.5087901],[23.766936,61.5088113],[23.7670258,61.508833],[23.7670943,61.508851],[23.76716,61.5088689],[23.7672364,61.508881],[23.767286,61.5088881],[23.7673303,61.5089079],[23.7673947,61.5089309],[23.7674376,61.5089449],[23.7674724,61.5089564],[23.7675154,61.508982],[23.767569,61.5089884],[23.7676119,61.5090243],[23.7676709,61.5090601],[23.7678077,61.5091113],[23.7679338,61.5091676],[23.7680625,61.50922],[23.7681618,61.509261],[23.768253,61.5092955],[23.7683066,61.5093249],[23.7683629,61.5093492],[23.7684488,61.5093748],[23.768489,61.509394],[23.7687757,61.5095468],[23.7692225,61.5097711],[23.7692509,61.5097788],[23.76929,61.5097806],[23.7693386,61.5097676],[23.7693487,61.5097538],[23.7693474,61.5097387],[23.7689953,61.5094961],[23.7685078,61.5092891],[23.7684917,61.5092737],[23.7684837,61.5092707],[23.7684662,61.5092641],[23.7684532,61.5092584],[23.7670372,61.5086429],[23.7670299,61.5086379],[23.7669601,61.5085842],[23.7669065,61.5085304],[23.7668877,61.5084665],[23.7669172,61.5083244],[23.7669977,61.5082106],[23.7670728,61.5081133],[23.7671388,61.5080789],[23.7672139,61.508063],[23.7673731,61.508059],[23.7675852,61.508064],[23.7676051,61.5080648],[23.7676509,61.5080666],[23.7682997,61.5080926],[23.7683636,61.5080938],[23.7690709,61.5081202],[23.7691286,61.5081214],[23.7697803,61.5081409],[23.7698392,61.5081422],[23.7705669,61.5081711],[23.7706195,61.5081732],[23.7708197,61.5081811],[23.771041,61.5082035],[23.7710252,61.5082389],[23.7710866,61.5082452],[23.7711023,61.5082098],[23.7714283,61.5082541],[23.7714751,61.5082605],[23.7716509,61.5082864],[23.7723012,61.5083989],[23.7727415,61.508467],[23.7728057,61.5084823],[23.7729279,61.5085061],[23.7730006,61.5085174],[23.7730591,61.5084719],[23.7731296,61.5084724],[23.7733315,61.5084763],[23.773337,61.5084244],[23.7734238,61.5084265],[23.7736038,61.5084729],[23.7736565,61.5084873],[23.7736843,61.5084882],[23.7737701,61.508478],[23.7738774,61.5084396],[23.7739397,61.5084819],[23.7740349,61.5084819],[23.774137,61.5084826],[23.7741361,61.508474],[23.7741589,61.5084729],[23.7742003,61.5084715],[23.7742503,61.5084698],[23.774332,61.5084703],[23.7747968,61.5084651],[23.7754562,61.5084537],[23.7755108,61.5085676],[23.7755378,61.5090264],[23.7755996,61.5104525],[23.7756191,61.510656],[23.7755354,61.5106507],[23.7755082,61.5106601],[23.7754725,61.510665],[23.7754185,61.5106434],[23.7748348,61.5106299],[23.7748114,61.5106297],[23.7736986,61.5106061],[23.7732346,61.5105962],[23.7731775,61.5105956],[23.7730428,61.5105931],[23.7730018,61.5105925],[23.7723856,61.5105815],[23.7723459,61.5105807],[23.7717358,61.51057],[23.7716939,61.5105689],[23.771502,61.5105656],[23.771502,61.5105881],[23.7710904,61.5105795],[23.7710446,61.5105784],[23.7710153,61.5105779],[23.7705102,61.5106586],[23.7704648,61.5106655],[23.7699334,61.5107537],[23.7698869,61.5107608],[23.7697022,61.5107909],[23.7696437,61.5107937],[23.7696134,61.5107931],[23.7695863,61.5107909],[23.7695488,61.5107826],[23.7695081,61.5107705],[23.7693954,61.5107312],[23.7691485,61.5105806],[23.7689316,61.5104424],[23.7687987,61.5103306],[23.768629,61.5101517],[23.7686076,61.5101551],[23.7684038,61.5099432],[23.7684149,61.509942],[23.7683154,61.5098369],[23.7683022,61.5098295],[23.7682832,61.5098264],[23.7682613,61.5098267],[23.7682386,61.5098327],[23.7682291,61.5098421],[23.7682255,61.5098564],[23.7682642,61.5098728],[23.7685388,61.5101708],[23.7685283,61.5101731],[23.7686572,61.5103087],[23.7687431,61.5103885],[23.7688536,61.51048],[23.7689431,61.5105384],[23.7689239,61.5105453],[23.7689532,61.5105636],[23.7689769,61.5105562],[23.7691367,61.5106551],[23.7693159,61.5107678],[23.7691773,61.5108834],[23.7690778,61.510965],[23.7689816,61.510942],[23.7689294,61.5109915],[23.7690256,61.5110145],[23.7689195,61.5111527],[23.7688918,61.511274],[23.769364,61.5117448],[23.7697045,61.511976],[23.769933,61.5120822],[23.7700844,61.5121405],[23.7706127,61.5122786],[23.7706273,61.5122981],[23.7710348,61.5124029],[23.7712444,61.5124473],[23.7714787,61.5124806],[23.7717683,61.5124883],[23.7719997,61.5124772],[23.7722151,61.512457],[23.7723723,61.5124598],[23.7725162,61.5124788],[23.7726412,61.5124693],[23.7727373,61.5124046],[23.7728944,61.5123671],[23.7730065,61.5123505],[23.7732627,61.512354],[23.7735086,61.5123942],[23.7735901,61.5124241],[23.7736469,61.5124595],[23.7736949,61.5125275],[23.7736978,61.5126094],[23.7736687,61.5127233],[23.7736425,61.5127441],[23.7735729,61.5128106],[23.7739103,61.5130044],[23.7740577,61.5129749],[23.7741268,61.5130521],[23.7741567,61.5130458],[23.7741744,61.5130667],[23.7741427,61.5130724],[23.7742087,61.5131502],[23.774044,61.51318],[23.7743035,61.5135347],[23.7742671,61.5136518],[23.7743999,61.5137603],[23.774448,61.513828],[23.77454,61.513866],[23.77467,61.514034],[23.77504,61.514214],[23.775299,61.514267],[23.7755976,61.5142916],[23.775663,61.514297],[23.7758789,61.5143313],[23.7759007,61.5143353],[23.7759202,61.5143388],[23.7760429,61.5143678],[23.776172,61.5144047],[23.777002,61.514618],[23.777416,61.514641],[23.7781735,61.5147589],[23.778414,61.5145155],[23.778358,61.514488],[23.778496,61.514351],[23.778509,61.514263],[23.7786379,61.5142253],[23.7790805,61.5142981],[23.7793622,61.5143932],[23.7795111,61.5144192],[23.7795283,61.5143987],[23.7794232,61.5143278],[23.779472,61.514278],[23.779558,61.514271],[23.7796784,61.5142987],[23.779758,61.514317],[23.779808,61.514359],[23.779779,61.514404],[23.779597,61.514411],[23.7795727,61.5144358],[23.779715,61.514496],[23.7797165,61.5145508],[23.7798384,61.5146258],[23.779858,61.5147421],[23.780005,61.514801],[23.780142,61.514828],[23.7801709,61.51488],[23.780197,61.514927],[23.780279,61.514969],[23.780375,61.514969],[23.78054,61.514912],[23.781019,61.514885],[23.7816737,61.5148699],[23.781746,61.514889],[23.781801,61.514931],[23.7817476,61.5150495],[23.7816719,61.5151212],[23.7815796,61.5151601],[23.78149,61.515175],[23.7806242,61.5151955],[23.780519,61.515198],[23.780407,61.515175],[23.780355,61.515091],[23.780272,61.515083],[23.779985,61.515213],[23.779961,61.515377],[23.779865,61.515438],[23.780146,61.515606],[23.78043,61.515549],[23.780474,61.51556],[23.780487,61.515587],[23.78043,61.515587],[23.780544,61.515659],[23.780439,61.515717],[23.780457,61.515751],[23.780733,61.515739],[23.780903,61.515678],[23.780912,61.515701],[23.78101,61.515697],[23.781054,61.515732],[23.780954,61.515781],[23.780972,61.5158],[23.781534,61.515934],[23.781603,61.516003],[23.7817,61.51601],[23.781662,61.516052],[23.781578,61.516068],[23.781691,61.516098],[23.7819052,61.5160902],[23.782539,61.516106],[23.782406,61.516006],[23.782452,61.515968],[23.782564,61.515987],[23.78273,61.515919],[23.783159,61.51593],[23.783537,61.515907],[23.783634,61.515865],[23.784025,61.515865],[23.784002,61.515839],[23.783792,61.51582],[23.783728,61.515762],[23.7835505,61.5157187],[23.783449,61.515694],[23.783394,61.51564],[23.7833216,61.5156264],[23.7833219,61.5155905],[23.783397,61.5155906],[23.7833973,61.5155547],[23.783495,61.515564],[23.783472,61.515495],[23.783785,61.515308],[23.784286,61.515236],[23.784359,61.515255],[23.784718,61.515244],[23.7848326,61.5153097],[23.7848283,61.5153377],[23.7848292,61.5153747],[23.7848476,61.515427],[23.7847178,61.5154736],[23.7846984,61.5155052],[23.784733,61.5155164],[23.7847369,61.5155287],[23.7846817,61.5155376],[23.7846571,61.5155592],[23.784636,61.5155812],[23.7847205,61.5156063],[23.7847497,61.5156142],[23.784782,61.5156302],[23.7848255,61.5156392],[23.7849177,61.515654],[23.78499,61.515653],[23.7851043,61.5156525],[23.7851202,61.5156253],[23.7851462,61.5156185],[23.7851583,61.5155721],[23.7851118,61.5155574],[23.7851121,61.5155419],[23.7851414,61.5155288],[23.7852016,61.5155336],[23.7852255,61.5155427],[23.7852362,61.5155689],[23.7852325,61.5155914],[23.7852861,61.5156078],[23.7853376,61.5156043],[23.7853381,61.5155694],[23.7853632,61.5155521],[23.7853786,61.5155259],[23.7854099,61.5155068],[23.7854199,61.5154642],[23.7854683,61.5154646],[23.7855303,61.5154754],[23.7855994,61.515477],[23.7856396,61.515468],[23.7857179,61.5154398],[23.785835,61.515438],[23.785925,61.5154392],[23.7860087,61.5154446],[23.7860154,61.5154568],[23.7860377,61.5154717],[23.7860728,61.5154667],[23.7861057,61.5154345],[23.7861343,61.5154266],[23.7861406,61.5154095],[23.7861748,61.5154148],[23.7862005,61.5154089],[23.7862529,61.5154148],[23.7862707,61.5154265],[23.786264,61.5154459],[23.7862183,61.5154805],[23.7861977,61.5154876],[23.7861838,61.5154993],[23.7861966,61.5155241],[23.7862172,61.5155382],[23.786244,61.5155275],[23.7862897,61.5155217],[23.7863298,61.5155095],[23.7863499,61.5155063],[23.78638,61.515561],[23.7864057,61.5156116],[23.7864436,61.5156031],[23.7864625,61.5155993],[23.7864793,61.5156031],[23.7864926,61.5156259],[23.7865149,61.5156413],[23.7865597,61.5156449],[23.7865819,61.515627],[23.7865992,61.5155939],[23.786632,61.5155664],[23.7866231,61.5155546],[23.7866309,61.5155387],[23.7866521,61.5155137],[23.7867043,61.5154882],[23.7868354,61.5155146],[23.7868436,61.5155357],[23.7868584,61.5155823],[23.7868673,61.5156265],[23.786863,61.5156907],[23.7868711,61.5157152],[23.786937,61.5157171],[23.7870106,61.5157153],[23.7870379,61.5156919],[23.787057,61.5156538],[23.7870757,61.5156446],[23.7871085,61.5156459],[23.7871462,61.5156512],[23.7871595,61.5156935],[23.787184,61.5156956],[23.7872093,61.5156825],[23.7872309,61.5156615],[23.7872465,61.5156493],[23.787276,61.5156439],[23.7873739,61.5156442],[23.7874215,61.5156467],[23.7874717,61.5156536],[23.7875364,61.5156637],[23.7876803,61.5156685],[23.7877338,61.5156802],[23.7877714,61.5156776],[23.7877913,61.5156681],[23.7877828,61.5156488],[23.7877524,61.5156387],[23.787586,61.5156118],[23.7875108,61.5156084],[23.7874595,61.5155956],[23.7874002,61.5155851],[23.7873546,61.5155658],[23.78729,61.51556],[23.7872476,61.5155254],[23.7872253,61.5154903],[23.7872097,61.5154701],[23.7871881,61.515454],[23.7871796,61.5154307],[23.7871216,61.5154169],[23.7871112,61.5154162],[23.7870625,61.5154132],[23.7870078,61.5154182],[23.7869613,61.5154059],[23.7868277,61.5153696],[23.7867982,61.5153597],[23.7867815,61.5153504],[23.7867458,61.5153395],[23.7867296,61.5153289],[23.7867084,61.5153141],[23.7866596,61.5153103],[23.7866284,61.5153059],[23.7866005,61.5152909],[23.7865557,61.5152741],[23.7865063,61.5152612],[23.7864609,61.5152486],[23.7863387,61.5152033],[23.7863301,61.5151858],[23.7863025,61.5151624],[23.786249,61.5151265],[23.7861949,61.5150896],[23.7861449,61.5150461],[23.7861118,61.5150042],[23.7860976,61.5149421],[23.7861174,61.5148377],[23.7861587,61.5147202],[23.786161,61.5146712],[23.7861539,61.5146185],[23.7861085,61.5145375],[23.7860612,61.5145016],[23.7860318,61.5144958],[23.7859986,61.5144968],[23.7859295,61.5145224],[23.7859083,61.5145564],[23.7858927,61.5145883],[23.7858644,61.5145989],[23.7857602,61.5145882],[23.7857121,61.5145729],[23.7856622,61.5145524],[23.7856128,61.5145394],[23.7855569,61.5145188],[23.7855353,61.5145013],[23.7855247,61.5144538],[23.7855214,61.514424],[23.7854984,61.5144031],[23.7854634,61.5143874],[23.7854118,61.5143676],[23.7853935,61.5143464],[23.785411,61.514332],[23.7854879,61.5143405],[23.785566,61.514354],[23.7856552,61.5143697],[23.7857868,61.5143788],[23.7858325,61.5143862],[23.7859306,61.5143766],[23.7859953,61.5143835],[23.7860512,61.5143813],[23.7861124,61.5143788],[23.7863186,61.5144369],[23.7864235,61.5144617],[23.7865532,61.5144942],[23.7867131,61.5145346],[23.7868316,61.5145718],[23.7868959,61.51461],[23.7870368,61.5146492],[23.7871104,61.5146832],[23.7871874,61.5146995],[23.7872668,61.5147207],[23.789049,61.515015],[23.7891232,61.5150722],[23.7891069,61.5151624],[23.7891188,61.5151632],[23.7891635,61.5151655],[23.7891658,61.5151514],[23.7898009,61.5151663],[23.7898054,61.5151028],[23.7898623,61.5151039],[23.7898628,61.5150926],[23.7904411,61.5151097],[23.7905771,61.5151715],[23.7906652,61.5151321],[23.7907667,61.5151221],[23.7908226,61.5151503],[23.7908557,61.5151496],[23.7908407,61.5151166],[23.7908844,61.5151159],[23.7909205,61.5151252],[23.7909611,61.5151274],[23.7910062,61.5151355],[23.7910982,61.5151791],[23.7911922,61.5152453],[23.7912593,61.5152667],[23.7912969,61.5152581],[23.7913195,61.5152293],[23.7913503,61.5152321],[23.7913677,61.5152573],[23.7914038,61.5152631],[23.7914053,61.5152401],[23.7914716,61.5152205],[23.7915029,61.5151807],[23.7915966,61.5151661],[23.791705,61.5151475],[23.7917667,61.5151202],[23.7918522,61.5151191],[23.7919938,61.5151631],[23.7919866,61.5151949],[23.79197,61.515243],[23.7919986,61.5153292],[23.79197,61.5153895],[23.7919384,61.5154082],[23.7917878,61.5154117],[23.7917471,61.5154175],[23.7917246,61.5154441],[23.7917517,61.5154915],[23.7919534,61.5155468],[23.7920272,61.5155712],[23.7920453,61.5157112],[23.7920106,61.515732],[23.7919997,61.5157611],[23.7919203,61.5157737],[23.7918179,61.5157694],[23.7916643,61.5157392],[23.7916212,61.5157598],[23.7916297,61.515788],[23.7916734,61.5158326],[23.7917684,61.5158774],[23.7939229,61.5159683],[23.7941608,61.5159956],[23.7944842,61.5159895],[23.7945649,61.515958],[23.7945994,61.5159128],[23.7946196,61.515893],[23.7946367,61.5158735],[23.7946306,61.5158412],[23.7945629,61.5158383],[23.7945162,61.5158383],[23.7943822,61.5158828],[23.7942557,61.5158814],[23.793807,61.5158512],[23.7937422,61.515834],[23.7934531,61.5158354],[23.792582,61.515793],[23.7924631,61.5157838],[23.7923585,61.5157615],[23.7922892,61.5157375],[23.7922532,61.5156867],[23.7922046,61.5152079],[23.792257,61.5151233],[23.7926939,61.5151212],[23.7926829,61.5151817],[23.7928179,61.515216],[23.7928005,61.5153628],[23.7928956,61.5153633],[23.7929029,61.5152336],[23.793017,61.5152636],[23.7930746,61.5152904],[23.793239,61.5152963],[23.7939723,61.5153249],[23.794054,61.5153158],[23.7940205,61.5153971],[23.7940621,61.5154181],[23.7940901,61.5153894],[23.7941483,61.5154224],[23.7941824,61.5154114],[23.7941781,61.5153884],[23.794216,61.515396],[23.7942857,61.5153109],[23.79443,61.515305],[23.794575,61.515247],[23.794739,61.515255],[23.794876,61.51519],[23.795,61.515175],[23.7951539,61.5151673],[23.795324,61.515152],[23.7956249,61.515203],[23.79582,61.515236],[23.7963846,61.5152808],[23.7966829,61.5153246],[23.796965,61.5153203],[23.7972993,61.515298],[23.7975113,61.5153343],[23.7976018,61.5153173],[23.797758,61.5153436],[23.7978555,61.5153418],[23.7979317,61.5153199],[23.798063,61.5153962],[23.7981757,61.5153621],[23.7982267,61.5153186],[23.7983072,61.515325],[23.7983885,61.5152995],[23.7984198,61.5152368],[23.7985749,61.515231],[23.7987357,61.5151975],[23.7989663,61.5151664],[23.7991001,61.5151103],[23.7993309,61.5150773],[23.7998677,61.5149589],[23.8001114,61.5149791],[23.8003347,61.5150115],[23.800376,61.5150289],[23.8004392,61.5150361],[23.8005241,61.5150635],[23.8005637,61.515063],[23.8006043,61.5150621],[23.8007657,61.5148996],[23.8007426,61.5148447],[23.8007708,61.5147999],[23.8008338,61.5147762],[23.8009089,61.5148121],[23.8010015,61.5148236],[23.8010779,61.5147884],[23.8011608,61.5147911],[23.8012219,61.5148003],[23.8012569,61.5147905],[23.801275,61.514727],[23.8013208,61.5146802],[23.8013719,61.5146455],[23.8014016,61.5146047],[23.8014531,61.5145881],[23.8015068,61.5145823],[23.8016021,61.5145853],[23.8016346,61.5145939],[23.8016762,61.5146207],[23.8017164,61.5146722],[23.8017619,61.5147812],[23.8017922,61.5147982],[23.8019036,61.5147943],[23.8020148,61.5147808],[23.8020497,61.5147615],[23.8019955,61.5145847],[23.8019772,61.5145006],[23.8019842,61.5144526],[23.8019926,61.5144212],[23.8020512,61.5143859],[23.8021126,61.514366],[23.8022067,61.5143481],[23.8023306,61.5143376],[23.8024358,61.5143334],[23.8025247,61.5143331],[23.8027814,61.5143555],[23.8030802,61.5144067],[23.8033254,61.5144738],[23.8034808,61.5145424],[23.8036391,61.5146183],[23.8037876,61.5147177],[23.803796,61.5148297],[23.803773,61.5149139],[23.8037322,61.5149246],[23.8034257,61.5149906],[23.8033658,61.5150512],[23.8034901,61.5151202],[23.8035794,61.5152735],[23.8036724,61.515332],[23.8036949,61.5153833],[23.8037441,61.5154537],[23.8037985,61.5155061],[23.8039011,61.5155147],[23.8039471,61.5154952],[23.8039961,61.5154555],[23.8040096,61.515412],[23.8041007,61.5154005],[23.804266,61.5154286],[23.8044222,61.5154407],[23.8046484,61.5154464],[23.8048043,61.5154613],[23.8048893,61.5154772],[23.8050341,61.5155236],[23.8052645,61.515621],[23.8053963,61.5157113],[23.805475,61.515797],[23.805634,61.515827],[23.8061164,61.5159679],[23.806366,61.5159939],[23.806562,61.516087],[23.80674,61.516056],[23.8070205,61.5161042],[23.80789,61.516258],[23.8080643,61.5162848],[23.808325,61.5163079],[23.8084531,61.5162971],[23.8086632,61.5162959],[23.8089423,61.5163195],[23.8090923,61.5163573],[23.8091916,61.5164072],[23.8093445,61.5164942],[23.8095778,61.5165415],[23.8097414,61.5166055],[23.809867,61.5166556],[23.8099775,61.5166618],[23.810049,61.5166453],[23.8102955,61.5166619],[23.8105541,61.5166899],[23.8107848,61.5167053],[23.810946,61.516758],[23.81101,61.516808],[23.8110005,61.5169001],[23.810913,61.516926],[23.810894,61.516964],[23.811001,61.517002],[23.8110582,61.5170309],[23.811192,61.517044],[23.8112435,61.5170148],[23.8112596,61.5169854],[23.811332,61.516963],[23.81142,61.516964],[23.8115399,61.5169956],[23.811665,61.517048],[23.8117406,61.5171008],[23.8118214,61.5171213],[23.812033,61.517101],[23.8122734,61.5171229],[23.812515,61.517162],[23.8127281,61.5172284],[23.8129535,61.51728],[23.8131545,61.5173064],[23.813381,61.5173172],[23.8134898,61.5173448],[23.8135846,61.5173931],[23.8137937,61.5174124],[23.8139284,61.5174625],[23.8140407,61.5175261],[23.8141966,61.5175329],[23.8143253,61.5175201],[23.814529,61.517536],[23.8146794,61.5175469],[23.8148465,61.5175577],[23.815157,61.5175644],[23.815525,61.517551],[23.8157925,61.517552],[23.8159856,61.5175431],[23.8162116,61.5175579],[23.816483,61.517647],[23.816593,61.5176746],[23.816801,61.5176923],[23.8170532,61.517709],[23.8172313,61.5177212],[23.8174041,61.5177239],[23.817736,61.5177254],[23.817985,61.5177153],[23.8182579,61.5177288],[23.8185703,61.5177228],[23.818937,61.517723],[23.8192123,61.5177273],[23.8194081,61.517735],[23.8195615,61.5177789],[23.8197675,61.5177631],[23.8200518,61.5177068],[23.820341,61.517685],[23.8205475,61.5176883],[23.8208088,61.5177547],[23.8211703,61.5177477],[23.8214783,61.517715],[23.8217175,61.5176582],[23.8219262,61.517615],[23.822384,61.51757],[23.8225641,61.5175641],[23.8227957,61.5175648],[23.8229325,61.5175584],[23.8230586,61.517589],[23.823093,61.517582],[23.8231497,61.5175694],[23.823256,61.517544],[23.8234287,61.5174779],[23.8237,61.517441],[23.8240483,61.5174382],[23.8243149,61.517464],[23.8246706,61.5174318],[23.8249013,61.517442],[23.8250717,61.5174035],[23.8251508,61.5173421],[23.8252152,61.5173581],[23.8252125,61.5174265],[23.8252394,61.5174412],[23.8253399,61.5174604],[23.8254039,61.5174331],[23.8254366,61.5174272],[23.8254519,61.5174312],[23.8254329,61.5174257],[23.8254702,61.5174334],[23.8254978,61.517442],[23.8255238,61.5174636],[23.8255855,61.5174907],[23.8256634,61.5174923],[23.8258288,61.5175097],[23.8258744,61.5174785],[23.8259027,61.5174504],[23.8258443,61.5173727],[23.8257904,61.5173384],[23.825659,61.5173269],[23.8255142,61.5173461],[23.8254189,61.5173403],[23.8252848,61.5173237],[23.8252339,61.5173039],[23.8252352,61.5172649],[23.8252768,61.5172163],[23.8254538,61.517183],[23.8256891,61.5172454],[23.8259286,61.5172921],[23.8260922,61.5172828],[23.8262142,61.5172367],[23.8263343,61.5172079],[23.8264006,61.5172028],[23.8264415,61.5172432],[23.8263939,61.5172875],[23.8263897,61.5173413],[23.8264366,61.5173569],[23.8265361,61.517311],[23.8266529,61.5172873],[23.8268115,61.5173014],[23.8268971,61.5173527],[23.8269746,61.5174335],[23.8271447,61.517538],[23.8273391,61.5175871],[23.8275674,61.5175789],[23.827826,61.51754],[23.828186,61.517437],[23.828243,61.517345],[23.8282188,61.5172384],[23.8282192,61.5171824],[23.8283682,61.5171638],[23.8285732,61.5170839],[23.828815,61.5170299],[23.8291725,61.5170162],[23.8293081,61.5170135],[23.8294904,61.51705],[23.8296201,61.5170368],[23.8296456,61.5170247],[23.8296601,61.5170017],[23.8295584,61.5169673],[23.8295574,61.5169355],[23.8296515,61.516915],[23.8298189,61.5169136],[23.8299465,61.516874],[23.8301235,61.5167961],[23.8305434,61.516818],[23.8309658,61.5168485],[23.8314586,61.5169481],[23.831587,61.516964],[23.8317275,61.5169739],[23.831787,61.517029],[23.8320113,61.5171141],[23.832167,61.517132],[23.8325261,61.5171957],[23.8327129,61.5172014],[23.8328111,61.5172182],[23.8329099,61.5172657],[23.8329526,61.5173835],[23.8330016,61.5174472],[23.8329761,61.5175259],[23.8330071,61.5175487],[23.8331785,61.5175868],[23.833427,61.517738],[23.833479,61.517849],[23.83374,61.518017],[23.8338017,61.5181337],[23.833862,61.5181958],[23.8339873,61.5182472],[23.8341281,61.5182709],[23.8342005,61.518299],[23.8342231,61.518349],[23.834106,61.518448],[23.834177,61.518532],[23.834299,61.518551],[23.834509,61.518486],[23.834692,61.518574],[23.834818,61.518574],[23.83502,61.518661],[23.835165,61.51865],[23.835402,61.518585],[23.835741,61.518688],[23.836218,61.518787],[23.836441,61.518764],[23.837015,61.518818],[23.837706,61.518974],[23.837921,61.519047],[23.837982,61.519142],[23.838091,61.519169],[23.837976,61.519306],[23.837961,61.519489],[23.838015,61.519619],[23.838125,61.519688],[23.838303,61.519722],[23.838495,61.519836],[23.838913,61.519958],[23.839214,61.519901],[23.839314,61.519928],[23.839266,61.520016],[23.839533,61.52021],[23.839392,61.520351],[23.83956,61.520588],[23.839714,61.520695],[23.83972,61.520756],[23.839539,61.520878],[23.839224,61.520962],[23.83909,61.521049],[23.839153,61.521145],[23.838917,61.521389],[23.838972,61.521633],[23.838846,61.521832],[23.838535,61.521938],[23.838024,61.522026],[23.8379006,61.5220417],[23.8378406,61.5221721],[23.8377317,61.522254],[23.837669,61.522324],[23.8376415,61.5223613],[23.8376398,61.5223907],[23.837671,61.5224281],[23.8377346,61.5224548],[23.8378313,61.5224555],[23.8378939,61.5224328],[23.8379341,61.5224034],[23.8380709,61.5224072],[23.8381974,61.5224428],[23.838432,61.522514],[23.83857,61.522575],[23.838593,61.522636],[23.838722,61.522686],[23.839161,61.52277],[23.8399324,61.5227678],[23.8402033,61.5227615],[23.840475,61.522713],[23.84078,61.5226157],[23.8409956,61.5225773],[23.8411421,61.5225121],[23.8412543,61.5224752],[23.8413468,61.5224955],[23.841303,61.522544],[23.8410389,61.5226931],[23.8408236,61.5227205],[23.8407817,61.5227576],[23.840937,61.522831],[23.8410106,61.5228838],[23.8410718,61.522961],[23.8413218,61.5229865],[23.8416205,61.5229607],[23.841642,61.5229553],[23.8418099,61.5229648],[23.8419259,61.5229916],[23.8419172,61.5230249],[23.841787,61.523064],[23.8416302,61.5230684],[23.8415189,61.523131],[23.841527,61.5231733],[23.8415832,61.5232282],[23.8415833,61.5232743],[23.8415162,61.5233741],[23.8415444,61.5234546],[23.8416931,61.5235445],[23.8418381,61.5235902],[23.8419829,61.523649],[23.8421358,61.5236554],[23.8424416,61.5235646],[23.8425618,61.5234941],[23.8427286,61.5234956],[23.8429941,61.5234431],[23.8431235,61.5233937],[23.8432642,61.52334],[23.8435078,61.5232679],[23.8437897,61.523263],[23.8438345,61.5232907],[23.8437179,61.5233977],[23.8434997,61.5235224],[23.843185,61.523602],[23.842613,61.523766],[23.842661,61.523853],[23.842628,61.523876],[23.8424027,61.523869],[23.8423263,61.5239263],[23.8421637,61.5240213],[23.841982,61.5240253],[23.841784,61.524017],[23.841581,61.524044],[23.841425,61.524101],[23.8414353,61.5243064],[23.8414986,61.5243492],[23.8416342,61.5243705],[23.842152,61.524429],[23.8424051,61.5244704],[23.842596,61.52449],[23.8426816,61.5245097],[23.842762,61.524555],[23.8428604,61.5246583],[23.8429255,61.5246851],[23.8431349,61.5247296],[23.8431441,61.5247801],[23.8432905,61.5248],[23.8435874,61.524806],[23.8437024,61.5248334],[23.843885,61.524921],[23.843946,61.524998],[23.8439953,61.5250569],[23.8441033,61.5250888],[23.8442588,61.525103],[23.8443468,61.5251118],[23.8445869,61.5251993],[23.8447827,61.5252254],[23.8450322,61.5252145],[23.845165,61.525204],[23.8455838,61.5252271],[23.845734,61.5252897],[23.845938,61.52533],[23.846037,61.525368],[23.846052,61.5253053],[23.8462946,61.525291],[23.8467452,61.5253332],[23.847178,61.525352],[23.8474667,61.5253908],[23.847746,61.5254966],[23.8478283,61.5254998],[23.847893,61.525505],[23.848125,61.525517],[23.8483465,61.5255212],[23.8485296,61.5256054],[23.848608,61.525654],[23.848724,61.525566],[23.849176,61.525459],[23.849569,61.525486],[23.849743,61.525524],[23.850021,61.525482],[23.850527,61.525505],[23.850683,61.525566],[23.850946,61.525604],[23.851057,61.525669],[23.85117,61.525681],[23.851498,61.525635],[23.851891,61.525654],[23.851986,61.525623],[23.85236,61.52562],[23.852451,61.525555],[23.852638,61.525539],[23.852827,61.5256],[23.853331,61.525616],[23.853674,61.525581],[23.853781,61.525543],[23.853806,61.525486],[23.853693,61.525421],[23.853699,61.52536],[23.853722,61.525303],[23.853785,61.525288],[23.853771,61.52523],[23.853853,61.525196],[23.855221,61.525169],[23.855429,61.525124],[23.855927,61.525158],[23.856556,61.525036],[23.856758,61.525043],[23.856926,61.525097],[23.857264,61.525055],[23.857464,61.525066],[23.85767,61.525036],[23.858198,61.52486],[23.858459,61.52483],[23.858591,61.524841],[23.858742,61.524803],[23.859474,61.524857],[23.859827,61.52483],[23.860008,61.524857],[23.860136,61.524845],[23.860447,61.524906],[23.860703,61.525017],[23.860966,61.524971],[23.861191,61.525028],[23.86132,61.525017],[23.861542,61.52494],[23.861664,61.52494],[23.861937,61.524967],[23.862217,61.524952],[23.862803,61.525043],[23.86315,61.525013],[23.863703,61.525028],[23.863838,61.525055],[23.863958,61.52504],[23.864216,61.525143],[23.864285,61.52515],[23.864378,61.525112],[23.864567,61.52512],[23.864689,61.525158],[23.864794,61.525204],[23.865019,61.525417],[23.865135,61.525463],[23.865437,61.525475],[23.86558,61.525547],[23.866232,61.525669],[23.8667302,61.5256337],[23.86698,61.525616],[23.8670707,61.5255691],[23.8672,61.5255276],[23.867388,61.5255037],[23.867632,61.525486],[23.868025,61.525402],[23.868532,61.525421],[23.8686453,61.5253997],[23.868755,61.525379],[23.869181,61.525356],[23.869293,61.525372],[23.86952,61.525299],[23.86985,61.52533],[23.870382,61.525448],[23.870962,61.525459],[23.871279,61.525417],[23.871405,61.52544],[23.871807,61.525421],[23.871931,61.525452],[23.871992,61.52544],[23.871971,61.52536],[23.872042,61.525318],[23.872452,61.525211],[23.873001,61.525139],[23.873339,61.525166],[23.87422,61.524723],[23.874701,61.524605],[23.874891,61.524582],[23.875254,61.524605],[23.875637,61.524685],[23.875832,61.524811],[23.875971,61.524803],[23.87604,61.524754],[23.876156,61.524731],[23.876366,61.524719],[23.876625,61.524754],[23.876635,61.524807],[23.876688,61.524822],[23.877033,61.524776],[23.877245,61.524792],[23.877449,61.524761],[23.877584,61.524685],[23.877958,61.524628],[23.878086,61.524586],[23.878164,61.524498],[23.878227,61.524483],[23.878521,61.524479],[23.878757,61.524418],[23.879269,61.524445],[23.879389,61.524475],[23.879507,61.524433],[23.879768,61.524422],[23.88007,61.524342],[23.880085,61.524315],[23.880339,61.524288],[23.880436,61.524242],[23.880779,61.524277],[23.881203,61.524258],[23.881357,61.524189],[23.881617,61.523987],[23.881727,61.523952],[23.881907,61.523914],[23.882244,61.523945],[23.882572,61.523869],[23.882868,61.523872],[23.88316,61.523746],[23.883404,61.523705],[23.883801,61.52375],[23.884315,61.523933],[23.884516,61.523952],[23.884878,61.523911],[23.885155,61.523926],[23.885193,61.523903],[23.885216,61.52393],[23.885311,61.523911],[23.885746,61.523926],[23.886532,61.523815],[23.886829,61.523884],[23.886906,61.523865],[23.88714,61.523899],[23.8873941,61.5239708],[23.887632,61.523949],[23.887781,61.523838],[23.888071,61.5238],[23.888193,61.523811],[23.888258,61.523899],[23.888315,61.523899],[23.888388,61.523846],[23.888487,61.52388],[23.888639,61.523888],[23.888779,61.523861],[23.888861,61.523815],[23.888977,61.523815],[23.88903,61.523754],[23.889246,61.523811],[23.889526,61.523769],[23.8901539,61.5237612],[23.8902294,61.5236895],[23.8903798,61.5236537],[23.89038,61.5236178],[23.8905304,61.5235821],[23.890474,61.523308],[23.8900811,61.5231151],[23.8900059,61.523115],[23.889931,61.5230432],[23.8897807,61.523043],[23.8896306,61.5229711],[23.8894052,61.522935],[23.8894054,61.5228991],[23.889244,61.522846],[23.888899,61.52264],[23.888504,61.522312],[23.888086,61.522099],[23.88776,61.522007],[23.88751,61.521877],[23.887403,61.521793],[23.8873755,61.5217349],[23.887452,61.5217043],[23.88755,61.521717],[23.887676,61.521763],[23.888521,61.522228],[23.888578,61.522232],[23.888739,61.522163],[23.888788,61.522217],[23.888741,61.52224],[23.888622,61.522232],[23.888645,61.522297],[23.8887,61.522312],[23.888809,61.522282],[23.889059,61.522415],[23.889435,61.522533],[23.889641,61.522552],[23.889832,61.52253],[23.890009,61.522633],[23.8902331,61.5226486],[23.890308,61.5227204],[23.8906837,61.5227566],[23.8906836,61.5227925],[23.8908338,61.5228285],[23.8909841,61.5228287],[23.890984,61.5228646],[23.8917356,61.5228652],[23.891823,61.522785],[23.8919615,61.5227577],[23.8919618,61.5226859],[23.8920369,61.5226859],[23.892138,61.522591],[23.89259,61.522545],[23.892645,61.522469],[23.892796,61.522415],[23.8930998,61.5223585],[23.8931772,61.5223304],[23.8933061,61.5223435],[23.893415,61.522327],[23.893587,61.522366],[23.893755,61.522297],[23.894037,61.522282],[23.894058,61.522247],[23.89431,61.522285],[23.894409,61.522224],[23.894409,61.522099],[23.894464,61.522076],[23.894766,61.522083],[23.8948278,61.5219693],[23.8949279,61.5219126],[23.894913,61.521877],[23.894936,61.521824],[23.894815,61.521706],[23.8947937,61.5216518],[23.8948973,61.5215458],[23.8951436,61.5215717],[23.8951795,61.5215357],[23.8951518,61.5214748],[23.8950355,61.5214396],[23.8950719,61.5213647],[23.8950582,61.5213266],[23.8948373,61.5212278],[23.8948259,61.5211249],[23.894651,61.520988],[23.894484,61.5209231],[23.8942912,61.5208754],[23.89402,61.520744],[23.8936415,61.5206312],[23.893471,61.520599],[23.893077,61.520557],[23.8925116,61.5204591],[23.892488,61.5204433],[23.8928704,61.520495],[23.8928879,61.5204803],[23.8929609,61.5204924],[23.8930347,61.5204652],[23.8932337,61.5205353],[23.8936134,61.520566],[23.893629,61.520592],[23.8939167,61.5206513],[23.8943277,61.5208075],[23.8944586,61.5208606],[23.8946531,61.5208698],[23.8948126,61.5209745],[23.8949233,61.5210273],[23.8949099,61.5210927],[23.8950963,61.521156],[23.8951608,61.5211222],[23.8954666,61.5211609],[23.8955681,61.5212155],[23.8956773,61.5212188],[23.8958292,61.5213785],[23.8960817,61.5213875],[23.8961575,61.5214475],[23.8962892,61.5213909],[23.8964544,61.5215076],[23.8965116,61.5214885],[23.8964567,61.5214145],[23.8966598,61.5213994],[23.896946,61.521446],[23.897116,61.521587],[23.897341,61.521641],[23.897377,61.521675],[23.897318,61.521732],[23.8976,61.521885],[23.89786,61.521877],[23.898035,61.521835],[23.897543,61.521812],[23.897455,61.521767],[23.8975283,61.5216785],[23.897848,61.521694],[23.89798,61.521748],[23.898056,61.521713],[23.898338,61.521763],[23.89854,61.521751],[23.898764,61.521664],[23.898867,61.52166],[23.89883,61.521633],[23.898933,61.521595],[23.899029,61.521503],[23.899231,61.521523],[23.899685,61.52142],[23.899818,61.521347],[23.900007,61.521362],[23.8999,61.521328],[23.899973,61.52129],[23.900154,61.52129],[23.900389,61.521389],[23.900665,61.521431],[23.900955,61.521542],[23.901093,61.521477],[23.901129,61.521404],[23.901104,61.521202],[23.900934,61.521065],[23.900513,61.520988],[23.900505,61.520885],[23.900217,61.520901],[23.900032,61.520817],[23.899916,61.520653],[23.899708,61.520561],[23.899624,61.520432],[23.899307,61.520298],[23.898958,61.520084],[23.898378,61.519802],[23.898354,61.519768],[23.898399,61.519741],[23.898458,61.519745],[23.898563,61.519829],[23.899275,61.520195],[23.899567,61.520287],[23.89966,61.520214],[23.899721,61.520008],[23.899828,61.519985],[23.899826,61.519951],[23.900047,61.51984],[23.900446,61.519703],[23.90086,61.519798],[23.901001,61.519901],[23.901197,61.519966],[23.901501,61.519997],[23.902254,61.519962],[23.902414,61.519768],[23.902948,61.519749],[23.903107,61.519817],[23.903112,61.519848],[23.902946,61.519928],[23.903111,61.520092],[23.903521,61.520325],[23.903515,61.520351],[23.9035447,61.5203258],[23.9036948,61.5203977],[23.9038451,61.5203978],[23.9039952,61.5204697],[23.904173,61.520458],[23.904299,61.520378],[23.904284,61.520214],[23.904356,61.520168],[23.904245,61.520145],[23.904245,61.520115],[23.904308,61.520065],[23.904333,61.51989],[23.904217,61.519764],[23.904234,61.51973],[23.904703,61.519634],[23.904854,61.519638],[23.904955,61.519554],[23.905046,61.519535],[23.905203,61.519524],[23.905329,61.519562],[23.905512,61.519905],[23.905863,61.52005],[23.90617,61.520069],[23.906515,61.520035],[23.906578,61.520065],[23.906591,61.520134],[23.906694,61.520157],[23.906691,61.520184],[23.907124,61.520145],[23.907396,61.520187],[23.907629,61.520119],[23.907686,61.520012],[23.907946,61.519936],[23.908285,61.519962],[23.908611,61.520027],[23.908672,61.520023],[23.908525,61.519928],[23.908567,61.519909],[23.90876,61.52],[23.908878,61.519978],[23.908934,61.519928],[23.908703,61.519875],[23.908669,61.519833],[23.908743,61.51968],[23.909012,61.519508],[23.909227,61.519478],[23.909658,61.519344],[23.90984,61.519444],[23.909849,61.519577],[23.910109,61.519768],[23.910105,61.519859],[23.909985,61.519928],[23.909901,61.519924],[23.90987,61.520012],[23.90991,61.520073],[23.910198,61.520065],[23.910292,61.519997],[23.910431,61.519974],[23.910486,61.519985],[23.910404,61.520081],[23.910547,61.520008],[23.910666,61.519997],[23.910727,61.519943],[23.911068,61.519981],[23.911318,61.519958],[23.911848,61.519966],[23.912031,61.52005],[23.91197,61.52013],[23.911671,61.520107],[23.911585,61.52013],[23.911633,61.520176],[23.911467,61.520325],[23.911489,61.520393],[23.911697,61.520535],[23.911755,61.520687],[23.911726,61.520779],[23.911776,61.520798],[23.91169,61.52092],[23.911755,61.521049],[23.911592,61.52116],[23.911573,61.521244],[23.911688,61.521149],[23.911802,61.521126],[23.911926,61.52113],[23.912169,61.521214],[23.912281,61.521332],[23.912643,61.521244],[23.912754,61.521149],[23.9127298,61.5209441],[23.912722,61.520878],[23.913004,61.52071],[23.913389,61.520584],[23.913525,61.520573],[23.91357,61.520512],[23.913666,61.520462],[23.913769,61.520451],[23.913774,61.520416],[23.913874,61.520378],[23.914242,61.520302],[23.914562,61.520283],[23.915028,61.520397],[23.915432,61.520458],[23.915833,61.520592],[23.916292,61.520695],[23.916969,61.520618],[23.917503,61.520672],[23.917515,61.520611],[23.917624,61.520561],[23.917841,61.520561],[23.917994,61.520523],[23.918127,61.520641],[23.918228,61.520649],[23.918232,61.520702],[23.918287,61.520664],[23.918833,61.520668],[23.918882,61.520672],[23.918949,61.520752],[23.918989,61.520622],[23.919058,61.520607],[23.919191,61.520634],[23.919262,61.520695],[23.919443,61.520756],[23.919992,61.520779],[23.920151,61.520908],[23.92004,61.520969],[23.919756,61.520985],[23.919527,61.521103],[23.919559,61.521156],[23.919695,61.521172],[23.919716,61.521198],[23.91954,61.521534],[23.919588,61.52158],[23.919519,61.521626],[23.919544,61.521652],[23.919685,61.52166],[23.919802,61.521626],[23.919966,61.521404],[23.920195,61.521347],[23.92025,61.521259],[23.920473,61.521275],[23.920626,61.52145],[23.920906,61.521454],[23.921322,61.521538],[23.921452,61.521507],[23.921616,61.521374],[23.921673,61.521385],[23.92178,61.521347],[23.921793,61.521286],[23.922215,61.521099],[23.922264,61.52087],[23.922642,61.52071],[23.922928,61.520805],[23.923208,61.520805],[23.9233806,61.5208418],[23.923944,61.520962],[23.924583,61.521301],[23.924702,61.52132],[23.924984,61.521217],[23.924978,61.521152],[23.924198,61.520721],[23.924307,61.520718],[23.924854,61.520573],[23.925192,61.52058],[23.925646,61.520664],[23.925709,61.520718],[23.925905,61.520771],[23.9260916,61.5207712],[23.92621,61.52095],[23.926111,61.521042],[23.926109,61.521076],[23.926207,61.521126],[23.926174,61.521191],[23.926111,61.521202],[23.926138,61.521259],[23.926413,61.521255],[23.926508,61.521217],[23.926659,61.521244],[23.926851,61.521202],[23.927017,61.52124],[23.927301,61.52121],[23.927713,61.521217],[23.928162,61.52129],[23.9283094,61.5213127],[23.9284287,61.521367],[23.9284016,61.5214069],[23.9284111,61.5214202],[23.9284417,61.5214208],[23.928522,61.521402],[23.928585,61.521389],[23.9288809,61.5214259],[23.9288503,61.5215315],[23.9289016,61.5215469],[23.9289573,61.5215443],[23.9290642,61.5213891],[23.9293891,61.5214741],[23.9294042,61.521499],[23.9294404,61.5215029],[23.9294786,61.5215021],[23.929512,61.5215013],[23.9295157,61.5215243],[23.9296664,61.5215186],[23.9297197,61.5215103],[23.9297395,61.5214669],[23.9297867,61.5214402],[23.929941,61.521412],[23.9300725,61.5213981],[23.9301884,61.5213972],[23.9302412,61.5214059],[23.930445,61.521561],[23.930483,61.521774],[23.930401,61.5219],[23.93042,61.521969],[23.93055,61.522007],[23.9309326,61.5219982],[23.9311016,61.5219647],[23.931406,61.521885],[23.931511,61.521786],[23.9315843,61.5217411],[23.931623,61.521679],[23.9316659,61.5215833],[23.9316518,61.521528],[23.9315647,61.5214281],[23.9314025,61.5212814],[23.9313879,61.5212331],[23.9314099,61.5211935],[23.9314836,61.5211852],[23.9316284,61.5212359],[23.9317521,61.521235],[23.9318117,61.5212264],[23.9318392,61.5211971],[23.9319392,61.5211527],[23.9323046,61.5210954],[23.932601,61.5210472],[23.932804,61.52103],[23.93372,61.520782],[23.934517,61.520683],[23.934681,61.520603],[23.935202,61.520481],[23.935349,61.520378],[23.9357294,61.5204134],[23.9358187,61.520459],[23.93599,61.5204839],[23.936161,61.520496],[23.9363474,61.5204385],[23.9364305,61.5203573],[23.9365662,61.5202465],[23.936737,61.520199],[23.9368125,61.5201999],[23.936865,61.520218],[23.9369397,61.5202946],[23.9369861,61.5203156],[23.9370325,61.5203113],[23.9371855,61.5201066],[23.937332,61.520069],[23.937662,61.52],[23.937809,61.519997],[23.937859,61.52002],[23.9378919,61.5200806],[23.9378868,61.5201189],[23.9378636,61.5201583],[23.9378705,61.5201987],[23.9378889,61.5202202],[23.9379211,61.5202317],[23.9379772,61.5202329],[23.9379944,61.5202127],[23.9380054,61.5201967],[23.9380717,61.5201806],[23.9381188,61.5201834],[23.9381637,61.5201974],[23.9382313,61.5202189],[23.9382748,61.5202182],[23.9383009,61.5201975],[23.9383039,61.5201665],[23.9382648,61.5201488],[23.9382349,61.5201101],[23.9382445,61.5199473],[23.9382452,61.5199077],[23.9382832,61.5198793],[23.9386344,61.5197517],[23.9387209,61.5197398],[23.9387845,61.5197303],[23.9388521,61.5196839],[23.9390019,61.5196369],[23.9391306,61.5196133],[23.9391871,61.5195872],[23.9392807,61.5195245],[23.9393908,61.5194781],[23.9395372,61.5194603],[23.9396993,61.5193376],[23.9397515,61.5193188],[23.9400068,61.5191428],[23.9401463,61.5189314],[23.940126,61.518787],[23.940166,61.518772],[23.9403178,61.5187296],[23.940401,61.5187787],[23.9404908,61.5187285],[23.940613,61.518742],[23.940866,61.518692],[23.940889,61.518635],[23.9413641,61.5186587],[23.9414705,61.5186924],[23.941559,61.518753],[23.941793,61.518871],[23.942093,61.51889],[23.942207,61.518951],[23.94265,61.519009],[23.942791,61.519005],[23.9428557,61.5190567],[23.943031,61.519062],[23.943466,61.518974],[23.943579,61.518997],[23.943779,61.51899],[23.944073,61.518948],[23.944118,61.518921],[23.944094,61.518875],[23.9446595,61.51865],[23.9448161,61.5185976],[23.9449295,61.5185381],[23.9450375,61.518498],[23.9452631,61.5184561],[23.9454542,61.5184248],[23.9455358,61.5184057],[23.9457002,61.5183507],[23.945736,61.5183487],[23.9457399,61.5183619],[23.9455172,61.5184468],[23.9452627,61.5184858],[23.9450965,61.5185199],[23.9449617,61.5185641],[23.9448511,61.5186224],[23.9447867,61.5186772],[23.94463,61.518723],[23.944218,61.519039],[23.944067,61.5191],[23.944124,61.51915],[23.943937,61.519291],[23.943886,61.519413],[23.9438691,61.5194303],[23.943842,61.519459],[23.943409,61.519642],[23.94282,61.519794],[23.942825,61.519863],[23.943024,61.520107],[23.942905,61.520107],[23.942692,61.520191],[23.942698,61.520222],[23.942835,61.520241],[23.942764,61.520306],[23.942791,61.520329],[23.943243,61.520363],[23.943548,61.520355],[23.94359,61.520382],[23.942549,61.520611],[23.942389,61.520603],[23.942209,61.520527],[23.942139,61.520527],[23.942112,61.520554],[23.942245,61.520641],[23.942228,61.520676],[23.942156,61.520744],[23.941952,61.520786],[23.941906,61.520847],[23.9414365,61.5209585],[23.9413051,61.5209524],[23.941118,61.520962],[23.941082,61.520985],[23.941118,61.521042],[23.941027,61.521088],[23.940771,61.521133],[23.940575,61.521221],[23.940117,61.521358],[23.939646,61.5214098],[23.938934,61.521488],[23.93778,61.521809],[23.93766,61.522003],[23.93766,61.522141],[23.937943,61.522263],[23.937977,61.522392],[23.937729,61.522625],[23.937384,61.523083],[23.937271,61.523129],[23.937063,61.523136],[23.936937,61.523109],[23.936834,61.523136],[23.936634,61.523129],[23.936228,61.523212],[23.936132,61.523273],[23.935915,61.523315],[23.935585,61.523518],[23.9355553,61.5238631],[23.935343,61.52404],[23.934914,61.524124],[23.9345419,61.5242405],[23.9344654,61.5242508],[23.933905,61.524227],[23.933744,61.524242],[23.93363,61.524292],[23.933565,61.524448],[23.9335817,61.524486],[23.9337359,61.5249336],[23.9339197,61.5250468],[23.9336809,61.5252335],[23.933561,61.525303],[23.933475,61.525497],[23.933567,61.525604],[23.933784,61.525661],[23.934229,61.525623],[23.934462,61.525524],[23.9347,61.525494],[23.934975,61.525417],[23.935291,61.525208],[23.935312,61.524975],[23.935482,61.524731],[23.935766,61.524666],[23.936201,61.524448],[23.936392,61.524391],[23.936815,61.52438],[23.937111,61.524445],[23.937366,61.524544],[23.937544,61.524479],[23.937872,61.524483],[23.938414,61.524586],[23.938387,61.524517],[23.938528,61.524517],[23.938816,61.524567],[23.938906,61.524612],[23.939041,61.52459],[23.939548,61.524582],[23.9396,61.524601],[23.939463,61.524723],[23.939285,61.524731],[23.939112,61.524624],[23.938822,61.524643],[23.938726,61.524597],[23.938585,61.524582],[23.938526,61.524616],[23.938372,61.524605],[23.938269,61.524632],[23.93749,61.524628],[23.937243,61.524696],[23.936445,61.52478],[23.936386,61.524765],[23.936354,61.524693],[23.936293,61.524693],[23.936069,61.525032],[23.93593,61.525349],[23.935951,61.525501],[23.936131,61.525734],[23.93615,61.525826],[23.935673,61.5261894],[23.9356238,61.5262153],[23.935284,61.5261064],[23.9352696,61.5261175],[23.935254,61.5261294],[23.9352425,61.5261382],[23.935563,61.5262623],[23.9355917,61.5263018],[23.9355794,61.5264751],[23.9355472,61.5265247],[23.9354092,61.5264879],[23.9353606,61.5265246],[23.9353918,61.5265397],[23.9355597,61.5265982],[23.935623,61.526649],[23.935684,61.526787],[23.93566,61.5268371],[23.9355225,61.5268899],[23.935392,61.5268734],[23.9341074,61.5264344],[23.934051,61.5264513],[23.9339247,61.5265402],[23.9338336,61.5266036],[23.9342583,61.5267743],[23.935644,61.5272168],[23.935762,61.527306],[23.9358901,61.527338],[23.9359235,61.5274104],[23.936051,61.5275753],[23.9360995,61.5276143],[23.9362729,61.5276375],[23.936319,61.5276636],[23.936193,61.527706],[23.936188,61.527752],[23.9362185,61.527802],[23.936123,61.527859],[23.9360293,61.5278878],[23.93598,61.527981],[23.93586,61.528088],[23.935486,61.528214],[23.934893,61.528519],[23.934668,61.528709],[23.934801,61.52887],[23.934774,61.528934],[23.934566,61.52903],[23.934437,61.52914],[23.934118,61.529228],[23.934301,61.529411],[23.934423,61.529449],[23.9346554,61.5294492],[23.9348292,61.5294738],[23.9351425,61.5294707],[23.9352927,61.5294451],[23.935638,61.529465],[23.9357066,61.5295061],[23.9357581,61.5295873],[23.9357716,61.5296346],[23.9357594,61.5296709],[23.935705,61.529728],[23.935593,61.529751],[23.935465,61.529728],[23.935352,61.529758],[23.935125,61.529755],[23.934727,61.529648],[23.93438,61.529655],[23.934244,61.529617],[23.934034,61.529655],[23.933922,61.529625],[23.933878,61.529644],[23.934095,61.529945],[23.934368,61.530056],[23.934856,61.530048],[23.935202,61.530083],[23.935377,61.53014],[23.935472,61.530113],[23.935715,61.530193],[23.935944,61.530331],[23.936171,61.53035],[23.936483,61.530266],[23.936884,61.530075],[23.936842,61.529881],[23.937054,61.529739],[23.93804,61.529705],[23.938196,61.529663],[23.938646,61.529621],[23.938759,61.529579],[23.939138,61.529545],[23.939451,61.529312],[23.939514,61.529316],[23.939581,61.529366],[23.939703,61.529343],[23.9399794,61.5293571],[23.9401296,61.5294289],[23.9401295,61.5295007],[23.9402046,61.5295008],[23.9402045,61.5295725],[23.94043,61.5295726],[23.9405051,61.5296445],[23.9407306,61.5296805],[23.9407305,61.5297164],[23.9408057,61.5297164],[23.9408056,61.5297523],[23.941074,61.529877],[23.94158,61.529957],[23.94175,61.530029],[23.941887,61.530041],[23.94224,61.530193],[23.942972,61.530308],[23.943165,61.530369],[23.944162,61.530479],[23.944305,61.530544],[23.944649,61.530613],[23.944893,61.530617],[23.944937,61.530582],[23.944935,61.530602],[23.94521,61.530582],[23.945551,61.530598],[23.945929,61.530674],[23.946461,61.530716],[23.94664,61.530777],[23.94709,61.530823],[23.9475421,61.5309806],[23.947592,61.530998],[23.9476727,61.531099],[23.9476421,61.5312163],[23.9474528,61.5313263],[23.9473017,61.5313612],[23.94615,61.531399],[23.946011,61.531387],[23.945858,61.531322],[23.945415,61.531223],[23.94529,61.53112],[23.945019,61.531006],[23.944626,61.530918],[23.944349,61.530941],[23.943943,61.531025],[23.943659,61.531029],[23.943571,61.531124],[23.943426,61.531197],[23.942995,61.531258],[23.942816,61.531239],[23.942713,61.531178],[23.942232,61.531086],[23.940821,61.530998],[23.940372,61.530918],[23.939911,61.53093],[23.939573,61.530899],[23.939268,61.530907],[23.938951,61.53101],[23.938696,61.531242],[23.938448,61.53138],[23.938293,61.531357],[23.938406,61.531429],[23.937983,61.531742],[23.938019,61.531895],[23.937904,61.531933],[23.937754,61.531937],[23.937735,61.531963],[23.937759,61.532177],[23.937908,61.532433],[23.938013,61.532478],[23.938034,61.532619],[23.937841,61.532795],[23.937801,61.533157],[23.937742,61.533222],[23.937582,61.533272],[23.937408,61.533279],[23.937183,61.533382],[23.937014,61.533375],[23.936989,61.533398],[23.936636,61.533424],[23.936319,61.533409],[23.936123,61.53331],[23.936041,61.533302],[23.936041,61.533401],[23.9359333,61.5334555],[23.935867,61.533489],[23.935741,61.533653],[23.935383,61.533714],[23.935074,61.533722],[23.934319,61.533531],[23.934286,61.533501],[23.934118,61.533478],[23.933943,61.533367],[23.933681,61.533283],[23.933523,61.533318],[23.933256,61.533272],[23.933102,61.533184],[23.933018,61.53299],[23.933058,61.532883],[23.933004,61.532772],[23.932877,61.532745],[23.932556,61.532784],[23.932384,61.532764],[23.931988,61.532585],[23.931923,61.532631],[23.932034,61.532703],[23.932016,61.532726],[23.932096,61.532742],[23.932066,61.532761],[23.931944,61.532776],[23.931643,61.532719],[23.931553,61.532757],[23.931583,61.532776],[23.93211,61.532928],[23.932495,61.532917],[23.932627,61.532932],[23.932659,61.532959],[23.932634,61.533009],[23.932255,61.533176],[23.932068,61.533367],[23.932055,61.53344],[23.932188,61.533558],[23.93251,61.533619],[23.932907,61.533554],[23.933159,61.533588],[23.933483,61.53352],[23.933926,61.533627],[23.934017,61.5336],[23.934038,61.533562],[23.934292,61.533619],[23.93461,61.533726],[23.934616,61.533752],[23.934525,61.533787],[23.934208,61.533802],[23.934086,61.533791],[23.933863,61.533714],[23.933802,61.533722],[23.93347,61.533928],[23.933596,61.534092],[23.933502,61.534164],[23.933041,61.53413],[23.932888,61.53426],[23.932806,61.534222],[23.932699,61.534283],[23.932695,61.534405],[23.932606,61.534451],[23.932467,61.534447],[23.932301,61.534367],[23.931572,61.534393],[23.931301,61.534435],[23.930946,61.534664],[23.930819,61.534702],[23.930677,61.53471],[23.930561,61.534676],[23.930502,61.534691],[23.930328,61.53463],[23.929819,61.534588],[23.929445,61.534374],[23.928797,61.534348],[23.928562,61.534367],[23.928284,61.534294],[23.927401,61.53418],[23.927183,61.534107],[23.926363,61.534035],[23.925901,61.533878],[23.925371,61.533852],[23.924843,61.533867],[23.924669,61.533916],[23.924183,61.533962],[23.923887,61.534138],[23.92384,61.534325],[23.924004,61.534527],[23.924168,61.534634],[23.9243505,61.5347643],[23.924183,61.534843],[23.923916,61.534981],[23.923979,61.535023],[23.924496,61.534813],[23.92465,61.534882],[23.924726,61.534977],[23.924906,61.535049],[23.924976,61.535061],[23.925186,61.535027],[23.925339,61.535095],[23.925709,61.535175],[23.925774,61.535236],[23.926041,61.535301],[23.92631,61.535328],[23.926636,61.535301],[23.927071,61.535316],[23.927259,61.535381],[23.927334,61.53548],[23.927393,61.535496],[23.927668,61.535549],[23.927811,61.535526],[23.927937,61.535549],[23.927847,61.535664],[23.927877,61.53569],[23.928083,61.535706],[23.928219,61.535683],[23.928381,61.535725],[23.928591,61.535694],[23.928791,61.535728],[23.929001,61.535828],[23.929148,61.535851],[23.929483,61.53606],[23.92976,61.536114],[23.929806,61.536259],[23.929998,61.536118],[23.930153,61.536129],[23.930201,61.536156],[23.93018,61.536224],[23.929983,61.536346],[23.929859,61.536358],[23.929836,61.536407],[23.929604,61.536388],[23.929548,61.536476],[23.929646,61.53651],[23.929718,61.536594],[23.929995,61.536674],[23.930126,61.536877],[23.930021,61.536839],[23.929909,61.536713],[23.92975,61.536743],[23.929632,61.536724],[23.928997,61.536835],[23.928228,61.536858],[23.927889,61.536781],[23.92746,61.536728],[23.927397,61.536667],[23.927208,61.536617],[23.926849,61.53669],[23.926785,61.536636],[23.926758,61.536682],[23.926525,61.536621],[23.926188,61.536625],[23.925928,61.536549],[23.9259363,61.5365778],[23.925877,61.536663],[23.925802,61.536655],[23.925745,61.536686],[23.925411,61.536652],[23.925171,61.536682],[23.924896,61.536652],[23.9248835,61.5365496],[23.924799,61.536526],[23.924784,61.536484],[23.9247323,61.5364599],[23.9246382,61.5364591],[23.924408,61.536453],[23.924297,61.536369],[23.924145,61.536354],[23.924046,61.536385],[23.923853,61.536343],[23.923582,61.536366],[23.923407,61.536301],[23.923328,61.53635],[23.922922,61.536289],[23.92259,61.536335],[23.922295,61.536324],[23.92178,61.5364],[23.921316,61.536392],[23.921066,61.536362],[23.920835,61.536259],[23.920647,61.536121],[23.920422,61.536087],[23.920305,61.536026],[23.91996,61.535942],[23.919786,61.53587],[23.919678,61.535725],[23.919661,61.535397],[23.919508,61.535301],[23.919497,61.535252],[23.918928,61.534988],[23.918474,61.534962],[23.918177,61.534992],[23.918003,61.535049],[23.91794,61.53513],[23.918022,61.535263],[23.918268,61.535324],[23.918669,61.535534],[23.919401,61.535641],[23.919443,61.535725],[23.918701,61.536076],[23.918301,61.536201],[23.918028,61.536213],[23.918043,61.536148],[23.918007,61.536137],[23.917912,61.536175],[23.917921,61.536098],[23.917797,61.536121],[23.91765,61.53603],[23.917166,61.535862],[23.917088,61.535824],[23.917093,61.535782],[23.916945,61.535793],[23.916834,61.53577],[23.916636,61.535633],[23.916327,61.535591],[23.915989,61.535583],[23.915352,61.535675],[23.915133,61.53582],[23.915085,61.535954],[23.915184,61.535992],[23.915325,61.535999],[23.915384,61.536034],[23.91559,61.536057],[23.915762,61.53603],[23.916012,61.536057],[23.916079,61.536087],[23.916056,61.536144],[23.916162,61.536407],[23.915985,61.536663],[23.915472,61.536804],[23.915218,61.536797],[23.914745,61.53664],[23.91474,61.536514],[23.914566,61.536259],[23.914249,61.53606],[23.913933,61.536022],[23.913652,61.535927],[23.913624,61.535889],[23.913702,61.535812],[23.913614,61.535782],[23.913513,61.535839],[23.913403,61.535828],[23.913166,61.53577],[23.912775,61.535725],[23.912724,61.535671],[23.912155,61.535679],[23.911978,61.535782],[23.91184,61.535999],[23.911905,61.536163],[23.912025,61.536217],[23.91202,61.5364],[23.911968,61.536449],[23.911709,61.536533],[23.911423,61.536472],[23.911175,61.536308],[23.911085,61.536163],[23.911133,61.536026],[23.911039,61.535881],[23.910892,61.535789],[23.910591,61.535797],[23.910419,61.535866],[23.910378,61.535999],[23.910616,61.53614],[23.910513,61.536232],[23.910212,61.536324],[23.909874,61.536339],[23.90959,61.536301],[23.909187,61.536186],[23.908966,61.536213],[23.908854,61.536194],[23.908649,61.536285],[23.908749,61.536404],[23.90843,61.536083],[23.908352,61.53606],[23.908319,61.536102],[23.90881,61.53661],[23.908669,61.536671],[23.908703,61.536743],[23.908648,61.536793],[23.908609,61.537003],[23.908588,61.537029],[23.908501,61.537029],[23.908491,61.537132],[23.90836,61.537197],[23.908224,61.537209],[23.908169,61.537262],[23.90736,61.537399],[23.907286,61.537563],[23.90712,61.537609],[23.906416,61.537579],[23.906174,61.537506],[23.905876,61.537464],[23.905287,61.537457],[23.905077,61.537365],[23.904652,61.537243],[23.904072,61.537388],[23.903582,61.537571],[23.903347,61.53759],[23.903067,61.53751],[23.902641,61.537231],[23.901937,61.537037],[23.901659,61.536995],[23.901262,61.53698],[23.901072,61.536942],[23.900612,61.537006],[23.900311,61.536995],[23.900238,61.536961],[23.900198,61.536865],[23.900274,61.5368],[23.900185,61.536766],[23.900135,61.536758],[23.900045,61.5368],[23.899857,61.536766],[23.899754,61.536697],[23.899637,61.536716],[23.899498,61.536701],[23.899437,61.536659],[23.899237,61.536652],[23.89876,61.536537],[23.898289,61.536591],[23.897932,61.536762],[23.897652,61.536842],[23.89724,61.536808],[23.897022,61.536846],[23.89694,61.536911],[23.897125,61.536999],[23.897236,61.537022],[23.897455,61.537006],[23.897686,61.537067],[23.898058,61.537209],[23.89826,61.537331],[23.898434,61.537533],[23.89838,61.537701],[23.898502,61.537739],[23.898594,61.538021],[23.89871,61.538086],[23.899399,61.538242],[23.900036,61.538223],[23.900442,61.538345],[23.900854,61.538322],[23.901031,61.538364],[23.901627,61.538631],[23.901787,61.538647],[23.901865,61.538689],[23.902176,61.538723],[23.902702,61.538891],[23.902735,61.539028],[23.902863,61.539028],[23.903206,61.539093],[23.903336,61.539085],[23.903582,61.538994],[23.903667,61.538994],[23.903841,61.538834],[23.903992,61.538803],[23.904211,61.538822],[23.904583,61.538971],[23.904713,61.538986],[23.904951,61.539078],[23.905153,61.539101],[23.905422,61.539063],[23.905878,61.538868],[23.906181,61.538868],[23.906429,61.538765],[23.906693,61.538734],[23.907125,61.538898],[23.907375,61.538937],[23.907536,61.539017],[23.907862,61.539093],[23.907984,61.539326],[23.90872,61.539524],[23.909315,61.539478],[23.909508,61.539402],[23.909634,61.539387],[23.909746,61.539406],[23.909866,61.539482],[23.910042,61.539486],[23.910233,61.539433],[23.910492,61.539429],[23.911114,61.539288],[23.91165,61.539238],[23.911919,61.539177],[23.911974,61.539219],[23.912235,61.53923],[23.912294,61.539219],[23.912252,61.539158],[23.912338,61.539074],[23.912436,61.53907],[23.912472,61.539116],[23.912561,61.53912],[23.912632,61.538971],[23.91271,61.539055],[23.912937,61.539055],[23.912806,61.539192],[23.912607,61.539268],[23.912413,61.539268],[23.912386,61.539314],[23.912804,61.539478],[23.913,61.539661],[23.912975,61.539726],[23.912891,61.539772],[23.912939,61.539776],[23.912941,61.539959],[23.913021,61.540035],[23.912956,61.540134],[23.912987,61.54031],[23.912739,61.540646],[23.91292,61.540714],[23.912914,61.540787],[23.912968,61.540817],[23.912884,61.540829],[23.912798,61.540783],[23.91263,61.540783],[23.9125051,61.5408637],[23.9125046,61.5410431],[23.912128,61.5412224],[23.911659,61.541218],[23.910976,61.541412],[23.910877,61.541473],[23.910843,61.541828],[23.910572,61.541885],[23.910589,61.542027],[23.910456,61.54216],[23.910366,61.542366],[23.909954,61.542538],[23.909866,61.542557],[23.909586,61.542542],[23.909388,61.54258],[23.909182,61.542583],[23.9091154,61.5426202],[23.9082881,61.5426196],[23.908268,61.542645],[23.9075358,61.542655],[23.9075357,61.5426909],[23.9073852,61.5427267],[23.9073851,61.5427626],[23.9072346,61.5427625],[23.907082,61.542797],[23.906898,61.542778],[23.906675,61.542694],[23.906137,61.54277],[23.90601,61.542751],[23.905582,61.542778],[23.905043,61.542675],[23.904617,61.542728],[23.904058,61.542664],[23.903767,61.542702],[23.90344,61.542683],[23.903154,61.542606],[23.903111,61.542534],[23.902885,61.542461],[23.902683,61.54232],[23.902714,61.541973],[23.902493,61.541851],[23.901823,61.541676],[23.901436,61.541611],[23.900539,61.541664],[23.900532,61.541523],[23.900454,61.541508],[23.900381,61.541431],[23.900318,61.54147],[23.900055,61.541451],[23.899881,61.541492],[23.899796,61.541477],[23.899681,61.541561],[23.89949,61.541607],[23.899523,61.541634],[23.899731,61.541584],[23.899935,61.541656],[23.900145,61.541672],[23.900284,61.541737],[23.900404,61.541855],[23.900364,61.541954],[23.900185,61.541996],[23.899961,61.542152],[23.899845,61.542187],[23.899559,61.542213],[23.899509,61.542351],[23.89938,61.542439],[23.899338,61.54258],[23.899372,61.542641],[23.899864,61.542969],[23.900501,61.543159],[23.900808,61.543179],[23.901115,61.543118],[23.901321,61.543007],[23.901539,61.543018],[23.901739,61.542938],[23.902351,61.542965],[23.902651,61.543015],[23.902807,61.543072],[23.902838,61.543159],[23.90304,61.543343],[23.903791,61.543671],[23.904062,61.543648],[23.904354,61.543694],[23.904589,61.543694],[23.905085,61.543594],[23.905386,61.543598],[23.905539,61.54377],[23.905687,61.543888],[23.905737,61.543892],[23.906176,61.5438],[23.906521,61.543797],[23.906754,61.543713],[23.906824,61.543747],[23.906881,61.543724],[23.907207,61.543793],[23.907309,61.543789],[23.907446,61.543884],[23.907484,61.544033],[23.907682,61.544132],[23.908611,61.544388],[23.908857,61.544556],[23.908834,61.544689],[23.908922,61.544701],[23.909096,61.544674],[23.909285,61.544739],[23.909294,61.544819],[23.909142,61.544922],[23.909178,61.544964],[23.909307,61.544968],[23.909443,61.544884],[23.909557,61.54488],[23.909731,61.54491],[23.909935,61.545044],[23.910156,61.545109],[23.91054,61.545109],[23.911015,61.545067],[23.911263,61.545116],[23.911497,61.545277],[23.911772,61.545361],[23.912142,61.545536],[23.912443,61.545609],[23.91259,61.545689],[23.912737,61.545723],[23.913242,61.545773],[23.91349,61.545753],[23.913652,61.545776],[23.913719,61.545738],[23.914017,61.545761],[23.914114,61.545788],[23.914324,61.545929],[23.914574,61.545982],[23.914886,61.546001],[23.9156,61.545982],[23.915766,61.546009],[23.915958,61.546097],[23.9162512,61.5461067],[23.916864,61.546272],[23.917286,61.546322],[23.917791,61.546471],[23.918541,61.546474],[23.918745,61.546535],[23.918844,61.546612],[23.919083,61.546608],[23.919622,61.546951],[23.9197866,61.547009],[23.9201335,61.5471015],[23.9203243,61.5471764],[23.9203977,61.5472487],[23.92067,61.547565],[23.920876,61.547642],[23.920948,61.547623],[23.921183,61.547638],[23.921219,61.547749],[23.921349,61.547829],[23.921892,61.547878],[23.922253,61.547787],[23.922241,61.547661],[23.922474,61.547665],[23.922701,61.547585],[23.92288,61.547562],[23.923111,61.547573],[23.923437,61.547638],[23.924034,61.547852],[23.924324,61.548027],[23.924486,61.548027],[23.924582,61.548054],[23.924614,61.548107],[23.924561,61.548141],[23.9242,61.548077],[23.923901,61.548103],[23.923824,61.548141],[23.923935,61.548225],[23.924212,61.548321],[23.924417,61.548321],[23.924583,61.548279],[23.9247,61.548309],[23.92473,61.548382],[23.924597,61.548534],[23.924665,61.54871],[23.924641,61.548832],[23.924753,61.548901],[23.925041,61.548977],[23.925316,61.548992],[23.925514,61.548969],[23.925873,61.548832],[23.926233,61.548779],[23.9263417,61.5487913],[23.927855,61.548962],[23.9282462,61.5489727],[23.928402,61.548977],[23.928452,61.548958],[23.928776,61.549053],[23.928984,61.549061],[23.929218,61.549034],[23.929846,61.549053],[23.92996,61.549099],[23.930344,61.54916],[23.930992,61.549328],[23.931591,61.549393],[23.931673,61.549431],[23.932362,61.549553],[23.932528,61.549637],[23.932854,61.549686],[23.933193,61.549789],[23.933388,61.549885],[23.934195,61.550034],[23.934404,61.550114],[23.936068,61.550327],[23.9362161,61.5503166],[23.9364649,61.5503292],[23.9366034,61.550352],[23.937054,61.550426],[23.93825,61.55051],[23.939157,61.550613],[23.939222,61.550659],[23.939453,61.5507857],[23.9399408,61.5508402],[23.940088,61.550835],[23.940306,61.550892],[23.940781,61.550945],[23.941414,61.550941],[23.941999,61.551056],[23.94215,61.551052],[23.942411,61.551113],[23.942673,61.551136],[23.943447,61.551292],[23.94364,61.551273],[23.944567,61.551346],[23.944752,61.5513],[23.94516,61.55127],[23.945541,61.551304],[23.946104,61.551468],[23.946289,61.551498],[23.946381,61.551487],[23.946661,61.551563],[23.946762,61.55154],[23.947151,61.551559],[23.9478,61.551743],[23.948109,61.551792],[23.948326,61.551765],[23.948545,61.551796],[23.948992,61.551945],[23.949821,61.552082],[23.950703,61.552109],[23.951406,61.552254],[23.951797,61.552437],[23.952202,61.552563],[23.952257,61.55257],[23.95236,61.552505],[23.952469,61.552486],[23.952623,61.552521],[23.952747,61.552605],[23.952869,61.552563],[23.953154,61.552704],[23.953272,61.552715],[23.953711,61.552902],[23.953777,61.553055],[23.954239,61.553112],[23.955027,61.553288],[23.955147,61.553272],[23.955198,61.553196],[23.955458,61.553154],[23.955515,61.553051],[23.955725,61.552994],[23.956097,61.553059],[23.956234,61.553047],[23.956217,61.553112],[23.956285,61.553127],[23.956373,61.553043],[23.956347,61.55302],[23.95624,61.552986],[23.956068,61.552982],[23.955908,61.552921],[23.956024,61.55291],[23.956266,61.552982],[23.957039,61.553032],[23.957195,61.553093],[23.957308,61.553066],[23.957466,61.553116],[23.957651,61.553112],[23.95805,61.553028],[23.958496,61.553089],[23.958675,61.553162],[23.958742,61.553207],[23.9588169,61.5533778],[23.9587726,61.55342],[23.9586662,61.5535213],[23.9585156,61.5535931],[23.958168,61.553547],[23.957983,61.553616],[23.957788,61.553795],[23.957315,61.553864],[23.956926,61.553822],[23.956772,61.553848],[23.956497,61.553844],[23.955925,61.553764],[23.955479,61.553745],[23.955446,61.553806],[23.955521,61.553856],[23.955336,61.553925],[23.955252,61.554153],[23.955172,61.554199],[23.95512,61.554306],[23.955002,61.554306],[23.954868,61.554367],[23.954647,61.554398],[23.954096,61.554585],[23.953577,61.554585],[23.953417,61.554672],[23.953112,61.554733],[23.952972,61.554935],[23.953037,61.555218],[23.953123,61.555313],[23.953257,61.555374],[23.953241,61.555462],[23.95351,61.555637],[23.953739,61.555698],[23.95369,61.555744],[23.953714,61.555786],[23.953888,61.555828],[23.953859,61.556076],[23.953283,61.556499],[23.952887,61.556503],[23.952223,61.556408],[23.952217,61.556458],[23.952372,61.556568],[23.952381,61.556633],[23.952343,61.55666],[23.952127,61.556667],[23.95199,61.556816],[23.9517609,61.5568847],[23.9516927,61.5569051],[23.951284,61.556709],[23.951027,61.556778],[23.950954,61.556736],[23.951225,61.556599],[23.951269,61.556545],[23.951324,61.556179],[23.951107,61.55608],[23.95105,61.555969],[23.951147,61.555939],[23.950958,61.555866],[23.95096,61.55579],[23.950844,61.55566],[23.950937,61.555611],[23.950886,61.55555],[23.950819,61.555515],[23.950554,61.555504],[23.950363,61.55545],[23.950191,61.555317],[23.950527,61.555298],[23.95067,61.555321],[23.950756,61.555359],[23.95072,61.555435],[23.950768,61.555473],[23.95093,61.555443],[23.950941,61.555389],[23.951008,61.555367],[23.951262,61.555454],[23.951544,61.555492],[23.951488,61.555561],[23.951521,61.555645],[23.95141,61.555653],[23.951387,61.555695],[23.951487,61.555759],[23.951658,61.555691],[23.951777,61.555691],[23.951841,61.555836],[23.952145,61.555832],[23.953144,61.555721],[23.953218,61.555679],[23.953226,61.555622],[23.95294,61.555435],[23.952715,61.555138],[23.952467,61.555099],[23.952457,61.555077],[23.952623,61.554932],[23.952597,61.554745],[23.952749,61.554588],[23.952927,61.554489],[23.953957,61.554371],[23.954206,61.554367],[23.954718,61.554226],[23.955055,61.55405],[23.955202,61.553703],[23.955143,61.553558],[23.955034,61.553478],[23.954922,61.553471],[23.954809,61.553577],[23.954691,61.553608],[23.954334,61.553452],[23.9541,61.553436],[23.954115,61.553299],[23.954039,61.553234],[23.953781,61.553204],[23.952557,61.552917],[23.95195,61.55275],[23.951044,61.552441],[23.950516,61.552345],[23.950155,61.552353],[23.950113,61.552326],[23.949789,61.552288],[23.94969,61.552299],[23.948463,61.552193],[23.948168,61.552124],[23.947998,61.552113],[23.947704,61.552029],[23.947138,61.551994],[23.946747,61.552013],[23.9465774,61.5519849],[23.9464536,61.5519285],[23.94591,61.551708],[23.945246,61.551567],[23.944427,61.551521],[23.943815,61.551529],[23.943588,61.551498],[23.943241,61.551579],[23.942984,61.551727],[23.94285,61.551914],[23.9429,61.552128],[23.942724,61.552296],[23.942499,61.552357],[23.9420142,61.5524474],[23.9412687,61.5524985],[23.940408,61.5524002],[23.9402214,61.5523333],[23.941267,61.5524508],[23.9415829,61.5524308],[23.941965,61.552399],[23.9426276,61.5522516],[23.9427821,61.552084],[23.942749,61.551949],[23.942766,61.551865],[23.942955,61.551628],[23.94326,61.551487],[23.943224,61.551407],[23.942436,61.551266],[23.941727,61.551105],[23.940926,61.551037],[23.940189,61.551048],[23.939932,61.55093],[23.939331,61.550873],[23.938892,61.550793],[23.938755,61.550797],[23.938105,61.55072],[23.937574,61.550705],[23.937391,61.550785],[23.936789,61.550831],[23.935978,61.550835],[23.935734,61.550812],[23.935619,61.550865],[23.935499,61.550873],[23.935175,61.55077],[23.935072,61.550674],[23.935076,61.550575],[23.934719,61.550457],[23.933399,61.55019],[23.933109,61.550156],[23.933029,61.550114],[23.932243,61.549911],[23.932249,61.54998],[23.932447,61.550018],[23.932413,61.55006],[23.932167,61.55006],[23.931875,61.549953],[23.931562,61.549973],[23.931595,61.549881],[23.931488,61.549927],[23.931086,61.549759],[23.930889,61.549778],[23.930883,61.549698],[23.930635,61.549549],[23.93037,61.549477],[23.929735,61.54937],[23.928688,61.549271],[23.928646,61.549232],[23.928543,61.549305],[23.928417,61.549259],[23.927549,61.549179],[23.927092,61.54911],[23.9261732,61.5490919],[23.926138,61.549114],[23.926098,61.5490918],[23.925869,61.549088],[23.925739,61.549118],[23.925676,61.549202],[23.925255,61.549252],[23.924854,61.549236],[23.924671,61.549168],[23.924559,61.549183],[23.924501,61.549129],[23.924332,61.549084],[23.924177,61.548935],[23.924147,61.548775],[23.923876,61.548618],[23.923838,61.548553],[23.923712,61.548546],[23.923763,61.548454],[23.923466,61.54829],[23.923044,61.548252],[23.92304,61.548313],[23.923185,61.54837],[23.923037,61.548435],[23.923035,61.548355],[23.922932,61.548309],[23.922955,61.548237],[23.922792,61.54829],[23.922647,61.54826],[23.922518,61.548271],[23.922384,61.548206],[23.922262,61.54826],[23.921881,61.548264],[23.921852,61.548225],[23.921755,61.548241],[23.921633,61.54821],[23.921627,61.548161],[23.92145,61.54813],[23.92144,61.54808],[23.921329,61.548077],[23.920891,61.547955],[23.920841,61.54797],[23.92067,61.547932],[23.920376,61.547913],[23.920235,61.547874],[23.919985,61.547588],[23.919744,61.54755],[23.919262,61.547565],[23.919281,61.54763],[23.919138,61.547783],[23.9190428,61.5478143],[23.9192059,61.5478757],[23.919394,61.547905],[23.919846,61.547997],[23.919786,61.548077],[23.919657,61.54808],[23.91946,61.548172],[23.919476,61.548233],[23.919575,61.548248],[23.919567,61.548306],[23.91926,61.548256],[23.919237,61.548164],[23.919298,61.548046],[23.9192488,61.547937],[23.919092,61.54789],[23.918968,61.547813],[23.918646,61.547947],[23.918465,61.548084],[23.918356,61.548256],[23.918156,61.548218],[23.91803,61.548149],[23.917967,61.548061],[23.917862,61.54805],[23.917652,61.54797],[23.917383,61.547962],[23.917189,61.547989],[23.917187,61.548038],[23.91744,61.548264],[23.917532,61.548309],[23.91766,61.548302],[23.917686,61.548328],[23.917627,61.548378],[23.917196,61.548431],[23.917065,61.548531],[23.916813,61.548477],[23.916157,61.548252],[23.916069,61.548096],[23.916189,61.548016],[23.916092,61.547977],[23.91597,61.54797],[23.915709,61.547741],[23.915524,61.547646],[23.915506,61.547462],[23.915089,61.547245],[23.914845,61.547195],[23.913418,61.547211],[23.912779,61.547176],[23.91255,61.547123],[23.912306,61.547131],[23.911999,61.547089],[23.91172,61.547028],[23.910421,61.546474],[23.910116,61.546375],[23.909876,61.546242],[23.909506,61.546146],[23.909258,61.546143],[23.909025,61.546257],[23.908758,61.546314],[23.908434,61.546467],[23.908136,61.546547],[23.907965,61.546642],[23.907892,61.546772],[23.907923,61.54681],[23.908155,61.54681],[23.90836,61.546745],[23.908487,61.546741],[23.908308,61.546928],[23.908001,61.546833],[23.907587,61.546799],[23.907228,61.546825],[23.907122,61.546703],[23.906685,61.546562],[23.905518,61.545944],[23.905411,61.545738],[23.90523,61.545559],[23.904465,61.545273],[23.904474,61.545208],[23.904779,61.545109],[23.904827,61.545063],[23.904778,61.545033],[23.904667,61.54504],[23.904495,61.545124],[23.904303,61.54517],[23.90423,61.545132],[23.904266,61.545078],[23.903984,61.544994],[23.904005,61.544922],[23.903889,61.544975],[23.903154,61.545033],[23.90299,61.545135],[23.902603,61.545139],[23.90197,61.545212],[23.901789,61.545185],[23.901453,61.545212],[23.901211,61.545174],[23.900785,61.545177],[23.900061,61.544968],[23.899796,61.544613],[23.899754,61.544312],[23.899605,61.544231],[23.89945,61.544014],[23.898876,61.5438],[23.898399,61.5438],[23.897894,61.54388],[23.8974,61.543797],[23.897312,61.543709],[23.89732,61.54356],[23.89715,61.543411],[23.896666,61.543442],[23.896564,61.543503],[23.895849,61.543518],[23.895737,61.543564],[23.89566,61.543839],[23.89583,61.544056],[23.896004,61.544144],[23.896244,61.544182],[23.896446,61.544159],[23.896601,61.544228],[23.896482,61.544933],[23.896559,61.545029],[23.8969,61.545124],[23.897007,61.545212],[23.896929,61.545288],[23.896463,61.545364],[23.896435,61.545322],[23.896482,61.545261],[23.896698,61.545174],[23.896496,61.545074],[23.896021,61.545303],[23.895664,61.545326],[23.895342,61.545197],[23.895138,61.544983],[23.895123,61.544601],[23.894997,61.544292],[23.894318,61.543728],[23.89402,61.543858],[23.893345,61.543968],[23.89333,61.543995],[23.893715,61.544357],[23.893715,61.54446],[23.893633,61.544556],[23.893545,61.544529],[23.893606,61.54435],[23.893244,61.544094],[23.893175,61.543934],[23.893303,61.543831],[23.893326,61.543766],[23.893255,61.543682],[23.893385,61.543423],[23.893446,61.543369],[23.893671,61.543396],[23.89377,61.543354],[23.893759,61.543213],[23.893826,61.543106],[23.893805,61.542725],[23.893702,61.542629],[23.893551,61.542553],[23.892836,61.542366],[23.892006,61.542011],[23.891848,61.541977],[23.891649,61.541981],[23.8915264,61.5419348],[23.8914947,61.5419313],[23.89126,61.541962],[23.891052,61.541981],[23.890543,61.541927],[23.890059,61.54195],[23.889732,61.542049],[23.889488,61.542023],[23.88924,61.54203],[23.888981,61.542091],[23.889174,61.542152],[23.889147,61.542194],[23.888948,61.54211],[23.888783,61.542179],[23.88825,61.54232],[23.887529,61.542343],[23.887171,61.542183],[23.886992,61.542168],[23.886984,61.542099],[23.886869,61.542145],[23.886723,61.54213],[23.886442,61.542076],[23.886154,61.541935],[23.885965,61.541931],[23.885561,61.542],[23.885309,61.541992],[23.884892,61.54213],[23.884491,61.542526],[23.88386,61.542591],[23.883478,61.542568],[23.882875,61.542423],[23.882669,61.542404],[23.88236,61.542278],[23.882349,61.54211],[23.882236,61.541965],[23.882252,61.541805],[23.882189,61.54174],[23.881977,61.541622],[23.881769,61.541401],[23.88129,61.541191],[23.881279,61.541153],[23.881481,61.541023],[23.881468,61.540989],[23.881128,61.541096],[23.881104,61.541023],[23.880831,61.540928],[23.880522,61.54089],[23.88026,61.540794],[23.880133,61.540733],[23.880014,61.540581],[23.879673,61.54047],[23.879318,61.540447],[23.878836,61.540539],[23.87845,61.540432],[23.87813,61.540459],[23.877895,61.540527],[23.87755,61.540531],[23.877396,61.540497],[23.877157,61.540386],[23.877127,61.540272],[23.876968,61.540157],[23.876827,61.540119],[23.876884,61.540035],[23.876793,61.539997],[23.876738,61.539986],[23.876673,61.540039],[23.876574,61.540016],[23.876026,61.540012],[23.875479,61.53997],[23.874941,61.539894],[23.874874,61.539848],[23.874798,61.539852],[23.874649,61.539795],[23.874338,61.53978],[23.874125,61.539715],[23.873983,61.539322],[23.8742846,61.5392489],[23.8742652,61.5392175],[23.873989,61.539253],[23.873915,61.539211],[23.873804,61.539055],[23.873587,61.538876],[23.873585,61.538811],[23.87352,61.538776],[23.873415,61.538586],[23.872911,61.538406],[23.87249,61.538292],[23.872192,61.538235],[23.871944,61.538219],[23.871855,61.538155],[23.871244,61.538109],[23.870441,61.53796],[23.870274,61.537838],[23.870014,61.537449],[23.869898,61.537449],[23.869759,61.537552],[23.869633,61.537563],[23.86944,61.537663],[23.869181,61.537716],[23.869144,61.537678],[23.869249,61.537605],[23.869049,61.537594],[23.869072,61.537506],[23.86932,61.537312],[23.869314,61.537266],[23.86911,61.537292],[23.868803,61.53727],[23.868296,61.537167],[23.868275,61.537125],[23.868795,61.537163],[23.869099,61.537231],[23.869171,61.537193],[23.869368,61.537231],[23.869576,61.537155],[23.869759,61.537174],[23.869923,61.537224],[23.869936,61.537254],[23.869728,61.537258],[23.869673,61.537327],[23.869905,61.537334],[23.869997,61.537388],[23.870174,61.53738],[23.870787,61.537193],[23.87114,61.537197],[23.871689,61.537258],[23.87192,61.537411],[23.872683,61.537521],[23.873079,61.537498],[23.873146,61.537266],[23.873501,61.53709],[23.873768,61.537025],[23.874083,61.537014],[23.874882,61.537151],[23.875536,61.53722],[23.875715,61.537346],[23.876207,61.537445],[23.876537,61.53756],[23.877125,61.537693],[23.877773,61.537773],[23.87788,61.537907],[23.878582,61.5383],[23.878857,61.538399],[23.879089,61.538433],[23.879436,61.53841],[23.879648,61.538239],[23.879757,61.538227],[23.879797,61.538162],[23.879902,61.538116],[23.880095,61.538116],[23.880148,61.538074],[23.880512,61.537968],[23.881289,61.537834],[23.881653,61.537849],[23.881893,61.537891],[23.882183,61.537991],[23.882504,61.538151],[23.882975,61.538269],[23.883022,61.538307],[23.883492,61.538322],[23.883614,61.538288],[23.883715,61.538109],[23.883699,61.537968],[23.883638,61.537918],[23.883169,61.537628],[23.88294,61.537586],[23.882536,61.537586],[23.882418,61.53754],[23.882435,61.53751],[23.882244,61.537315],[23.881838,61.537197],[23.881603,61.537071],[23.881111,61.536591],[23.880808,61.536381],[23.879932,61.536156],[23.879644,61.536137],[23.879147,61.536156],[23.87883,61.536102],[23.878723,61.536041],[23.87859,61.535873],[23.878325,61.535732],[23.878096,61.535702],[23.878084,61.535667],[23.877939,61.535641],[23.877888,61.535591],[23.877914,61.535473],[23.878086,61.535336],[23.878071,61.535309],[23.877804,61.535137],[23.877682,61.535095],[23.877768,61.535053],[23.877609,61.535049],[23.877499,61.535],[23.87746,61.534912],[23.877615,61.534824],[23.877729,61.534809],[23.877882,61.53474],[23.87809,61.534607],[23.878197,61.534363],[23.877989,61.534222],[23.877363,61.533981],[23.877378,61.533886],[23.8773642,61.5338803],[23.877302,61.533901],[23.8773399,61.5338693],[23.877371,61.533855],[23.877146,61.533913],[23.876699,61.533825],[23.876375,61.53384],[23.876011,61.533752],[23.875479,61.533707],[23.874928,61.533527],[23.874361,61.53344],[23.87373,61.533432],[23.873175,61.533459],[23.872404,61.533344],[23.872126,61.533344],[23.871523,61.533447],[23.870546,61.533432],[23.870117,61.533463],[23.869991,61.533447],[23.8696,61.533493],[23.869457,61.533482],[23.869226,61.533401],[23.869122,61.533409],[23.868889,61.533337],[23.868769,61.533245],[23.868776,61.533146],[23.869493,61.533001],[23.869619,61.532951],[23.869957,61.532902],[23.870182,61.532688],[23.870331,61.532467],[23.870459,61.532391],[23.870726,61.53231],[23.870693,61.532211],[23.870815,61.532143],[23.870922,61.532143],[23.871086,61.532242],[23.871229,61.532234],[23.871384,61.532269],[23.871872,61.532291],[23.872318,61.532379],[23.872528,61.532341],[23.872717,61.532238],[23.8728369,61.5322365],[23.8728596,61.5322118],[23.872742,61.532177],[23.872616,61.532021],[23.872505,61.531967],[23.871967,61.531807],[23.871998,61.531715],[23.871944,61.531696],[23.871855,61.531776],[23.87089,61.531555],[23.870657,61.53154],[23.870356,61.531593],[23.870216,61.531559],[23.869768,61.53154],[23.869442,61.531574],[23.868963,61.531765],[23.868822,61.531754],[23.868824,61.53167],[23.868559,61.531746],[23.868288,61.531773],[23.867371,61.531754],[23.867052,61.531689],[23.867023,61.531631],[23.866709,61.531528],[23.866577,61.531422],[23.866249,61.531322],[23.866291,61.531223],[23.866137,61.531219],[23.866047,61.531315],[23.865707,61.53138],[23.865671,61.531479],[23.86549,61.531528],[23.865438,61.531601],[23.865492,61.531773],[23.865219,61.53196],[23.865044,61.532032],[23.864698,61.532066],[23.864281,61.532013],[23.86417,61.531986],[23.864124,61.531902],[23.863649,61.531818],[23.863171,61.531689],[23.862831,61.531639],[23.862755,61.531551],[23.862614,61.531498],[23.862518,61.531509],[23.86237,61.531597],[23.862265,61.531605],[23.86212,61.531628],[23.86208,61.531628],[23.861769,61.531513],[23.861597,61.531494],[23.861229,61.531456],[23.861082,61.531475],[23.8607331,61.5314536],[23.860641,61.531448],[23.860538,61.531464],[23.860424,61.531433],[23.860239,61.531429],[23.860039,61.531364],[23.8598227,61.5313281],[23.8597197,61.5312095],[23.8596661,61.5311348],[23.859694,61.5311235],[23.8596253,61.5310581],[23.8594708,61.5310744],[23.8595223,61.5311522],[23.859562,61.531136],[23.859718,61.531338],[23.859467,61.531437],[23.859314,61.531551],[23.858953,61.531582],[23.858816,61.531628],[23.858582,61.531616],[23.858,61.531673],[23.85779,61.531654],[23.857243,61.531666],[23.856623,61.531754],[23.856556,61.531815],[23.856386,61.531731],[23.856071,61.531452],[23.856167,61.531265],[23.855862,61.531063],[23.855654,61.530987],[23.855267,61.530975],[23.855103,61.530903],[23.854797,61.530846],[23.854698,61.530869],[23.854441,61.530838],[23.854282,61.530735],[23.854116,61.530693],[23.853918,61.530689],[23.853851,61.530659],[23.853655,61.530693],[23.853548,61.530743],[23.853838,61.530952],[23.853998,61.531013],[23.8542,61.531063],[23.854429,61.531063],[23.854603,61.531158],[23.854988,61.531235],[23.855085,61.531235],[23.855265,61.531181],[23.855558,61.53125],[23.855707,61.531345],[23.855728,61.531395],[23.855495,61.531494],[23.855333,61.531517],[23.855383,61.53154],[23.855249,61.531563],[23.855169,61.531673],[23.855095,61.531693],[23.854658,61.53167],[23.854298,61.531715],[23.853865,61.531708],[23.853241,61.531456],[23.85276,61.531372],[23.852409,61.53138],[23.852238,61.531437],[23.851978,61.53146],[23.85169,61.531433],[23.8515708,61.5314279],[23.8515161,61.5314255],[23.851412,61.53146],[23.851318,61.531441],[23.85066,61.531582],[23.850069,61.531548],[23.849745,61.531563],[23.849415,61.531342],[23.849051,61.531216],[23.848976,61.531094],[23.8487248,61.5310826],[23.8487232,61.5308002],[23.8486218,61.5308003],[23.8486218,61.5311031],[23.848511,61.531151],[23.848179,61.531212],[23.84782,61.531101],[23.847404,61.531063],[23.846987,61.531212],[23.847004,61.531391],[23.846785,61.531384],[23.846729,61.531399],[23.846703,61.53146],[23.846781,61.531578],[23.847055,61.531681],[23.847284,61.531662],[23.84762,61.531696],[23.847773,61.531651],[23.848036,61.531654],[23.84823,61.531593],[23.848421,61.531647],[23.848894,61.531658],[23.84906,61.531719],[23.849415,61.53178],[23.849564,61.531864],[23.849733,61.531902],[23.849489,61.532108],[23.849579,61.532307],[23.849491,61.532345],[23.849241,61.532314],[23.849262,61.532398],[23.849176,61.532406],[23.848789,61.53257],[23.848465,61.532619],[23.8482195,61.5327143],[23.847942,61.532822],[23.847784,61.532925],[23.847689,61.532944],[23.847565,61.532921],[23.847151,61.53299],[23.846987,61.532993],[23.846743,61.533459],[23.846823,61.533581],[23.846811,61.533623],[23.846779,61.533688],[23.846539,61.533695],[23.846418,61.533745],[23.846323,61.533722],[23.846193,61.533741],[23.846123,61.533894],[23.845921,61.534107],[23.846107,61.534298],[23.846376,61.534382],[23.846668,61.534424],[23.846926,61.534374],[23.847347,61.534367],[23.847528,61.534393],[23.8487837,61.5341761],[23.8490868,61.5341851],[23.8492557,61.5342324],[23.8494167,61.5342068],[23.849518,61.534233],[23.849465,61.5343295],[23.849296,61.5343756],[23.8492226,61.5343627],[23.8490814,61.534341],[23.848958,61.5342605],[23.8486522,61.5343001],[23.8483974,61.5343244],[23.848248,61.534355],[23.848091,61.534485],[23.8480622,61.5346351],[23.8480445,61.534741],[23.8480353,61.5347962],[23.847692,61.534801],[23.847313,61.534809],[23.846983,61.534832],[23.846893,61.534847],[23.846796,61.534859],[23.846636,61.534897],[23.846567,61.534916],[23.846161,61.534847],[23.846004,61.53487],[23.84581,61.534832],[23.845457,61.534813],[23.845407,61.534763],[23.845139,61.53476],[23.844753,61.534676],[23.844444,61.534664],[23.844391,61.534645],[23.8444247,61.5345151],[23.844356,61.5345069],[23.8443045,61.5346542],[23.843863,61.534698],[23.843468,61.534679],[23.842934,61.534607],[23.842762,61.534626],[23.842709,61.534672],[23.842428,61.534729],[23.842142,61.534634],[23.842054,61.534714],[23.84181,61.53471],[23.841629,61.534775],[23.841625,61.534805],[23.841879,61.534882],[23.841782,61.534939],[23.84161,61.534962],[23.841396,61.534912],[23.841068,61.535011],[23.840593,61.535069],[23.840467,61.534927],[23.840395,61.534916],[23.840338,61.534927],[23.840315,61.535069],[23.84004,61.53508],[23.839844,61.535229],[23.839636,61.535313],[23.839376,61.53532],[23.83894,61.535393],[23.838861,61.535385],[23.838835,61.535358],[23.838932,61.535244],[23.838926,61.535221],[23.838879,61.535225],[23.838722,61.535389],[23.838594,61.535442],[23.838362,61.535458],[23.8382398,61.5354569],[23.837965,61.5354],[23.836302,61.534744],[23.8361,61.534584],[23.8357644,61.5344701],[23.8358588,61.5343188],[23.835773,61.5343065],[23.835669,61.534451],[23.835594,61.534462],[23.835119,61.534386],[23.835003,61.534351],[23.834911,61.534332],[23.834496,61.534161],[23.834087,61.534103],[23.833559,61.53397],[23.833746,61.533787],[23.8336306,61.5337687],[23.8334555,61.5339301],[23.833241,61.5338728],[23.833138,61.5338524],[23.8330779,61.5338483],[23.8329749,61.5338033],[23.8327775,61.5337583],[23.832603,61.53373],[23.8324942,61.5337174],[23.832294,61.533665],[23.8318934,61.5336028],[23.8319964,61.533431],[23.831905,61.533413],[23.831778,61.533577],[23.831715,61.5336],[23.831337,61.533562],[23.83103,61.533485],[23.830688,61.533474],[23.830353,61.533619],[23.830347,61.533779],[23.830137,61.533848],[23.830097,61.533978],[23.82992,61.534058],[23.829691,61.534088],[23.829641,61.534161],[23.829662,61.534241],[23.829775,61.53434],[23.83061,61.534561],[23.8312031,61.5345699],[23.8314879,61.5347616],[23.8314157,61.5348048],[23.8313347,61.5348005],[23.8310183,61.5347184],[23.8309355,61.534755],[23.830906,61.534794],[23.830883,61.534893],[23.830769,61.534981],[23.830284,61.535019],[23.830137,61.535],[23.829721,61.535011],[23.829594,61.535175],[23.82962,61.535233],[23.829285,61.535248],[23.829075,61.535179],[23.828995,61.535114],[23.829033,61.535057],[23.828859,61.534981],[23.828568,61.534958],[23.8283508,61.5347806],[23.828129,61.5348025],[23.8279684,61.5345419],[23.8279169,61.5345051],[23.8279426,61.5344274],[23.8278825,61.5343947],[23.8278053,61.5344479],[23.8277795,61.534501],[23.827831,61.534546],[23.8278911,61.5345542],[23.8279254,61.5345869],[23.8279124,61.5345931],[23.8279038,61.5346562],[23.8277423,61.534701],[23.8279128,61.5347421],[23.8276772,61.5347736],[23.8276133,61.534778],[23.8275578,61.534825],[23.8275616,61.5348749],[23.8274762,61.5349085],[23.827221,61.534889],[23.8270106,61.5349116],[23.8268868,61.535041],[23.8268319,61.5351484],[23.8270483,61.5352935],[23.8268636,61.5352968],[23.8267577,61.5352253],[23.8264902,61.53513],[23.826418,61.5350717],[23.8263553,61.5351431],[23.8263698,61.5352525],[23.8265606,61.5353697],[23.8266903,61.5354802],[23.8267564,61.535591],[23.8269309,61.5354871],[23.8270261,61.5355084],[23.8268408,61.535717],[23.8264517,61.5358256],[23.826285,61.535939],[23.8262667,61.5360518],[23.8264867,61.5360469],[23.8265293,61.5361598],[23.826653,61.5360197],[23.8267732,61.5360148],[23.8268466,61.5361253],[23.8268046,61.5363432],[23.8267055,61.5363981],[23.826452,61.536377],[23.8260966,61.536457],[23.8260523,61.5365187],[23.8262142,61.5366474],[23.826403,61.536739],[23.8261824,61.5367566],[23.8259005,61.5366955],[23.825756,61.536594],[23.8256579,61.5365636],[23.8253264,61.5364876],[23.8252232,61.5363029],[23.8249834,61.5363026],[23.8249602,61.5362567],[23.8246798,61.5363597],[23.8245984,61.5364666],[23.8247096,61.5366638],[23.8247365,61.5367679],[23.824514,61.536793],[23.824207,61.536781],[23.8239394,61.5367572],[23.8238182,61.536689],[23.8239443,61.5366522],[23.8238558,61.5365121],[23.823704,61.536411],[23.8234135,61.5364059],[23.8233692,61.5363631],[23.8235378,61.5361968],[23.8233925,61.5360831],[23.823504,61.5359683],[23.8233983,61.5358586],[23.8231885,61.5359068],[23.8230876,61.5358712],[23.8229966,61.5358916],[23.8226392,61.5357441],[23.8225342,61.5357989],[23.8228858,61.5359235],[23.8227532,61.5360294],[23.8228049,61.5361013],[23.823046,61.53619],[23.8229684,61.5363088],[23.823292,61.536415],[23.823223,61.536438],[23.8229976,61.5364473],[23.822836,61.536598],[23.8226007,61.5366152],[23.8221309,61.5368903],[23.822411,61.536922],[23.8225968,61.5369495],[23.8226465,61.536991],[23.8228142,61.5370354],[23.822808,61.5371272],[23.8227335,61.5371834],[23.822632,61.537266],[23.822197,61.537277],[23.822067,61.537243],[23.821843,61.5373072],[23.8214714,61.537289],[23.821264,61.537323],[23.821127,61.537426],[23.8210501,61.5375268],[23.8211743,61.5376511],[23.8215222,61.537734],[23.821703,61.537785],[23.8219135,61.5378406],[23.8221806,61.5378702],[23.8222365,61.5379028],[23.822075,61.53796],[23.8219446,61.5380478],[23.8214042,61.5382787],[23.8210066,61.5382314],[23.8208575,61.5383024],[23.820766,61.538361],[23.820728,61.538418],[23.8206525,61.5383646],[23.8205035,61.5384534],[23.8206712,61.5385067],[23.8206091,61.5385363],[23.820505,61.538574],[23.8202798,61.5385481],[23.820351,61.538605],[23.820248,61.53862],[23.820168,61.538681],[23.819881,61.538776],[23.819614,61.538769],[23.819397,61.538815],[23.819199,61.538785],[23.8190002,61.5389034],[23.8188449,61.5388501],[23.8187642,61.5388767],[23.8188636,61.538933],[23.8188139,61.5390455],[23.8188201,61.5391195],[23.8188636,61.5391639],[23.8190127,61.5392053],[23.8188884,61.5392527],[23.8187331,61.5392468],[23.8184225,61.5391639],[23.8182238,61.5390987],[23.8182176,61.5390455],[23.818112,61.539004],[23.8179691,61.5390484],[23.817702,61.5390395],[23.8176771,61.5390839],[23.818108,61.539143],[23.818228,61.53923],[23.818281,61.539242],[23.818367,61.539215],[23.818512,61.539242],[23.818609,61.539356],[23.818913,61.539444],[23.819357,61.539505],[23.819464,61.539562],[23.819765,61.53957],[23.819897,61.539639],[23.819927,61.5396],[23.819431,61.539379],[23.8194737,61.5393666],[23.8198943,61.5395425],[23.820309,61.53968],[23.82073,61.539944],[23.821518,61.540203],[23.82155,61.54031],[23.821505,61.540356],[23.821583,61.540417],[23.821583,61.540485],[23.821463,61.540524],[23.821411,61.540504],[23.821211,61.540531],[23.821108,61.540504],[23.82103,61.54052],[23.820768,61.540489],[23.820295,61.540371],[23.819712,61.540329],[23.819569,61.540318],[23.819118,61.540321],[23.819056,61.540375],[23.818926,61.540421],[23.818762,61.540424],[23.818674,61.540386],[23.81818,61.540318],[23.818022,61.540237],[23.817934,61.540241],[23.8170845,61.5400728],[23.8169402,61.5401169],[23.8168601,61.5401796],[23.8167743,61.5401479],[23.816734,61.5401773],[23.8168647,61.5402507],[23.8167635,61.5403208],[23.8169121,61.5404115],[23.8172942,61.5405557],[23.817608,61.540478],[23.8177498,61.5405493],[23.817278,61.54068],[23.8171193,61.5406847],[23.8170962,61.5406447],[23.8169883,61.5406757],[23.8164372,61.5405896],[23.816273,61.54068],[23.815228,61.540829],[23.8150901,61.5408569],[23.8149154,61.540943],[23.8141581,61.541092],[23.8137843,61.5410704],[23.8136886,61.5411192],[23.8138042,61.5411864],[23.8136012,61.5412999],[23.81424,61.541508],[23.814369,61.541599],[23.8145518,61.5416431],[23.8144717,61.541717],[23.8145164,61.5417882],[23.8144077,61.5418765],[23.8142067,61.5418756],[23.8141969,61.5420586],[23.8142852,61.5423052],[23.8143125,61.5423948],[23.814735,61.542583],[23.8149869,61.5428011],[23.8149582,61.5429399],[23.8148843,61.543016],[23.8146342,61.5430603],[23.8144955,61.5431581],[23.8130322,61.5433968],[23.8125826,61.5435174],[23.8107837,61.544],[23.8102116,61.5445766],[23.8108753,61.5447529],[23.8098376,61.5452988],[23.8096093,61.5451246],[23.808397,61.5451859],[23.8083608,61.5450113],[23.8075726,61.5452835],[23.807666,61.5454629],[23.8070615,61.5455893],[23.806855,61.5453367],[23.8047236,61.5457502],[23.8043152,61.5466319],[23.8045482,61.5467689],[23.8049661,61.547015],[23.8045576,61.5471853],[23.8033093,61.54731],[23.8032007,61.5473773],[23.8024229,61.5474671],[23.8022012,61.547324],[23.8026588,61.547231],[23.8016628,61.5472595],[23.8016331,61.5473474],[23.8020484,61.5473833],[23.8017599,61.5474872],[23.8017626,61.5475623],[23.802707,61.5478602],[23.8027581,61.5480426],[23.801686,61.5482615],[23.8013159,61.5487054],[23.7998114,61.5493182],[23.7998295,61.5498255],[23.8004341,61.5497782],[23.8008493,61.5500319],[23.8022392,61.5500736],[23.8023203,61.5504317],[23.8030333,61.5505349],[23.8027354,61.5507498],[23.8029291,61.5510641],[23.8039538,61.5510551],[23.8047755,61.551309],[23.8055963,61.5519235],[23.8061558,61.552074],[23.8053255,61.5523147],[23.8058881,61.5523521],[23.8064987,61.5524824],[23.8074463,61.5523362],[23.8078434,61.5524566],[23.8093235,61.5525469],[23.8111002,61.5535183],[23.8108577,61.5538021],[23.8099913,61.5537634],[23.8093325,61.5540042],[23.8095581,61.5544512],[23.8080871,61.5551132],[23.8072658,61.5557279],[23.8071552,61.5560428],[23.8067966,61.5559084],[23.8062173,61.5559832],[23.8061622,61.555772],[23.8061595,61.5557416],[23.8061012,61.5556727],[23.8055417,61.5557045],[23.8054039,61.5556505],[23.8051116,61.5556632],[23.8050887,61.5556688],[23.8050636,61.5556749],[23.8049273,61.5557024],[23.8048047,61.5557884],[23.8045608,61.5558148],[23.804276,61.5560198],[23.8045828,61.5561057],[23.8035901,61.5566516],[23.8048084,61.5567892],[23.8048536,61.5570514],[23.8052958,61.5570428],[23.8058553,61.5568838],[23.8063246,61.5569611],[23.8065592,61.5567419],[23.8069112,61.5569439],[23.8074527,61.5569611],[23.806469,61.5573179],[23.805386,61.557262],[23.8051243,61.5576145],[23.805368,61.5576918],[23.8055214,61.5575371],[23.8059365,61.5576703],[23.8052687,61.5579024],[23.8048806,61.557881],[23.8043301,61.5580959],[23.8045377,61.5582764],[23.8049438,61.5582764],[23.8051604,61.5581517],[23.8055485,61.5582678],[23.8049181,61.558498],[23.8054957,61.5587602],[23.8055769,61.5590266],[23.8053874,61.5592244],[23.8058206,61.559594],[23.8065787,61.5596756],[23.807048,61.5599507],[23.8072194,61.5596585],[23.8070931,61.5594092],[23.8075353,61.5593189],[23.8079053,61.5593619],[23.8080407,61.5595123],[23.8085912,61.5597229],[23.8084197,61.5599378],[23.8088094,61.5599943],[23.8091822,61.5601186],[23.8092951,61.5602344],[23.8100351,61.5602688],[23.8103691,61.5604751],[23.8110833,61.5606535],[23.8110948,61.5607215],[23.81069,61.5609457],[23.8110712,61.5609438],[23.8113641,61.5608818],[23.8114191,61.5608318],[23.8116117,61.5607755],[23.8120053,61.5607598],[23.8125306,61.560767],[23.8126968,61.5609405],[23.8123201,61.561382],[23.8111321,61.5614679],[23.810712,61.5611907],[23.8092188,61.5615067],[23.8088295,61.5618289],[23.8083445,61.5619474],[23.8086955,61.5620811],[23.8085806,61.5622057],[23.808102,61.562306],[23.8089827,61.5623424],[23.8096974,61.5625855],[23.8106909,61.5623511],[23.8105709,61.5625542],[23.8103515,61.5625862],[23.8101094,61.5627134],[23.8096527,61.5628226],[23.8091035,61.5627897],[23.8085984,61.5628319],[23.8085606,61.5629024],[23.8086363,61.563033],[23.8087697,61.5630449],[23.8090103,61.5630117],[23.8091279,61.5630089],[23.809251,61.562983],[23.8094659,61.5629927],[23.8095042,61.5630865],[23.8096707,61.5631056],[23.8097484,61.5630353],[23.8103228,61.5629806],[23.8106354,61.5630474],[23.8109481,61.5628469],[23.8106737,61.5626281],[23.8113411,61.5626097],[23.8119721,61.5626249],[23.8126767,61.5628117],[23.8130648,61.5626527],[23.813426,61.5626456],[23.8136073,61.562721],[23.8134585,61.5627807],[23.8132633,61.5628589],[23.8127626,61.5629772],[23.8121514,61.5631968],[23.8115071,61.5634769],[23.810583,61.5636583],[23.8089585,61.5637055],[23.8083659,61.5639538],[23.8083377,61.5640174],[23.8082801,61.5640398],[23.8080856,61.5640451],[23.8078984,61.5640515],[23.8078537,61.5641585],[23.8080702,61.5641515],[23.8081804,61.5641106],[23.8085381,61.5641035],[23.8088361,61.5641382],[23.8089609,61.5641779],[23.8090658,61.5641708],[23.809237,61.5641911],[23.8094117,61.5642755],[23.8094488,61.5643083],[23.809437,61.5644261],[23.8093595,61.5645269],[23.8093224,61.5645418],[23.8092879,61.5645387],[23.8092306,61.5645003],[23.8091992,61.5645019],[23.8091647,61.5645218],[23.8091237,61.5646259],[23.8090278,61.5646721],[23.8089233,61.5646955],[23.8088162,61.5647334],[23.8087668,61.5647373],[23.8087217,61.5647308],[23.8086672,61.5647248],[23.8085302,61.5647204],[23.8084577,61.5647357],[23.8082868,61.5648111],[23.8081658,61.5649015],[23.8081017,61.5649801],[23.8080604,61.5650513],[23.8080615,61.5651927],[23.8080206,61.5652182],[23.8079521,61.5652258],[23.8078308,61.5652221],[23.8077706,61.5652353],[23.807622,61.5653276],[23.807621,61.5653669],[23.807613,61.5653818],[23.8075812,61.5653889],[23.8075303,61.5653907],[23.8074769,61.5653814],[23.8074262,61.5653805],[23.807398,61.5653946],[23.8073819,61.5654349],[23.8073974,61.5654716],[23.8074647,61.5654736],[23.8075611,61.5654512],[23.8076323,61.5654513],[23.807775,61.5655139],[23.8078302,61.5655505],[23.807872,61.5655822],[23.8079734,61.5656298],[23.8079937,61.5656582],[23.8079849,61.5657259],[23.8080354,61.5657581],[23.8081828,61.5658202],[23.808207,61.5658463],[23.8081916,61.5658875],[23.8081212,61.5659372],[23.8081372,61.5659565],[23.8081859,61.5659739],[23.8082256,61.5659658],[23.8083109,61.5659418],[23.8084253,61.565949],[23.8085789,61.5660125],[23.8087775,61.5660654],[23.8090132,61.5661721],[23.8090304,61.5662524],[23.8090012,61.5663951],[23.8090329,61.5664463],[23.8091067,61.5664694],[23.8091194,61.566489],[23.8091069,61.5664986],[23.8089983,61.5665287],[23.8089654,61.5665802],[23.8084922,61.5666631],[23.8082531,61.5667872],[23.8080813,61.5667934],[23.8079219,61.5667703],[23.8079309,61.566714],[23.8078367,61.5666731],[23.8076483,61.566697],[23.8074193,61.5667623],[23.8070411,61.5667684],[23.8066506,61.5668537],[23.8064141,61.566829],[23.8062516,61.5668658],[23.8061491,61.5669086],[23.8059851,61.5669103],[23.8056569,61.566984],[23.8054364,61.5670813],[23.805343,61.5670201],[23.8052448,61.5670561],[23.8052735,61.5671145],[23.8053652,61.5671578],[23.8057505,61.5671833],[23.805942,61.567293],[23.8062382,61.5673058],[23.8064913,61.5673685],[23.8064248,61.5675555],[23.8062782,61.5675987],[23.8057395,61.5676416],[23.8053676,61.5676919],[23.8051929,61.5676835],[23.8049544,61.5677607],[23.8049034,61.5677672],[23.8046644,61.567717],[23.8044708,61.5677091],[23.8043537,61.5677396],[23.8043521,61.5677995],[23.804,61.567865],[23.8036274,61.5679145],[23.8028121,61.5680228],[23.8030654,61.5683636],[23.8022261,61.5686128],[23.8019602,61.5688031],[23.8018549,61.5688102],[23.8018366,61.5688199],[23.8018413,61.5688396],[23.8019609,61.5688406],[23.8020424,61.5688803],[23.8020474,61.568913],[23.8018561,61.5690085],[23.8013483,61.5690627],[23.8007928,61.5690418],[23.8005381,61.5689775],[23.8003582,61.5689042],[23.800073,61.5689223],[23.7996286,61.5689803],[23.7992402,61.5689939],[23.7990239,61.56911],[23.7986348,61.569126],[23.7983796,61.5692073],[23.7981103,61.5692598],[23.7979638,61.5693465],[23.7979372,61.569441],[23.7981815,61.5694732],[23.7988536,61.5694605],[23.7994138,61.5694119],[23.7998526,61.5694077],[23.8006132,61.5694372],[23.8015132,61.5694721],[23.8016053,61.5695135],[23.8015689,61.5696169],[23.8010135,61.5696814],[23.8011423,61.569765],[23.8013371,61.5697493],[23.8014388,61.569853],[23.8013671,61.5699308],[23.8012532,61.5699726],[23.8012146,61.570034],[23.8010815,61.5700887],[23.8011629,61.5701612],[23.8016505,61.5701702],[23.8022754,61.5704134],[23.803054,61.5706773],[23.8041021,61.5708952],[23.8055894,61.5712327],[23.8060679,61.5714145],[23.8059811,61.5715285],[23.8039796,61.5715224],[23.8035584,61.5717411],[23.8030862,61.571571],[23.8006785,61.571629],[23.8009938,61.5722391],[23.8007712,61.5722847],[23.8003191,61.5721651],[23.7998831,61.5720302],[23.799351,61.5720828],[23.7987975,61.5721813],[23.7987677,61.5722757],[23.7988773,61.5724058],[23.798764,61.5726481],[23.7984224,61.5727785],[23.7983907,61.5729605],[23.7987032,61.5731692],[23.7989953,61.5731507],[23.7997917,61.5734182],[23.8025763,61.5736835],[23.8032958,61.5736895],[23.8038437,61.5737312],[23.8058092,61.574278],[23.8063734,61.5743483],[23.8071693,61.574379],[23.8075611,61.5743885],[23.8078802,61.5744431],[23.8079036,61.5745388],[23.8077262,61.5747044],[23.8074501,61.5748817],[23.8077018,61.5749215],[23.8079288,61.5749964],[23.8077316,61.5751177],[23.8073619,61.5752272],[23.8071524,61.5753465],[23.8071892,61.5753726],[23.8073985,61.575369],[23.8075708,61.5754066],[23.8079433,61.5753546],[23.8081296,61.5753639],[23.8082474,61.5754594],[23.8082604,61.5755843],[23.8079628,61.5756035],[23.807548,61.5755874],[23.8074456,61.5756082],[23.8079187,61.5756555],[23.8077681,61.5758498],[23.8073042,61.5758789],[23.8077532,61.575914],[23.8078694,61.575955],[23.8082807,61.5761681],[23.8085318,61.5762698],[23.8087566,61.5763354],[23.8089691,61.5763276],[23.8091616,61.576224],[23.8093133,61.576247],[23.8091735,61.5764403],[23.8092432,61.5764577],[23.8094557,61.5764631],[23.8096682,61.5763746],[23.8097143,61.5764006],[23.8096125,61.576538],[23.8095505,61.5765889],[23.8092912,61.5766691],[23.8089622,61.5767345],[23.8084914,61.5767589],[23.8080921,61.5767902],[23.8079468,61.5767528],[23.8078286,61.576643],[23.807617,61.5766228],[23.8075017,61.5766998],[23.8071582,61.5768442],[23.8068394,61.5771352],[23.806744,61.577336],[23.8070375,61.5776433],[23.8072817,61.5778215],[23.8080405,61.5780426],[23.8088073,61.578159],[23.8095605,61.5781791],[23.8099802,61.5780807],[23.8105967,61.5780813],[23.8111886,61.5780027],[23.8117006,61.5779768],[23.8123639,61.5779677],[23.8128588,61.5781318],[23.8128854,61.5782724],[23.8126553,61.578386],[23.8123267,61.5784995],[23.8122506,61.5786248],[23.8123359,61.5787842],[23.8122306,61.5788962],[23.8120021,61.5789319],[23.8106055,61.5789389],[23.8101578,61.5788842],[23.8097347,61.5789116],[23.8094801,61.5789899],[23.8090474,61.5789959],[23.8085901,61.5790723],[23.8078924,61.579263],[23.8071307,61.579335],[23.806491,61.579409],[23.8063197,61.5794538],[23.8051217,61.5798522],[23.8049589,61.5799456],[23.8049659,61.5801402],[23.8052098,61.5803196],[23.8051825,61.58054],[23.8049249,61.5806537],[23.8047659,61.5808613],[23.8045031,61.5810145],[23.8044494,61.5811907],[23.8040686,61.581617],[23.8037735,61.5817268],[23.8039505,61.581857],[23.804267,61.5818825],[23.8049,61.5820715],[23.8047371,61.5821507],[23.8044374,61.5822535],[23.8039203,61.5824301],[23.804369,61.5824901],[23.8044602,61.5825948],[23.8040739,61.5827378],[23.8040739,61.5828782],[23.8042831,61.5829343],[23.8045299,61.5828501],[23.8048035,61.5828807],[23.8050824,61.5830671],[23.8050313,61.5833208],[23.8051564,61.5833751],[23.8053942,61.5834115],[23.80553,61.5833937],[23.8056336,61.5834167],[23.8059461,61.5834193],[23.8061956,61.5833543],[23.8064289,61.5832534],[23.8065976,61.5830951],[23.8065757,61.5829748],[23.806586,61.582939],[23.8066636,61.5829201],[23.8068313,61.5829225],[23.8070133,61.5829282],[23.8071686,61.582905],[23.8072391,61.5828305],[23.8072473,61.5827684],[23.807213,61.5827029],[23.8070619,61.5825144],[23.8070639,61.5824641],[23.8069987,61.5824576],[23.8069638,61.5824815],[23.8069117,61.5824857],[23.8068849,61.5824302],[23.8067454,61.5823523],[23.8068071,61.5822061],[23.8067884,61.5820292],[23.8067588,61.5818353],[23.8067473,61.5817895],[23.8068036,61.5817935],[23.806902,61.5818385],[23.8069567,61.5818226],[23.8070123,61.5818393],[23.8070754,61.5818497],[23.807162,61.5817984],[23.8073046,61.581792],[23.8073821,61.58189],[23.8075602,61.5819432],[23.8076895,61.5820332],[23.8077856,61.5821693],[23.8079468,61.5822086],[23.8081635,61.582384],[23.8083607,61.5825577],[23.8082856,61.5826734],[23.8082307,61.5827891],[23.8083802,61.5831313],[23.8084764,61.5832885],[23.8083172,61.583427],[23.8083538,61.5838484],[23.8083564,61.5839663],[23.8084932,61.5839915],[23.808588,61.5840455],[23.8088351,61.5841442],[23.809001,61.5842641],[23.8090128,61.58449],[23.8091303,61.5845688],[23.8091376,61.5846917],[23.8090107,61.5847362],[23.8089705,61.5848027],[23.8091091,61.5848151],[23.8091628,61.5848475],[23.8092539,61.5848658],[23.8093629,61.5848174],[23.8094834,61.5848715],[23.8095183,61.5849829],[23.809358,61.5850034],[23.8093627,61.5850675],[23.809551,61.5851144],[23.809804,61.5851385],[23.8099593,61.5850775],[23.8100668,61.5850716],[23.8102168,61.5850211],[23.8103962,61.5850473],[23.8104739,61.5851006],[23.8106375,61.585184],[23.810806,61.5853012],[23.8107795,61.5854242],[23.8108725,61.5854769],[23.811051,61.5854927],[23.8113266,61.5856019],[23.8113149,61.5857428],[23.8113791,61.5858109],[23.8115937,61.5858345],[23.8117155,61.5858203],[23.8118774,61.585909],[23.8118565,61.5860508],[23.8119047,61.5860938],[23.8118548,61.5861877],[23.8118364,61.5862633],[23.8117917,61.5863176],[23.8121096,61.5863743],[23.8122894,61.5863845],[23.8124049,61.5864979],[23.8128906,61.5865871],[23.8130543,61.586649],[23.8130147,61.5866897],[23.8130484,61.5867297],[23.8131999,61.5867426],[23.8131776,61.5868188],[23.813247,61.5868822],[23.8135728,61.5870671],[23.8139389,61.587148],[23.814057,61.5872288],[23.8147974,61.5872126],[23.8149602,61.587306],[23.8151837,61.5873297],[23.8156004,61.5873627],[23.8159385,61.5873758],[23.8159933,61.5874357],[23.8161028,61.5874857],[23.8161905,61.5874871],[23.8174903,61.587501],[23.8180667,61.5875377],[23.8181091,61.5877275],[23.8180002,61.587991],[23.8181502,61.5880728],[23.8182001,61.5882247],[23.8183699,61.5883211],[23.8182808,61.5883882],[23.8183193,61.5884778],[23.8180295,61.5885342],[23.818,61.5886216],[23.8180605,61.5888628],[23.8180806,61.5890656],[23.8178671,61.589078],[23.8177562,61.5890146],[23.817587,61.5889558],[23.8174658,61.5889748],[23.8174092,61.5890771],[23.8175641,61.5891253],[23.8175218,61.5891819],[23.8176795,61.5892082],[23.8178762,61.589233],[23.8179218,61.589168],[23.8180462,61.5891452],[23.818149,61.5891725],[23.8181598,61.5892093],[23.818209,61.5892577],[23.8182594,61.5892932],[23.8182924,61.5893165],[23.8183521,61.5893592],[23.8184046,61.5894277],[23.8184609,61.5894709],[23.8185504,61.5895182],[23.818658,61.5895416],[23.8189728,61.5895143],[23.8191116,61.589505],[23.8192323,61.5894571],[23.8192553,61.5893898],[23.8194184,61.5893447],[23.8197636,61.5893708],[23.8199408,61.5894538],[23.819957,61.589512],[23.8200737,61.5895546],[23.8205487,61.5895735],[23.820823,61.5895856],[23.8208671,61.5896452],[23.821,61.5897249],[23.8209817,61.5897843],[23.8208816,61.5897852],[23.8208094,61.5898205],[23.8208359,61.5898512],[23.8209915,61.5899076],[23.8212756,61.5899085],[23.8214088,61.5898507],[23.8216683,61.5898629],[23.8217852,61.5898185],[23.8223992,61.5898277],[23.8226187,61.5898006],[23.8228948,61.5898092],[23.823179,61.589818],[23.8233264,61.5898905],[23.8237306,61.5900264],[23.8240362,61.5901666],[23.8242567,61.5902301],[23.8243997,61.5902474],[23.8247645,61.5903724],[23.824965,61.5903798],[23.8250817,61.590369],[23.8254458,61.5904005],[23.8256831,61.5904012],[23.8259065,61.5904174],[23.8263321,61.5904387],[23.8269005,61.5905202],[23.8270551,61.5905849],[23.8272517,61.5906406],[23.827767,61.5907074],[23.8278496,61.590683],[23.8278862,61.5906419],[23.8279628,61.5906425],[23.8279181,61.590713],[23.8279662,61.5907631],[23.8280673,61.590767],[23.8281413,61.5907523],[23.8281918,61.5907821],[23.8281814,61.590827],[23.8280161,61.5909359],[23.8279886,61.5909971],[23.828072,61.5910182],[23.828165,61.5910076],[23.8282629,61.5910223],[23.8282582,61.5910708],[23.828139,61.5911593],[23.8281815,61.5912101],[23.8283429,61.5912333],[23.8285894,61.5911905],[23.8286729,61.5912035],[23.8288314,61.5913011],[23.8289691,61.5913399],[23.8290846,61.5913371],[23.8291844,61.5913357],[23.8294219,61.591502],[23.8295132,61.5915292],[23.8298017,61.591914],[23.829861,61.5920382],[23.829831,61.5922152],[23.8296713,61.5922827],[23.8296438,61.5923399],[23.8293158,61.5923993],[23.8291703,61.5924026],[23.8289816,61.5924982],[23.8288522,61.5925353],[23.828695,61.5925392],[23.8286719,61.5925749],[23.8287066,61.5926015],[23.828618,61.5926487],[23.8285995,61.5927107],[23.8283592,61.5928194],[23.8281928,61.5929545],[23.8281097,61.5929873],[23.8280867,61.5930184],[23.8279651,61.5930466],[23.8280145,61.5931131],[23.8279036,61.5931464],[23.8279068,61.5932017],[23.8278442,61.5932471],[23.8277455,61.5932536],[23.8276839,61.5932894],[23.8277207,61.5933229],[23.8279361,61.5933196],[23.82801,61.5934037],[23.8279606,61.5934907],[23.8279409,61.5936182],[23.8277779,61.5936801],[23.8276912,61.5937051],[23.8277155,61.5937465],[23.8278739,61.5937515],[23.827948,61.5937729],[23.8280634,61.5937876],[23.82851,61.593927],[23.8286423,61.5940467],[23.828654,61.5941855],[23.8286389,61.59443],[23.8285434,61.5946845],[23.8284253,61.5947414],[23.8282016,61.5947772],[23.8282161,61.5948224],[23.8282521,61.5948987],[23.8281655,61.5951244],[23.8280529,61.5953566],[23.8280777,61.5955236],[23.8285202,61.5960188],[23.8291215,61.5962251],[23.8298227,61.5966535],[23.8303892,61.5969552],[23.8309821,61.5972709],[23.8315285,61.5973734],[23.831755,61.5975516],[23.8319082,61.597685],[23.8318548,61.5978534],[23.8319044,61.5980567],[23.8317358,61.5982629],[23.8318282,61.5985659],[23.8317739,61.5986658],[23.8323094,61.5990873],[23.8325837,61.5991585],[23.8326809,61.599267],[23.8326595,61.599307],[23.8327088,61.5993952],[23.8328301,61.5993949],[23.8329608,61.5994154],[23.8331044,61.5994264],[23.8329948,61.599504],[23.8326288,61.5997061],[23.8322461,61.5998416],[23.8322399,61.5999587],[23.8323685,61.6000394],[23.8323838,61.6001297],[23.8321214,61.6003916],[23.831789,61.6006298],[23.8319144,61.6006666],[23.8321465,61.6008873],[23.8321973,61.600999],[23.8322415,61.6011534],[23.8323502,61.6012053],[23.8323556,61.6012872],[23.8326944,61.6014346],[23.8328771,61.6014464],[23.8333151,61.6015744],[23.8336398,61.6017991],[23.8339224,61.6020256],[23.8338984,61.6021918],[23.8342176,61.6024722],[23.8343169,61.6027368],[23.8345294,61.6028636],[23.8343224,61.6029703],[23.8338905,61.6029708],[23.8338177,61.6029453],[23.8337101,61.6030274],[23.8336283,61.6030978],[23.8339524,61.6031585],[23.8340313,61.60315],[23.8341491,61.6030299],[23.8344692,61.6030277],[23.8346089,61.6030612],[23.8346237,61.6031442],[23.8344759,61.6032796],[23.8344364,61.6033965],[23.834674,61.6035461],[23.8349466,61.6035975],[23.8351032,61.6035817],[23.8352135,61.6035352],[23.8353237,61.6035246],[23.836004,61.6037323],[23.8364893,61.6039148],[23.8368411,61.6040931],[23.8378391,61.6042056],[23.8382308,61.6043517],[23.8392466,61.6045141],[23.8400859,61.6047525],[23.8403267,61.6051212],[23.8401803,61.6054259],[23.8413998,61.605468],[23.8421515,61.6057744],[23.8419772,61.6061897],[23.8425678,61.6063863],[23.8430803,61.6061862],[23.8440409,61.6067348],[23.8458566,61.6069824],[23.847143,61.6076284],[23.8478664,61.6079156],[23.8482966,61.6078269],[23.8488617,61.6070648],[23.8492415,61.607022],[23.8501142,61.6069425],[23.8502507,61.6068924],[23.8507774,61.6062845],[23.8510577,61.6055907],[23.8511281,61.6049146],[23.8513059,61.604897],[23.8514372,61.604936],[23.851424,61.6051068],[23.8513688,61.6060272],[23.8514805,61.6060729],[23.8517412,61.6060803],[23.8520516,61.6062043],[23.852334,61.6062294],[23.8525047,61.6062869],[23.8525334,61.6064751],[23.8525673,61.6066968],[23.8528087,61.607089],[23.8530007,61.6073563],[23.8533906,61.6076693],[23.8541217,61.6081733],[23.8546566,61.6084577],[23.854788,61.608773],[23.8553243,61.6088766],[23.8556491,61.6092741],[23.8555837,61.6094139],[23.8554231,61.6095058],[23.8550785,61.6095893],[23.854633,61.6096706],[23.8541654,61.6097984],[23.8532768,61.6103105],[23.8534589,61.6105294],[23.8535396,61.6105864],[23.8541041,61.6106984],[23.8542402,61.6106796],[23.854641,61.6104861],[23.8555021,61.6104553],[23.8556513,61.6104751],[23.8558027,61.6106014],[23.8557939,61.6106557],[23.855366,61.6108602],[23.8552365,61.6109979],[23.8547011,61.6113047],[23.8542578,61.6115978],[23.8541546,61.6116104],[23.8541151,61.6116239],[23.8541573,61.6117601],[23.8542907,61.6117909],[23.8547537,61.6118263],[23.8550919,61.6118106],[23.8557303,61.6117648],[23.8558261,61.6117033],[23.8559229,61.6114759],[23.8561732,61.6113805],[23.8568222,61.6112733],[23.8567901,61.6112223],[23.8564092,61.6112121],[23.8563502,61.6111764],[23.8565862,61.611156],[23.8569081,61.6110897],[23.857128,61.6111178],[23.8572836,61.6111917],[23.8572353,61.6113346],[23.8571387,61.611383],[23.8572943,61.6113907],[23.8574552,61.6114646],[23.8575304,61.611485],[23.8576913,61.6115131],[23.8578039,61.611559],[23.8578254,61.6116738],[23.8577181,61.611837],[23.8573559,61.6121423],[23.8566776,61.6126341],[23.856937,61.6127329],[23.8563579,61.6131764],[23.8569282,61.6134886],[23.85876,61.6140308],[23.8590451,61.6144991],[23.858855,61.6148853],[23.8583366,61.6150742],[23.8578009,61.615066],[23.8575071,61.6148195],[23.8570146,61.6146922],[23.856643,61.6149017],[23.8559604,61.6148894],[23.8555197,61.6150331],[23.8554679,61.615144],[23.8551558,61.6152443],[23.8553113,61.6154036],[23.855015,61.61564],[23.8544743,61.6156531],[23.8549487,61.615776],[23.8549205,61.6158472],[23.8541142,61.6157806],[23.8537848,61.6159032],[23.8537275,61.6160308],[23.8542317,61.6161559],[23.8546199,61.6165597],[23.8543158,61.6168711],[23.853974,61.6167641],[23.8536689,61.6170045],[23.8537817,61.6172959],[23.8540631,61.6173625],[23.8545756,61.6177313],[23.8537972,61.6179108],[23.8538675,61.6179742],[23.8547145,61.6177882],[23.8549808,61.6179857],[23.8562927,61.618237],[23.8563711,61.6183584],[23.8579888,61.6186912],[23.8592567,61.619094],[23.8593232,61.6197333],[23.8594481,61.6197394],[23.859545,61.6197],[23.8594615,61.6189552],[23.8601023,61.6185994],[23.8606092,61.6181448],[23.8607482,61.6182766],[23.8603282,61.618629],[23.8600228,61.6191425],[23.8607629,61.6198311],[23.8615307,61.6199626],[23.8611902,61.6201433],[23.8636916,61.6209639],[23.8644726,61.621393],[23.8647203,61.6216575],[23.8648528,61.622005],[23.8652174,61.6222932],[23.8655744,61.6225755],[23.8656434,61.6226301],[23.8654839,61.6227489],[23.8651491,61.6228137],[23.8648508,61.6226987],[23.8645342,61.6226722],[23.8637149,61.6224126],[23.8633301,61.6222356],[23.8626845,61.6221264],[23.8622066,61.6220468],[23.8616355,61.6221323],[23.8611594,61.6223238],[23.8604844,61.6224187],[23.8600366,61.6224816],[23.859299,61.6223344],[23.8592107,61.6224119],[23.8597639,61.6224989],[23.859729,61.6225421],[23.8592243,61.6227085],[23.8592468,61.6227775],[23.8594001,61.6228047],[23.8595392,61.622847],[23.8598599,61.622808],[23.8597576,61.6230782],[23.8597748,61.6231549],[23.8596648,61.6232227],[23.8596706,61.6232585],[23.8598057,61.6233297],[23.8597814,61.6234408],[23.8592178,61.6235483],[23.8590669,61.6234468],[23.8587311,61.6235086],[23.8585077,61.6236526],[23.8578774,61.6236646],[23.8577612,61.6237795],[23.8579608,61.6238459],[23.8581586,61.623928],[23.8581463,61.6240033],[23.8579436,61.6240321],[23.8577205,61.6239894],[23.8574647,61.6239378],[23.857513,61.6240204],[23.8575566,61.6241098],[23.8578131,61.6241167],[23.8579319,61.6241069],[23.8580894,61.6241242],[23.8582096,61.6241681],[23.8580109,61.6247471],[23.8576393,61.6250756],[23.8570431,61.6252316],[23.8561963,61.6252522],[23.8554273,61.6255642],[23.8554014,61.6258969],[23.8547015,61.6260365],[23.8542407,61.6260406],[23.8536876,61.6257977],[23.8527529,61.6261551],[23.8521098,61.6259826],[23.8517955,61.6257441],[23.8518335,61.6249239],[23.8519604,61.6247707],[23.8524013,61.6242383],[23.8526322,61.6236751],[23.8531999,61.6232683],[23.8530604,61.623026],[23.8533224,61.6225031],[23.8531303,61.6224033],[23.8526527,61.6223774],[23.8519638,61.6221733],[23.8514281,61.6218571],[23.85167,61.6214669],[23.8514454,61.6211466],[23.8511343,61.6210973],[23.851143,61.6211876],[23.8508665,61.6211384],[23.8507282,61.6209412],[23.8503394,61.6209576],[23.8502703,61.6212287],[23.8501147,61.6214135],[23.850011,61.6212739],[23.8497,61.6211794],[23.8490951,61.621163],[23.8489828,61.6210234],[23.8484471,61.6209289],[23.8482051,61.6210275],[23.8484903,61.6213314],[23.8478768,61.6213314],[23.8475312,61.6210644],[23.8471164,61.621163],[23.8472146,61.6213568],[23.8468293,61.6214429],[23.846717,61.6213837],[23.8459234,61.6212697],[23.8456088,61.6213223],[23.8454101,61.6211653],[23.8451901,61.6211912],[23.8452533,61.6213277],[23.844788,61.6217366],[23.8447387,61.6220005],[23.8438588,61.6222111],[23.8434758,61.6221576],[23.843194,61.6218994],[23.8432028,61.6217788],[23.8429407,61.6217085],[23.8423442,61.621675],[23.8419235,61.621244],[23.8420212,61.6209304],[23.8427178,61.6205761],[23.8427544,61.6199662],[23.8437687,61.6197688],[23.8433153,61.6196062],[23.8433475,61.6193605],[23.8420832,61.6192708],[23.8410978,61.6190674],[23.8408559,61.6191298],[23.8410828,61.619219],[23.8410689,61.6195193],[23.8409001,61.6195726],[23.8402557,61.6194873],[23.8398932,61.6193793],[23.8394128,61.6193917],[23.8391304,61.6195023],[23.8390699,61.619605],[23.838802,61.6195844],[23.8382922,61.6197405],[23.8380676,61.6196337],[23.837938,61.6193955],[23.8373418,61.6195968],[23.8362185,61.6196543],[23.8362185,61.6194653],[23.8360457,61.6194859],[23.8360197,61.6196584],[23.8350433,61.6198309],[23.8346632,61.6198473],[23.8339892,61.6196009],[23.834162,61.6193298],[23.8337732,61.6191614],[23.8336522,61.6189068],[23.8331597,61.6187794],[23.8329091,61.6186151],[23.8325807,61.6185864],[23.8322697,61.6182373],[23.8310254,61.6182907],[23.8307921,61.6184016],[23.8304206,61.6183194],[23.8295392,61.618381],[23.8292109,61.6183153],[23.8289949,61.6184509],[23.8277592,61.6184673],[23.8270939,61.6186192],[23.8265409,61.6187178],[23.8263681,61.61857],[23.8264113,61.6183892],[23.826731,61.6181839],[23.8266792,61.617999],[23.8269384,61.6177321],[23.826731,61.6176212],[23.8267141,61.6174966],[23.825841,61.6176006],[23.8257632,61.6174774],[23.8254867,61.6175226],[23.8253744,61.6176869],[23.8248214,61.6174569],[23.8245363,61.6175021],[23.8236376,61.6173788],[23.8231106,61.6174363],[23.8228081,61.6173706],[23.8232575,61.6170502],[23.8229122,61.6169292],[23.8223491,61.6171495],[23.8220548,61.6170663],[23.8222155,61.6168792],[23.8216234,61.6168138],[23.8210669,61.6171391],[23.8214471,61.6172317],[23.8208837,61.6176046],[23.8200576,61.6175709],[23.8190979,61.6178199],[23.8194897,61.6182026],[23.8190979,61.6183506],[23.8174447,61.6184428],[23.8169095,61.6183227],[23.8148574,61.6186789],[23.8147515,61.6189937],[23.8170575,61.6194897],[23.8182492,61.6200345],[23.8203041,61.6199442],[23.8206403,61.620271],[23.8214559,61.6204937],[23.8221007,61.6201308],[23.8227727,61.6202295],[23.8231149,61.6198113],[23.8239703,61.619335],[23.8242025,61.6193873],[23.8239092,61.6198346],[23.823066,61.6202818],[23.8237137,61.6206245],[23.8252167,61.6212285],[23.8254489,61.6216409],[23.826793,61.6219197],[23.8274896,61.6217512],[23.828015,61.6218267],[23.8291515,61.62185],[23.8298724,61.6220997],[23.8310089,61.6224017],[23.8313388,61.6229767],[23.832072,61.6233542],[23.8324251,61.6235969],[23.8324187,61.6236338],[23.8323164,61.6236968],[23.8319376,61.6238536],[23.8311799,61.6238478],[23.8279295,61.6235168],[23.8275385,61.6233309],[23.8271047,61.623257],[23.8262432,61.6231103],[23.8260305,61.6230367],[23.8257055,61.6229244],[23.8234041,61.6226802],[23.8230782,61.6226456],[23.822174,61.6225353],[23.8213308,61.6223262],[23.8209276,61.6220881],[23.8204666,61.621999],[23.8200778,61.6218619],[23.8182025,61.6209149],[23.8172819,61.6208608],[23.8164482,61.6208114],[23.8148275,61.6207664],[23.8139204,61.6207166],[23.8129792,61.6206634],[23.8128396,61.6206256],[23.8121326,61.620305],[23.8115088,61.6202878],[23.8112754,61.6202054],[23.8112579,61.620135],[23.8113378,61.6200251],[23.8113478,61.6199588],[23.8113281,61.6199265],[23.8110904,61.6198971],[23.8109926,61.61987],[23.8107588,61.6194779],[23.8096077,61.6188676],[23.8085253,61.6187425],[23.8068674,61.618972],[23.8060051,61.6188806],[23.8056779,61.618952],[23.8053882,61.6189189],[23.8050342,61.6189826],[23.8049483,61.618873],[23.8050342,61.6187761],[23.8045675,61.6187047],[23.8042563,61.6187506],[23.8039827,61.6186996],[23.8040632,61.6184879],[23.8039031,61.618463],[23.8035214,61.6186868],[23.8030493,61.6184905],[23.8026792,61.6184089],[23.8023841,61.6182839],[23.8022715,61.6183069],[23.8022286,61.6182635],[23.8020033,61.6182686],[23.8014222,61.6180028],[23.8014775,61.6179116],[23.8010269,61.6176719],[23.8004368,61.6174526],[23.8002294,61.6173625],[23.8002013,61.6170999],[23.8007426,61.6170013],[23.8010591,61.6170599],[23.8013025,61.6170246],[23.8014722,61.6168712],[23.8018852,61.6167692],[23.8023039,61.6167485],[23.8025665,61.6166239],[23.8026202,61.6163357],[23.8023895,61.6162643],[23.8024592,61.616147],[23.8026416,61.6160832],[23.8027811,61.6159277],[23.8028562,61.6157313],[23.8027838,61.6155949],[23.8026041,61.6154687],[23.8026846,61.6152965],[23.8029152,61.6152162],[23.8032156,61.6151779],[23.8033766,61.615206],[23.8033336,61.6151142],[23.8032961,61.6150198],[23.803398,61.6149459],[23.8030064,61.6147317],[23.8032156,61.6145047],[23.8032263,61.6142242],[23.8034892,61.6142089],[23.803854,61.6140864],[23.8034398,61.6138778],[23.8034744,61.6135656],[23.8038373,61.6136066],[23.8040447,61.6134423],[23.8036472,61.6133355],[23.8044767,61.6126865],[23.8055136,61.6127111],[23.8071035,61.6124893],[23.808365,61.6125879],[23.8097648,61.612366],[23.8106634,61.6125139],[23.8110091,61.6123332],[23.8122015,61.6123989],[23.8131692,61.612251],[23.813755,61.6120179],[23.8138474,61.6118155],[23.8141715,61.6118402],[23.8146177,61.6119567],[23.8153603,61.6119528],[23.8154062,61.6119428],[23.8159369,61.6118276],[23.8164813,61.6119946],[23.8175933,61.6124153],[23.8183794,61.612871],[23.8182359,61.6133041],[23.8184229,61.6132944],[23.8188202,61.612785],[23.8199911,61.6127479],[23.8209614,61.6130913],[23.8210686,61.6131329],[23.8215242,61.6132567],[23.8215727,61.6134474],[23.8215812,61.6134807],[23.8216863,61.6135139],[23.8220046,61.6136144],[23.8221924,61.6135718],[23.822483,61.6134814],[23.8226546,61.6134557],[23.8228183,61.6134799],[23.8229253,61.6135176],[23.8230024,61.6137096],[23.8233518,61.6136549],[23.8239059,61.6137971],[23.824536,61.6134145],[23.826053,61.613142],[23.8266187,61.6132743],[23.828085,61.6131929],[23.8292732,61.6134885],[23.8295099,61.6134711],[23.8300186,61.6136306],[23.8302078,61.6136127],[23.8304762,61.6134304],[23.830771,61.6133411],[23.8307587,61.613246],[23.8309954,61.613149],[23.8310648,61.6130287],[23.8312076,61.612794],[23.8312199,61.6126387],[23.8309998,61.6124263],[23.8311954,61.6121719],[23.8310748,61.6119584],[23.8307929,61.6119644],[23.8304981,61.6121044],[23.82962,61.6117073],[23.8292019,61.6115181],[23.8289784,61.6115026],[23.8286332,61.6112961],[23.8284448,61.6112233],[23.8281911,61.6111682],[23.8276959,61.6112369],[23.8273314,61.6112123],[23.8269822,61.611148],[23.8267825,61.6110259],[23.8263168,61.6109763],[23.8257391,61.6109356],[23.8252,61.6109164],[23.8247392,61.6109883],[23.8244595,61.61101],[23.8241986,61.6109896],[23.8240226,61.6108968],[23.8238093,61.6108128],[23.8235321,61.6107649],[23.8231084,61.6107],[23.8224905,61.6106447],[23.8219132,61.6106176],[23.8218208,61.6105338],[23.821677,61.61045],[23.8215576,61.6104245],[23.8213748,61.6104446],[23.821184,61.610454],[23.8200776,61.6108718],[23.8184173,61.6115247],[23.8183463,61.6116389],[23.8181444,61.6116946],[23.8180619,61.6117173],[23.8177633,61.6117283],[23.8173318,61.6120913],[23.8172697,61.6120723],[23.8173732,61.6119495],[23.8172575,61.6117048],[23.8171747,61.6116957],[23.8173787,61.6115486],[23.8169762,61.6114622],[23.81688,61.611158],[23.816158,61.6108849],[23.8156648,61.610726],[23.8155914,61.6107024],[23.8142762,61.61085],[23.8132742,61.6107048],[23.8123489,61.6107878],[23.8120578,61.6107774],[23.8117939,61.6108112],[23.8115785,61.6107526],[23.8115122,61.6106596],[23.8112337,61.6105689],[23.8107899,61.6102827],[23.8107649,61.6101091],[23.8108302,61.6099669],[23.8107626,61.6095457],[23.811038,61.6092232],[23.8110624,61.6089734],[23.8092661,61.6089966],[23.8088262,61.6088688],[23.808704,61.6085957],[23.8084229,61.6087061],[23.8081419,61.608648],[23.8086429,61.6082994],[23.8084229,61.6080786],[23.8081419,61.6081425],[23.8077864,61.6078612],[23.8075263,61.6076554],[23.8077569,61.6074225],[23.8078837,61.6072945],[23.8077111,61.6069335],[23.8074128,61.6068796],[23.8072072,61.6067685],[23.8068133,61.606744],[23.8066038,61.6066242],[23.8071489,61.6065605],[23.8069575,61.6064206],[23.8065088,61.6064161],[23.8054515,61.6060812],[23.8055643,61.6062754],[23.8051629,61.6064668],[23.8049171,61.6064193],[23.8032767,61.6061021],[23.8027858,61.606039],[23.8020574,61.6056428],[23.8021102,61.6052018],[23.8031593,61.6049375],[23.8029265,61.6046567],[23.801875,61.6044845],[23.8014391,61.6045877],[23.8011183,61.6044894],[23.8006445,61.6041285],[23.7998991,61.603803],[23.8007548,61.6035112],[23.8006572,61.6034597],[23.800559,61.6034079],[23.7995814,61.6032568],[23.7990361,61.6032608],[23.7990325,61.6032985],[23.7990046,61.6035897],[23.7987668,61.6036158],[23.7982563,61.6033766],[23.7978084,61.6031666],[23.7964776,61.6030301],[23.7955611,61.6012111],[23.7934349,61.601275],[23.7928483,61.6011123],[23.7943514,61.6007926],[23.7933127,61.6005834],[23.7919685,61.6001998],[23.7919685,61.5999673],[23.7922984,61.599822],[23.791883,61.5998337],[23.7917119,61.5999964],[23.7914308,61.5999673],[23.791382,61.5997058],[23.7903555,61.5993454],[23.7893779,61.5993745],[23.7890846,61.5996244],[23.7890235,61.5998453],[23.7892191,61.5999034],[23.7887792,61.6001708],[23.788657,61.6005602],[23.7892068,61.6009089],[23.7889869,61.6011297],[23.7882965,61.6012282],[23.7873852,61.6010516],[23.7872368,61.6007864],[23.7868963,61.6008625],[23.786759,61.6008005],[23.7869085,61.6006412],[23.7866694,61.600542],[23.7876347,61.5996893],[23.7876952,61.5994474],[23.7868149,61.5990885],[23.7859199,61.5989523],[23.7853978,61.5989995],[23.7851088,61.5991167],[23.7848824,61.5990489],[23.7848278,61.5986343],[23.7858298,61.598489],[23.7865874,61.5982623],[23.7869785,61.5983611],[23.7872106,61.5982507],[23.7868318,61.5980763],[23.7872595,61.5979484],[23.786844,61.5978961],[23.7865385,61.5975357],[23.7864652,61.5969661],[23.7857076,61.5966929],[23.7849011,61.5966697],[23.7842779,61.5968557],[23.7838013,61.5972044],[23.7822861,61.5972858],[23.7813207,61.5969603],[23.781003,61.5969777],[23.7808808,61.5973962],[23.7812963,61.5984076],[23.7816262,61.598954],[23.7810152,61.5991864],[23.7809974,61.5994207],[23.7812406,61.5995899],[23.7807346,61.599761],[23.7799565,61.5996582],[23.7792717,61.5997068],[23.7786209,61.5999892],[23.7786585,61.6001887],[23.7790276,61.6003359],[23.7787622,61.6005333],[23.7782592,61.6003916],[23.7772157,61.6004755],[23.7772207,61.6005964],[23.7776036,61.6009518],[23.7781046,61.6009751],[23.7786301,61.6013238],[23.779461,61.6011669],[23.7804997,61.6012598],[23.7807808,61.6015039],[23.7802309,61.6015388],[23.7796199,61.6020677],[23.7791433,61.6022653],[23.7794855,61.602335],[23.7794244,61.6024164],[23.7787523,61.60255],[23.7791066,61.6026546],[23.7785934,61.6031544],[23.7781657,61.6032067],[23.7772596,61.6037966],[23.7766594,61.6040656],[23.7766366,61.6042166],[23.7768915,61.6042899],[23.7766938,61.6043965],[23.7765166,61.6046694],[23.7757651,61.6048494],[23.7752249,61.6053006],[23.7759058,61.6053954],[23.7757951,61.6060158],[23.7751544,61.606258],[23.7757003,61.6069604],[23.7764088,61.6071756],[23.7754896,61.6079314],[23.7763203,61.6080375],[23.7767811,61.6084987],[23.7766985,61.6092533],[23.7772307,61.6095447],[23.7777513,61.6094285],[23.7783216,61.6101187],[23.7789437,61.6104556],[23.7797905,61.6106446],[23.7805854,61.611384],[23.7797386,61.6119263],[23.7804817,61.6121646],[23.7805587,61.6122953],[23.7806027,61.61237],[23.7802114,61.6126826],[23.7801707,61.6127151],[23.7805163,61.6130355],[23.7794103,61.6135285],[23.7788313,61.613509],[23.7774575,61.6134627],[23.7747443,61.613167],[23.7746406,61.612978],[23.7751418,61.6127644],[23.7742605,61.6123125],[23.771962,61.6121153],[23.7708215,61.6117456],[23.770856,61.6115155],[23.7714436,61.6113101],[23.7706659,61.6109404],[23.7684021,61.6108582],[23.7681429,61.6110307],[23.7690588,61.6112608],[23.7692316,61.6115402],[23.768523,61.611647],[23.7681747,61.611565],[23.7682302,61.6118094],[23.7676935,61.6121071],[23.7667949,61.6121071],[23.7659827,61.6123207],[23.7655334,61.6134299],[23.7667776,61.6139557],[23.7681256,61.6143665],[23.7674862,61.6144979],[23.76797,61.6149498],[23.7677108,61.615188],[23.7670368,61.6153852],[23.7677108,61.6153195],[23.767777,61.6154355],[23.7693851,61.6156309],[23.769609,61.6158231],[23.7689893,61.6160587],[23.7668683,61.6162198],[23.7659415,61.6165994],[23.7665128,61.6168973],[23.7679739,61.6170312],[23.7680559,61.6172259],[23.767715,61.6173891],[23.7668148,61.6175336],[23.7650809,61.6174441],[23.7641522,61.6176184],[23.7639444,61.6180889],[23.7634923,61.6181354],[23.7629668,61.6186058],[23.7635412,61.6192971],[23.7640666,61.6193958],[23.7639811,61.6195352],[23.7647509,61.6200289],[23.7654352,61.620662],[23.7652275,61.6211905],[23.7657529,61.6215797],[23.7657652,61.6221024],[23.7654597,61.6222127],[23.766425,61.6232233],[23.7670238,61.6233685],[23.7673782,61.6236763],[23.7672071,61.6238853],[23.7684657,61.6244835],[23.7692845,61.6244487],[23.7698099,61.6246229],[23.7707142,61.6247507],[23.7718756,61.6252827],[23.7719733,61.6257626],[23.7715666,61.6260162],[23.7709306,61.6261592],[23.770182,61.6259474],[23.7695581,61.6253572],[23.7693092,61.6252492],[23.7690406,61.6252478],[23.768247,61.6255668],[23.7678706,61.6255522],[23.7671381,61.6253326],[23.7666699,61.6253428],[23.7665034,61.6252633],[23.765123,61.6254131],[23.7640721,61.6252099],[23.7628379,61.6252505],[23.7622025,61.6257499],[23.7613349,61.6258719],[23.7616755,61.6265268],[23.7619675,61.6266301],[23.7619741,61.6267065],[23.7614543,61.6267443],[23.7615085,61.6268385],[23.7620558,61.6271727],[23.7614937,61.6272365],[23.7613349,61.6273875],[23.7609438,61.6272598],[23.7601251,61.6274456],[23.7601984,61.6275675],[23.7607483,61.6275095],[23.7610172,61.6276372],[23.7614326,61.6276953],[23.7618603,61.6274282],[23.7626546,61.6275327],[23.7631678,61.6278056],[23.7641088,61.6278288],[23.7646572,61.6280235],[23.7645404,61.6281285],[23.7649824,61.6281621],[23.7651108,61.6280669],[23.7663694,61.6281772],[23.7667116,61.6283631],[23.7688134,61.6284908],[23.7695608,61.6286067],[23.7691311,61.6291085],[23.7670066,61.6290269],[23.7660516,61.6292549],[23.7661138,61.6294514],[23.7674881,61.6296786],[23.7690259,61.6296948],[23.7691388,61.6297885],[23.7677521,61.6302967],[23.7675429,61.6308155],[23.7696569,61.6311279],[23.7746298,61.6309719],[23.7776874,61.6303406],[23.7793328,61.6304548],[23.7844097,61.6294188],[23.7864612,61.6292424],[23.7876971,61.6287846],[23.7892516,61.6287861],[23.789795,61.6282995],[23.7902742,61.628007],[23.7907327,61.6280137],[23.7910109,61.6281183],[23.791686,61.6280881],[23.7926178,61.6277882],[23.7928481,61.6277013],[23.7928042,61.627541],[23.7929063,61.6273645],[23.7929559,61.627152],[23.7933125,61.6269228],[23.7940173,61.6266848],[23.7948046,61.6267776],[23.7948658,61.6266489],[23.7951749,61.6265041],[23.7955019,61.6264466],[23.795789,61.626502],[23.7962712,61.6265343],[23.7964851,61.6264892],[23.7967316,61.6261814],[23.7988394,61.6257229],[23.8015189,61.6258946],[23.8020674,61.6262258],[23.8023776,61.6263227],[23.8026194,61.6263265],[23.8027601,61.6264126],[23.8032651,61.6263525],[23.8034872,61.6263096],[23.8035838,61.6264253],[23.8036898,61.6264558],[23.803649,61.626567],[23.8037381,61.6266371],[23.8041534,61.6266748],[23.8043941,61.6266601],[23.8044815,61.6265424],[23.8044094,61.6264239],[23.804193,61.6263672],[23.8039045,61.6263224],[23.8038039,61.6262498],[23.8073295,61.6257444],[23.8082327,61.6258374],[23.8076456,61.6262523],[23.8085187,61.626331],[23.808052,61.6266815],[23.810009,61.6269534],[23.8111229,61.6274112],[23.8113242,61.627417],[23.8126132,61.6274541],[23.8148037,61.6285925],[23.815654,61.6284913],[23.8161852,61.6286993],[23.8171835,61.628725],[23.8179684,61.6286893],[23.8198307,61.6289262],[23.8201596,61.6290324],[23.8205804,61.6290805],[23.8211652,61.629031],[23.8214121,61.6290393],[23.8219074,61.6290752],[23.822431,61.6290775],[23.8232409,61.6290564],[23.8236902,61.6291551],[23.8242385,61.6292403],[23.8246743,61.6291141],[23.8249544,61.6291259],[23.8256003,61.6291865],[23.8259304,61.6292067],[23.8261684,61.6292976],[23.8262876,61.6292566],[23.8266986,61.6291409],[23.8269965,61.6290948],[23.8272451,61.6290779],[23.8274681,61.6291363],[23.8276536,61.6292536],[23.8277497,61.6293749],[23.8277987,61.6294685],[23.8280037,61.6295512],[23.8279807,61.6296573],[23.828185,61.6297249],[23.828494,61.6297252],[23.828818,61.6296147],[23.8290776,61.6295401],[23.8292722,61.6295216],[23.8292917,61.6294488],[23.8294411,61.6294437],[23.8295035,61.6295202],[23.829775,61.6295117],[23.8301081,61.6294855],[23.8302851,61.6294916],[23.830372,61.6294704],[23.8304648,61.6294314],[23.8305546,61.6294228],[23.8306203,61.6294778],[23.8307316,61.6294657],[23.8308537,61.6294435],[23.8309481,61.6293728],[23.831042,61.6292716],[23.8311855,61.6292391],[23.8313665,61.6292347],[23.831516,61.6292514],[23.8318587,61.6292529],[23.8321115,61.6293175],[23.8323659,61.6294035],[23.8324495,61.6294208],[23.8325531,61.6294607],[23.832707,61.6294869],[23.8329133,61.62947],[23.8330185,61.6295181],[23.8330738,61.6295867],[23.8330057,61.6296401],[23.8327464,61.629701],[23.8327444,61.6297288],[23.8328177,61.6297366],[23.8328624,61.6297296],[23.8329042,61.6296978],[23.833016,61.6296735],[23.8330824,61.6297594],[23.8331795,61.629839],[23.8331593,61.629877],[23.8331983,61.6299628],[23.8332792,61.629986],[23.8334411,61.6299692],[23.8338256,61.6299091],[23.8339883,61.6299016],[23.8341314,61.629906],[23.8342086,61.6299565],[23.8341608,61.6300211],[23.834041,61.6300655],[23.8340429,61.6300927],[23.8340864,61.6301207],[23.8341953,61.6301307],[23.8343042,61.6301407],[23.8344453,61.6301413],[23.8345734,61.6301621],[23.8346825,61.6302215],[23.8348004,61.6303135],[23.8349179,61.6303273],[23.8350006,61.6303624],[23.8350176,61.6304157],[23.8350169,61.6304612],[23.8349746,61.6305239],[23.8349069,61.6305479],[23.8348769,61.6305729],[23.8348301,61.6306105],[23.8348777,61.6306408],[23.8350094,61.6306254],[23.8350888,61.6306129],[23.8352067,61.6306172],[23.8352933,61.6306429],[23.8353492,61.6306773],[23.8355339,61.6306757],[23.835892,61.6307605],[23.836143,61.6307314],[23.8366322,61.6307466],[23.8368335,61.6307557],[23.8372396,61.6308062],[23.8378923,61.6309234],[23.8387264,61.6310777],[23.8394545,61.631171],[23.8399944,61.631309],[23.8408495,61.6314981],[23.8411482,61.6315722],[23.8417431,61.6317292],[23.8426688,61.6319786],[23.8434155,61.6320826],[23.845095,61.6323997],[23.8468363,61.6325894],[23.8484062,61.6328146],[23.8504125,61.632767],[23.8526199,61.6329964],[23.8538114,61.6330419],[23.8554451,61.6335001],[23.8573532,61.6337445],[23.8589526,61.633534],[23.8613237,61.6338943],[23.8644182,61.6341736],[23.8673581,61.6342344],[23.869896,61.6343212],[23.8713326,61.6345462],[23.8734805,61.6343939],[23.8751631,61.6343767],[23.8766681,61.6343674],[23.8771431,61.6344955],[23.87779,61.6351089],[23.8788428,61.6354658],[23.8805672,61.6352505],[23.8835203,61.6358122],[23.8865343,61.6359676],[23.8877831,61.6359961],[23.8887611,61.6365456],[23.8914975,61.6365445],[23.893147,61.6368042],[23.8934547,61.636661],[23.8939954,61.6367326],[23.8946268,61.6370947],[23.8968539,61.6373754],[23.8975706,61.6373433],[23.8980995,61.6371597],[23.8981827,61.636842],[23.8990472,61.6367316],[23.8996692,61.6363056],[23.900249,61.6363805],[23.900734,61.6360595],[23.9006075,61.6356783],[23.9002614,61.6353056],[23.8998527,61.6347949],[23.9001594,61.6344685],[23.9008394,61.6344643],[23.9023365,61.6348054],[23.902906,61.6349579],[23.9033486,61.6347352],[23.903711,61.6345119],[23.9035594,61.6341633],[23.903707,61.6334911],[23.9043185,61.6333607],[23.9044239,61.63314],[23.9033908,61.6329493],[23.9026106,61.6325681],[23.9026528,61.631354],[23.9021256,61.630451],[23.9032853,61.6297686],[23.9028385,61.6297299],[23.9021572,61.6294735],[23.9005372,61.6294255],[23.8994321,61.6292609],[23.8984525,61.6297325],[23.900019,61.6304462],[23.9001649,61.6311548],[23.900712,61.6319979],[23.8999481,61.6321223],[23.8982916,61.6319765],[23.8964098,61.6314402],[23.8965986,61.630489],[23.897178,61.6299731],[23.8970514,61.6297926],[23.8962939,61.629603],[23.8951556,61.6296208],[23.8939314,61.6293129],[23.8924101,61.6284768],[23.8916397,61.6285364],[23.8916569,61.6276809],[23.8922556,61.6275693],[23.8918736,61.6272563],[23.8914885,61.6273093],[23.8912664,61.6264986],[23.8910496,61.6253674],[23.8906748,61.6251329],[23.8904736,61.6250484],[23.8902349,61.6250051],[23.8900741,61.6250228],[23.8899384,61.6250667],[23.8898475,61.6250733],[23.8897026,61.6250528],[23.8897212,61.6249974],[23.8899374,61.6249546],[23.8900422,61.6249005],[23.8899247,61.6247769],[23.8899186,61.6246079],[23.8897653,61.6245392],[23.8896596,61.6245566],[23.8896551,61.624629],[23.8895073,61.6247279],[23.8895385,61.6247852],[23.889625,61.6248312],[23.889608,61.6248922],[23.8895263,61.6249425],[23.8894907,61.6250022],[23.8894313,61.625043],[23.8894891,61.6250794],[23.8895071,61.6251386],[23.8894397,61.62517],[23.8892496,61.6251629],[23.8892162,61.6251225],[23.8892943,61.6250481],[23.8892753,61.6250014],[23.8890855,61.6250237],[23.8889594,61.6250119],[23.8890175,61.624943],[23.8890876,61.6248532],[23.8893168,61.6247559],[23.8891992,61.6244348],[23.8892743,61.6243656],[23.8894352,61.6243064],[23.889811,61.6242851],[23.8903506,61.6243402],[23.8906323,61.6243564],[23.8907453,61.6243437],[23.8909459,61.6242819],[23.8909942,61.6241981],[23.8909746,61.6240824],[23.8908622,61.6240072],[23.8908295,61.623913],[23.8906738,61.6238518],[23.8905483,61.6237455],[23.8905182,61.6236468],[23.8904501,61.6235723],[23.8901653,61.6233081],[23.8900866,61.6232573],[23.8901034,61.6230136],[23.8899712,61.6228676],[23.8901055,61.6226215],[23.8899524,61.6225988],[23.8899197,61.6225307],[23.8900461,61.6224437],[23.8899009,61.6224116],[23.8898443,61.6223748],[23.8899309,61.6223228],[23.8898176,61.6222529],[23.8897761,61.6220203],[23.8899219,61.6220497],[23.891233,61.6223144],[23.892601,61.6230207],[23.8939454,61.6236336],[23.8960171,61.6239064],[23.8977561,61.6245172],[23.8986939,61.6249889],[23.9003119,61.6251199],[23.901876,61.6257409],[23.903421,61.6263119],[23.9049659,61.6268014],[23.9061675,61.627454],[23.9071975,61.6278618],[23.9086244,61.6287523],[23.9082641,61.6292667],[23.9077132,61.6296499],[23.9070774,61.6296801],[23.9064629,61.6299121],[23.9063993,61.6304466],[23.9067149,61.6307001],[23.9070774,61.6309911],[23.9074801,61.6315659],[23.9068905,61.6319044],[23.9073529,61.6321911],[23.9084548,61.6326348],[23.9093157,61.6330095],[23.9102013,61.6333908],[23.9119921,61.6336809],[23.9124413,61.6336837],[23.9127492,61.6338067],[23.9135163,61.6340753],[23.9143967,61.6341877],[23.9149244,61.6339025],[23.9153461,61.6333105],[23.915389,61.6329822],[23.9153025,61.6328929],[23.9152247,61.6327935],[23.9151335,61.6327374],[23.9150906,61.6326508],[23.9149806,61.6322863],[23.914986,61.63215],[23.9148555,61.632023],[23.9147285,61.6319626],[23.914589,61.6318505],[23.9144409,61.6316676],[23.9144924,61.6314975],[23.9144522,61.6314528],[23.9143288,61.6314465],[23.9142564,61.6313955],[23.9142618,61.6313203],[23.9142939,61.6312859],[23.9144602,61.6312235],[23.9142913,61.6312043],[23.9140633,61.6311725],[23.9140794,61.6311317],[23.9141947,61.6311406],[23.9143772,61.6308899],[23.9145327,61.6308386],[23.9147392,61.6308475],[23.914943,61.6307774],[23.9148357,61.6307353],[23.9146802,61.6305977],[23.9146869,61.6304046],[23.9147727,61.63039],[23.9148183,61.6304327],[23.9148545,61.6305977],[23.9149779,61.6306347],[23.915253,61.6306309],[23.9166966,61.6310969],[23.9174125,61.6314845],[23.9186144,61.6321768],[23.9194367,61.6322972],[23.9199427,61.6321467],[23.9201536,61.6317554],[23.9208916,61.6314945],[23.9221989,61.6312436],[23.9225573,61.6314845],[23.9217772,61.6323975],[23.9225151,61.632839],[23.9235483,61.6327687],[23.9240443,61.6330666],[23.9236537,61.6336918],[23.9246448,61.6342637],[23.9255093,61.6344844],[23.9265003,61.6350462],[23.9272804,61.6355177],[23.9277865,61.6354275],[23.9281027,61.6349359],[23.9286913,61.6348913],[23.929266,61.6340301],[23.9307595,61.633451],[23.9339223,61.6335212],[23.9370008,61.6335018],[23.9384978,61.6339928],[23.940609,61.6337226],[23.9426288,61.6342502],[23.9448023,61.6350462],[23.944971,61.6354375],[23.9458833,61.6355792],[23.946756,61.6352767],[23.9469952,61.6348556],[23.9476488,61.6345747],[23.9482392,61.6345948],[23.9487242,61.634976],[23.9496309,61.6350964],[23.9501791,61.6349459],[23.9508538,61.6349258],[23.950896,61.6355278],[23.9516972,61.6365511],[23.9527726,61.6373737],[23.9524141,61.6375643],[23.95194,61.6372806],[23.9516129,61.6378051],[23.9511018,61.6379486],[23.9488507,61.6381461],[23.9467211,61.6385374],[23.9467843,61.638748],[23.945224,61.6386778],[23.9435794,61.6389687],[23.9415341,61.6385073],[23.9397418,61.6382565],[23.9381437,61.6388506],[23.9366801,61.6395477],[23.9357567,61.6399919],[23.934829,61.640694],[23.9341656,61.64079],[23.9335279,61.64078],[23.9329677,61.6406523],[23.9317927,61.6399016],[23.9310758,61.6392696],[23.9307806,61.6385775],[23.9317083,61.6382264],[23.9319824,61.6373938],[23.9310125,61.6364708],[23.9304643,61.6363304],[23.9297263,61.6371731],[23.9283347,61.637484],[23.9274491,61.638738],[23.9265635,61.6388684],[23.9253827,61.6386076],[23.9237592,61.6378251],[23.9228103,61.6375442],[23.9215874,61.6373737],[23.9200482,61.6370527],[23.9196054,61.6365711],[23.9206385,61.6363003],[23.9212078,61.6364207],[23.9220513,61.63622],[23.9226417,61.635919],[23.9225735,61.6351282],[23.9220302,61.634685],[23.9222621,61.6337921],[23.9219849,61.6338184],[23.9214061,61.6341114],[23.9211229,61.6341114],[23.9211845,61.6342227],[23.9208428,61.6343697],[23.9205322,61.6348054],[23.9204324,61.6349723],[23.9204398,61.6352042],[23.9197001,61.6356153],[23.9195411,61.6358507],[23.9193784,61.6359105],[23.919175,61.6359263],[23.9190197,61.6358771],[23.91882,61.6358789],[23.9181543,61.6357348],[23.9174147,61.6354432],[23.9176403,61.6352446],[23.9183984,61.635199],[23.9187349,61.6352587],[23.9202364,61.6351199],[23.9203436,61.6345717],[23.9202327,61.6344927],[23.9198645,61.6344063],[23.9183824,61.6344242],[23.91811,61.6343504],[23.9181322,61.6341571],[23.9179185,61.634073],[23.9174656,61.6340821],[23.9169901,61.6341628],[23.9167799,61.6344342],[23.917033,61.6348255],[23.916823,61.6349354],[23.9168304,61.6350812],[23.917326,61.6353131],[23.9172853,61.635336],[23.9165161,61.635018],[23.9162106,61.6350964],[23.9142497,61.6349961],[23.9129635,61.6344844],[23.9129971,61.6342044],[23.9125522,61.6339239],[23.9119092,61.633762],[23.9115297,61.6340429],[23.9105387,61.6339426],[23.9079241,61.6339627],[23.9069236,61.6345689],[23.9067193,61.6350689],[23.9055836,61.635598],[23.9063638,61.6359592],[23.9074391,61.6363003],[23.9082193,61.6364909],[23.9088793,61.6364716],[23.9100115,61.6366715],[23.9101802,61.6362702],[23.9108339,61.63621],[23.9109786,61.6362415],[23.9123098,61.636531],[23.9135539,61.6373837],[23.9137206,61.637649],[23.9136804,61.6379355],[23.9139545,61.6381662],[23.9154937,61.6386878],[23.9168432,61.6391392],[23.9178764,61.6390791],[23.9181083,61.6387681],[23.9190571,61.6388182],[23.9195632,61.6392897],[23.9190421,61.6393615],[23.9189095,61.6396508],[23.9213344,61.640353],[23.9226838,61.6402627],[23.9230212,61.6399819],[23.9233337,61.6400953],[23.9243636,61.640503],[23.9244956,61.640721],[23.9256331,61.6409718],[23.9266846,61.6416149],[23.9284441,61.6417476],[23.9289377,61.6415128],[23.9300285,61.641563],[23.9306328,61.6420027],[23.9308474,61.6422886],[23.9314912,61.6422375],[23.9313195,61.6425437],[23.9319418,61.6424927],[23.9323924,61.6424315],[23.932775,61.642623],[23.933637,61.6427785],[23.9338945,61.6433093],[23.9345382,61.6434828],[23.9350691,61.6432996],[23.9352025,61.6431728],[23.9352973,61.6431827],[23.9353322,61.6430109],[23.9355446,61.6429334],[23.9358072,61.6430292],[23.9357153,61.6430912],[23.9358902,61.6432277],[23.9364051,61.6433297],[23.9374529,61.6431145],[23.9375177,61.643141],[23.9375598,61.6431583],[23.9376925,61.6431154],[23.9377893,61.6429965],[23.9377355,61.6427683],[23.938465,61.6421661],[23.9393448,61.6421967],[23.9409542,61.6428704],[23.9419841,61.64285],[23.9426064,61.6432072],[23.9429031,61.6432753],[23.9432287,61.6432787],[23.9434418,61.6437092],[23.9420056,61.6441769],[23.9429498,61.6446974],[23.9433575,61.6445545],[23.9434004,61.6443912],[23.9437437,61.6444219],[23.9441514,61.6449016],[23.9451385,61.6451159],[23.9448595,61.6457283],[23.9456964,61.6459937],[23.9466796,61.6461288],[23.9479924,61.6468306],[23.9501811,61.6472082],[23.9515973,61.6474123],[23.9536573,61.6477797],[23.9557777,61.6478407],[23.9571121,61.6483308],[23.9589789,61.6488717],[23.9618328,61.6491472],[23.9639142,61.6493616],[23.9665107,61.6495452],[23.9673046,61.6498106],[23.969429,61.6503821],[23.9706521,61.6509841],[23.9718752,61.6513821],[23.9744888,61.6515904],[23.9759737,61.6521883],[23.9771539,61.652474],[23.9781409,61.6529842],[23.9804369,61.6533515],[23.9825827,61.6537189],[23.9845783,61.6541474],[23.9859516,61.654127],[23.9874323,61.6544433],[23.9889128,61.6544229],[23.989857,61.6543107],[23.9911016,61.6540862],[23.9929899,61.6542494],[23.9931784,61.6542625],[23.9944145,61.6543342],[23.9962086,61.6544739],[23.9975604,61.6543005],[23.9994273,61.6547698],[24.0019593,61.6554841],[24.0039549,61.6556065],[24.0056287,61.6556779],[24.006441,61.6556614],[24.0071307,61.6556473],[24.0092122,61.6559024],[24.0107006,61.6560663],[24.0109742,61.6561198],[24.0115296,61.6561473],[24.0125929,61.6560795],[24.0139709,61.6559917],[24.0155637,61.6558514],[24.0168512,61.6555963],[24.0179191,61.6548507],[24.0190613,61.6548607],[24.0198339,61.65528],[24.0208424,61.6554636],[24.0223445,61.65528],[24.0227092,61.6550249],[24.0234123,61.6548507],[24.0242586,61.6544279],[24.0249015,61.6543609],[24.0254563,61.6543735],[24.0258262,61.6543525],[24.0261256,61.6542939],[24.0261344,61.6544698],[24.026042,61.6546666],[24.026064,61.6546959],[24.0265375,61.6547512],[24.0274026,61.6551021],[24.0279037,61.6553614],[24.0291027,61.6554489],[24.0296395,61.6555251],[24.0302736,61.6555376],[24.0308548,61.6555753],[24.0318764,61.6555502],[24.0336466,61.6555293],[24.0354343,61.6553576],[24.0362446,61.6551147],[24.0366233,61.6550477],[24.0368786,61.6550896],[24.0370636,61.6550477],[24.0371869,61.6548509],[24.0368768,61.6544142],[24.0364383,61.6542436],[24.0352934,61.6541431],[24.0345096,61.6538751],[24.034662,61.6533441],[24.0346648,61.6530738],[24.0347567,61.6529015],[24.0351747,61.652553],[24.0353252,61.6524285],[24.0355871,61.652345],[24.0356902,61.6523092],[24.0357878,61.6523516],[24.0358407,61.6523569],[24.0360385,61.6523291],[24.0361277,61.652284],[24.0362225,61.6523225],[24.0362336,61.6523794],[24.0362796,61.6523728],[24.0363005,61.6523158],[24.036359,61.6522801],[24.0364454,61.6522681],[24.0365442,61.652291],[24.0366376,61.6522642],[24.0366599,61.6522032],[24.0366627,61.6520866],[24.0365401,61.6519249],[24.0363729,61.6518825],[24.0362225,61.651811],[24.0360489,61.6516968],[24.036058,61.6516162],[24.036019,61.6515433],[24.0359087,61.6515027],[24.0358546,61.651428],[24.0358566,61.6513557],[24.0359232,61.6513557],[24.0359772,61.651481],[24.0361376,61.6515174],[24.0361974,61.6515936],[24.0362113,61.6516997],[24.0362411,61.651746],[24.0366847,61.6519042],[24.0369213,61.6520554],[24.0369657,61.6521855],[24.0371431,61.6522171],[24.0371801,61.6520835],[24.0374832,61.6520308],[24.0378973,61.6521222],[24.0381555,61.6521643],[24.0382086,61.6521756],[24.0385537,61.6522354],[24.0387254,61.652298],[24.0389466,61.6524058],[24.0393464,61.6525054],[24.0398917,61.6525685],[24.0399904,61.6525976],[24.040039,61.6526296],[24.0404676,61.6526965],[24.0408473,61.6528069],[24.0410187,61.6528675],[24.0413198,61.6528796],[24.0415514,61.6529578],[24.0416093,61.6529556],[24.0416741,61.6529842],[24.0416603,61.6530095],[24.0423713,61.6529897],[24.042494,61.6529622],[24.042582,61.6530172],[24.0426423,61.6530184],[24.0427025,61.6530117],[24.0427141,61.652982],[24.0427859,61.6529787],[24.042948,61.6530139],[24.0430731,61.6530415],[24.0432143,61.6530535],[24.0435483,61.6530513],[24.0436034,61.6530327],[24.0440226,61.6530943],[24.0441107,61.6531241],[24.0441431,61.6531692],[24.0442728,61.6531527],[24.0443631,61.6532045],[24.0444256,61.6532078],[24.0445057,61.6532391],[24.0450626,61.653384],[24.045278,61.6534864],[24.0455049,61.6535426],[24.0458484,61.6536491],[24.0458056,61.6537424],[24.0457579,61.6538465],[24.0454053,61.6539159],[24.0454236,61.6539905],[24.0453747,61.6541181],[24.0445973,61.6541674],[24.043911,61.654339],[24.0428729,61.6544371],[24.0420012,61.6544935],[24.041511,61.6547085],[24.0414846,61.654788],[24.0416079,61.6548257],[24.0414317,61.6551231],[24.0413789,61.6552571],[24.0414141,61.6554036],[24.0413546,61.655544],[24.0413227,61.6556194],[24.0412394,61.6556782],[24.0411365,61.655742],[24.0410619,61.6557889],[24.0402869,61.6560485],[24.0396352,61.6563249],[24.0390627,61.6565761],[24.0383758,61.6567101],[24.0376977,61.656819],[24.0370196,61.6568525],[24.0357778,61.6570032],[24.0350116,61.6569865],[24.0346241,61.6569027],[24.0329861,61.6570577],[24.0310486,61.6574931],[24.0300006,61.6577151],[24.0290671,61.6579872],[24.0285739,61.6579035],[24.0280279,61.6578826],[24.0275435,61.6579244],[24.0275523,61.6580668],[24.0273674,61.6582092],[24.027473,61.6582803],[24.0278958,61.6582134],[24.0282318,61.6582937],[24.0283097,61.658519],[24.0282472,61.6587573],[24.0280543,61.6589084],[24.0273479,61.6590875],[24.0269006,61.6592224],[24.0266716,61.6594695],[24.0257117,61.6596914],[24.0249191,61.6599217],[24.0234308,61.660018],[24.0200402,61.6603111],[24.0190978,61.6604241],[24.0181027,61.660533],[24.0169666,61.6607088],[24.0157777,61.6608847],[24.0148442,61.6608428],[24.0147314,61.6605874],[24.0141572,61.6606041],[24.013849,61.6604995],[24.0130124,61.6603571],[24.0124487,61.6600138],[24.0117002,61.6598337],[24.010978,61.6597249],[24.0105905,61.6597626],[24.0103527,61.6596328],[24.0102823,61.6597207],[24.0090405,61.6598128],[24.0068917,61.6601436],[24.0061854,61.6599482],[24.0056587,61.6598966],[24.0051659,61.6599273],[24.0045403,61.6600389],[24.0040207,61.6602064],[24.0034394,61.6603236],[24.002911,61.6599887],[24.0031576,61.6598337],[24.0031488,61.6596663],[24.0026292,61.659436],[24.0022945,61.6591722],[24.0006741,61.65872],[23.9991946,61.6584185],[23.9982434,61.6580375],[23.9977679,61.6578574],[23.9970505,61.6577134],[23.9955574,61.6573843],[23.9946063,61.6571414],[23.993523,61.6569949],[23.9913037,61.6567101],[23.9900884,61.6565803],[23.9889611,61.6566431],[23.9883359,61.656685],[23.9878339,61.656886],[23.9868035,61.6571498],[23.9859845,61.6575141],[23.9864688,61.6578909],[23.986962,61.6580794],[23.9875521,61.6581212],[23.9882566,61.6579663],[23.9887498,61.6579695],[23.9896555,61.6584936],[23.9911276,61.6587326],[23.9917969,61.658921],[23.9920083,61.6591429],[23.9919554,61.6594695],[23.9918819,61.6599982],[23.9916384,61.660131],[23.9913654,61.6601938],[23.9910748,61.6601226],[23.9899915,61.6598463],[23.9872879,61.6595532],[23.9869092,61.6595072],[23.9865745,61.659549],[23.9861254,61.659436],[23.9856146,61.6592601],[23.9841174,61.6588205],[23.9829725,61.6584855],[23.9823057,61.6582519],[23.982268,61.6579956],[23.982814,61.657535],[23.9824794,61.6571875],[23.9817132,61.6568274],[23.9807092,61.6566976],[23.9798814,61.6557763],[23.979168,61.6556549],[23.978666,61.6550519],[23.9776092,61.6550477],[23.9762354,61.6549137],[23.9751257,61.6549388],[23.973611,61.6551817],[23.9723604,61.6555795],[23.9719658,61.6558235],[23.972061,61.6561448],[23.9727831,61.6564421],[23.9735405,61.6566808],[23.9751962,61.6569655],[23.9767109,61.6570828],[23.9778118,61.6570786],[23.9788862,61.656932],[23.9797669,61.657087],[23.9800311,61.6571917],[23.9802953,61.657535],[23.9801632,61.6577863],[23.9795115,61.6578867],[23.9790095,61.6578365],[23.9787629,61.6577444],[23.9782697,61.6577528],[23.9781817,61.6578742],[23.9783754,61.6580668],[23.9773715,61.6581715],[23.975795,61.6581003],[23.9734525,61.6577444],[23.9725718,61.6576941],[23.971832,61.6580919],[23.9713829,61.6585818],[23.9706255,61.6587744],[23.9698417,61.6587451],[23.9687496,61.6580626],[23.9684502,61.6576104],[23.9678161,61.6575643],[23.967138,61.6575978],[23.9664687,61.6572],[23.9655792,61.6572168],[23.9646545,61.6573089],[23.9630429,61.6574931],[23.9611142,61.657556],[23.9590622,61.657623],[23.9583313,61.6576858],[23.9581816,61.6574806],[23.9584105,61.657133],[23.9590006,61.656886],[23.9594585,61.6568441],[23.9593776,61.6564282],[23.9591679,61.6562579],[23.9589125,61.6562118],[23.9586131,61.6562621],[23.958023,61.6560611],[23.9577676,61.6560904],[23.9576097,61.6559338],[23.956975,61.6559857],[23.9563762,61.6561448],[23.9554426,61.6565468],[23.9553986,61.6569111],[23.9549744,61.6568666],[23.9547469,61.6569153],[23.9544651,61.6567478],[23.9545796,61.6564547],[23.9544211,61.6560611],[23.9540864,61.6556674],[23.9547917,61.655605],[23.9553017,61.6556381],[23.9558037,61.6555795],[23.9561472,61.6553534],[23.9565963,61.6552738],[23.9574066,61.6546959],[23.9573917,61.6540548],[23.9573713,61.65385],[23.9570983,61.653716],[23.9567108,61.6535359],[23.9566844,61.6532302],[23.9568253,61.6531548],[23.9567901,61.6531171],[23.9565963,61.653159],[23.9561824,61.6528114],[23.9549142,61.652246],[23.9535048,61.6517567],[23.9533555,61.6515969],[23.9525188,61.6512744],[23.951462,61.6511446],[23.9501762,61.6509184],[23.9488376,61.6507886],[23.9479481,61.6507048],[23.9473228,61.650864],[23.9470586,61.6507676],[23.9460964,61.6509478],[23.9443197,61.6515508],[23.9443109,61.651844],[23.9446368,61.6518566],[23.9447554,61.6521386],[23.9445487,61.6523926],[23.9438266,61.6524387],[23.9432101,61.6525643],[23.942849,61.652669],[23.9425936,61.6528449],[23.9422678,61.6528449],[23.9421797,61.6529245],[23.942303,61.6530417],[23.9425143,61.6532218],[23.9423646,61.6534731],[23.9418186,61.6535317],[23.9408932,61.6538727],[23.9391326,61.6538039],[23.9386041,61.6536657],[23.9380845,61.6533935],[23.9371863,61.6535485],[23.9367635,61.6535443],[23.9365169,61.653448],[23.9367195,61.653247],[23.9370189,61.6531464],[23.9373976,61.6531716],[23.9377499,61.6532428],[23.9379442,61.653133],[23.9378996,61.653025],[23.9380934,61.6528575],[23.9383399,61.6525811],[23.9385249,61.6525978],[23.938709,61.652482],[23.9384985,61.6518398],[23.9381726,61.6516262],[23.9377147,61.6516304],[23.9367547,61.6515089],[23.9361383,61.6514713],[23.9352224,61.65122],[23.9346499,61.6506378],[23.933417,61.6504619],[23.9328357,61.650441],[23.9316468,61.6502734],[23.9307397,61.6501394],[23.9290048,61.6498211],[23.9267855,61.6494232],[23.9256494,61.64913],[23.9247864,61.6490169],[23.9238969,61.6491091],[23.9224262,61.6491258],[23.9208057,61.6488871],[23.9193086,61.6486944],[23.9184015,61.6482463],[23.9174151,61.6481583],[23.9167018,61.6481248],[23.9162614,61.6482798],[23.9152751,61.6485562],[23.9141566,61.6486902],[23.9128884,61.648619],[23.9128708,61.6483635],[23.9146146,61.6479447],[23.9160501,61.6477311],[23.9169836,61.6474546],[23.9173535,61.6470316],[23.9171157,61.6469017],[23.9153367,61.6467216],[23.9143327,61.6466378],[23.9133112,61.6467216],[23.9122103,61.647019],[23.9112064,61.647153],[23.910264,61.647664],[23.9099118,61.6477143],[23.9091808,61.6476138],[23.9066004,61.6469855],[23.9042666,61.646353],[23.9031746,61.6461729],[23.9020297,61.6460388],[23.9004181,61.6458629],[23.8990707,61.6456325],[23.8983746,61.6456996],[23.8959756,61.6462357],[23.8936088,61.6469138],[23.8923192,61.6469358],[23.8917366,61.6473113],[23.8907925,61.6482391],[23.8898773,61.6480236],[23.8899353,61.6471798],[23.8886982,61.6470861],[23.8871908,61.6472914],[23.8850461,61.647699],[23.8839818,61.6478529],[23.8828274,61.6469979],[23.8803201,61.6466035],[23.8781099,61.6470555],[23.8754964,61.6476598],[23.8766036,61.6468252],[23.8789715,61.6460303],[23.8785273,61.6458754],[23.877346,61.6458229],[23.8748205,61.6460848],[23.872856,61.645906],[23.8721845,61.6460901],[23.8722056,61.6463609],[23.8717166,61.6465205],[23.8712778,61.646762],[23.8701186,61.646944],[23.8697532,61.6473851],[23.8701181,61.6476245],[23.870118,61.6478294],[23.8701814,61.6480457],[23.8698165,61.6481983],[23.8689454,61.6482233],[23.8681858,61.6480027],[23.8661709,61.6479298],[23.8657324,61.6475042],[23.8653126,61.6474565],[23.8637082,61.6475543],[23.8632021,61.6477649],[23.8630799,61.6481616],[23.8620725,61.6483298],[23.8616583,61.6486594],[23.8597282,61.6481372],[23.859165,61.6477286],[23.8576908,61.6469566],[23.8569334,61.6468527],[23.8557457,61.6468349],[23.8542147,61.6472542],[23.8530592,61.6473011],[23.8519284,61.6469113],[23.85131,61.646762],[23.8507943,61.6464104],[23.853524,61.64604],[23.8537981,61.6458394],[23.8558223,61.6456689],[23.8563857,61.6457211],[23.8575874,61.6456396],[23.860208,61.6454583],[23.8618105,61.6451373],[23.8642986,61.645027],[23.8649733,61.6446258],[23.8666812,61.6442949],[23.8690887,61.6441721],[23.8714919,61.6440906],[23.8738952,61.6440091],[23.8765702,61.6440542],[23.8780151,61.643846],[23.8795785,61.6437528],[23.880218,61.6436429],[23.8807451,61.643332],[23.8824109,61.6434022],[23.8838447,61.6435226],[23.8862548,61.6436829],[23.8890949,61.6434223],[23.8900314,61.6428676],[23.8909504,61.6427804],[23.8921101,61.6428807],[23.8944809,61.6430315],[23.895294,61.6426901],[23.895779,61.642319],[23.8956946,61.6418074],[23.8950085,61.6412331],[23.8957475,61.6411295],[23.8964003,61.6407902],[23.8971738,61.6406652],[23.8981188,61.6406759],[23.8984014,61.6406151],[23.8986861,61.6402991],[23.8985675,61.64],[23.8981794,61.639955],[23.8970138,61.6396671],[23.8957241,61.639338],[23.8949613,61.6391586],[23.8936572,61.6389957],[23.8924712,61.6385443],[23.8914868,61.6382734],[23.890405,61.6380692],[23.8885057,61.6381461],[23.8862637,61.6378002],[23.8840753,61.6376198],[23.8832167,61.6374269],[23.8799286,61.6372731],[23.879015,61.6371636],[23.877752,61.6371343],[23.8772179,61.6369562],[23.8755584,61.6369463],[23.8746097,61.6371158],[23.8737015,61.6371034],[23.8735593,61.6368688],[23.8729226,61.6367191],[23.872678,61.6366952],[23.8725729,61.6367719],[23.8722609,61.6366871],[23.8718192,61.6367191],[23.8714085,61.6366506],[23.8711644,61.6365467],[23.8709432,61.6365662],[23.8699239,61.6363469],[23.8692569,61.6360275],[23.8670821,61.6357613],[23.8661452,61.6356058],[23.8655114,61.6355522],[23.8652429,61.6355371],[23.865148,61.6355804],[23.864993,61.6355807],[23.8646993,61.6354318],[23.8639461,61.6352406],[23.8627018,61.6352063],[23.8604514,61.6349036],[23.8574742,61.6346768],[23.8541938,61.6346834],[23.852938,61.634751],[23.8504192,61.6343817],[23.8496773,61.6341308],[23.8489126,61.6340189],[23.8484835,61.6339929],[23.8481961,61.6338467],[23.8481465,61.633788],[23.8476932,61.6336728],[23.8471917,61.633639],[23.8470919,61.6335104],[23.8469916,61.6334127],[23.8465101,61.6333376],[23.8461341,61.6333407],[23.8456687,61.6332828],[23.8455713,61.6331452],[23.8451704,61.6330114],[23.8447691,61.6329689],[23.8443694,61.6329189],[23.8438,61.6328722],[23.8435121,61.6328626],[23.8428297,61.632832],[23.8425915,61.6328106],[23.8416646,61.6327096],[23.8415627,61.6326688],[23.8414526,61.6326757],[23.8412831,61.6326575],[23.8410054,61.6326145],[23.840808,61.6325941],[23.8404001,61.6325573],[23.8400693,61.632595],[23.8400138,61.6325798],[23.839969,61.6325466],[23.8398836,61.6324545],[23.8398159,61.632361],[23.839885,61.632278],[23.8398699,61.6322625],[23.8398077,61.6322402],[23.839623,61.6320879],[23.8395298,61.6320396],[23.8394905,61.6319741],[23.8394491,61.6318983],[23.8393253,61.6318228],[23.8391841,61.6317801],[23.8390699,61.6317315],[23.8387682,61.6315828],[23.8386645,61.6315154],[23.8386055,61.6314419],[23.8381624,61.6312117],[23.8379334,61.6311265],[23.8377539,61.6310749],[23.8373387,61.6309815],[23.8369332,61.6309387],[23.8365276,61.6309632],[23.83596,61.6310667],[23.835047,61.6312415],[23.8349698,61.6311803],[23.8344612,61.6312813],[23.8342166,61.6314189],[23.8338948,61.6314403],[23.8333218,61.6316269],[23.8332382,61.6317003],[23.8333412,61.6317462],[23.8336952,61.6318012],[23.8339978,61.6319083],[23.8342166,61.6319358],[23.8343389,61.6320001],[23.8347059,61.6320459],[23.8348861,61.6321958],[23.8345964,61.6323151],[23.8346093,61.6323732],[23.8352015,61.6324374],[23.8354655,61.632413],[23.8358259,61.6325781],[23.8358517,61.6327739],[23.8356457,61.6328626],[23.8355556,61.6329696],[23.8354268,61.6330216],[23.8349698,61.6330858],[23.8344162,61.6330858],[23.8343389,61.6330399],[23.8340943,61.6330522],[23.8340428,61.6330858],[23.8335407,61.6330797],[23.8320601,61.6330216],[23.8315967,61.6329757],[23.8311139,61.6329115],[23.8307727,61.6328197],[23.830586,61.6326546],[23.8303864,61.6325842],[23.8302384,61.6324833],[23.8298779,61.6324619],[23.8283311,61.6323807],[23.8246549,61.63219],[23.8243609,61.6321913],[23.8241149,61.6322051],[23.8228197,61.6323836],[23.8216788,61.6326712],[23.8216579,61.6329368],[23.8223169,61.6332999],[23.8220117,61.6337568],[23.8200437,61.6343693],[23.8192473,61.6343937],[23.8187434,61.6341997],[23.8179049,61.6342256],[23.8175848,61.6342632],[23.8168058,61.6344204],[23.8144673,61.6343664],[23.8138183,61.6345038],[23.8134384,61.6343106],[23.8130011,61.6343457],[23.8122037,61.6344117],[23.8112626,61.6342717],[23.8112374,61.6340183],[23.8110928,61.6338051],[23.8109192,61.6337587],[23.8106047,61.6338042],[23.8105285,61.63393],[23.8098414,61.6338251],[23.8095979,61.6339538],[23.8083504,61.6341487],[23.8075627,61.6347455],[23.8074137,61.6353624],[23.8063386,61.6356507],[23.8066686,61.635949],[23.8065409,61.6361361],[23.8055935,61.6358074],[23.8050294,61.6358074],[23.8050507,61.6362019],[23.8053806,61.6363435],[23.8052742,61.6365255],[23.8048165,61.6364547],[23.804561,61.6362777],[23.8044226,61.6360856],[23.8047739,61.63604],[23.8043907,61.635772],[23.8031666,61.6357316],[23.8024428,61.6354737],[23.8021235,61.6350236],[23.8019744,61.6343763],[23.800612,61.6341032],[23.7993772,61.634174],[23.7989089,61.634083],[23.7982383,61.6345938],[23.7977167,61.6346696],[23.7973229,61.6350034],[23.7978551,61.6354433],[23.7973441,61.6359591],[23.7966416,61.6359187],[23.7960988,61.636161],[23.7960242,61.6365761],[23.7962797,61.6371728],[23.7950343,61.6376784],[23.7946937,61.6379363],[23.7937357,61.6379565],[23.7932354,61.6378251],[23.7927351,61.6381335],[23.7930012,61.6376228],[23.7925222,61.6370413],[23.7922242,61.6370312],[23.7919581,61.6367581],[23.7909015,61.6366471],[23.7900872,61.6374104],[23.7890739,61.6374044],[23.7883339,61.6365173],[23.7888291,61.6356484],[23.788908,61.6349772],[23.7884551,61.6348604],[23.7885479,61.6346644],[23.7871844,61.6345076],[23.7851828,61.6347626],[23.7845762,61.6345317],[23.7843908,61.6341128],[23.7850008,61.6337343],[23.7856422,61.6329606],[23.7833699,61.6325441],[23.7816873,61.6326535],[23.7806702,61.6330251],[23.780096,61.6334655],[23.7773642,61.633909],[23.7786771,61.6345207],[23.778839,61.6348355],[23.7783679,61.6349684],[23.7782059,61.6353252],[23.7776169,61.6354721],[23.7778672,61.635563],[23.7782206,61.6354231],[23.7785593,61.635619],[23.7778967,61.6357868],[23.7773813,61.6357519],[23.7767924,61.6361576],[23.7776464,61.6363674],[23.7766451,61.6365773],[23.7767482,61.6373467],[23.7764537,61.6376265],[23.7760267,61.6374376],[23.7755114,61.6374166],[23.7754672,61.6376824],[23.7761445,61.6376125],[23.7763948,61.6377454],[23.7759237,61.6379342],[23.776174,61.6380391],[23.7765862,61.6379342],[23.7769552,61.6380455],[23.7773717,61.6384807],[23.7779755,61.6386637],[23.7773821,61.6389753],[23.7767782,61.6387923],[23.7766429,61.6386538],[23.7764034,61.6386934],[23.7766012,61.6388863],[23.7764763,61.6389456],[23.7759869,61.6388022],[23.7752581,61.638911],[23.7760911,61.639549],[23.7759245,61.639638],[23.7754247,61.6394798],[23.7755393,61.6393957],[23.7753414,61.6393413],[23.7751332,61.63946],[23.7742586,61.6392473],[23.7744461,61.6389209],[23.7733369,61.6386558],[23.7723679,61.6390327],[23.7733228,61.6392985],[23.7737179,61.6392431],[23.7739409,61.6393929],[23.773476,61.6395975],[23.7720186,61.6397259],[23.771852,61.6400116],[23.7720043,61.6407358],[23.7701246,61.6402282],[23.7680378,61.6400366],[23.7659779,61.6409223],[23.7672965,61.6419579],[23.7684756,61.6432201],[23.7711706,61.6431493],[23.7722339,61.6427014],[23.7745912,61.6427753],[23.7750701,61.6430324],[23.7759655,61.6431412],[23.7765069,61.6425182],[23.777673,61.6424885],[23.7786516,61.6427654],[23.7781727,61.6431313],[23.7807756,61.6430127],[23.7811712,61.6435171],[23.7816085,61.64325],[23.7834825,61.6432896],[23.7846695,61.6429335],[23.7844612,61.6427456],[23.7837324,61.6426962],[23.7844404,61.6425775],[23.784836,61.641905],[23.7844601,61.6415184],[23.7855377,61.6415581],[23.7858329,61.6413032],[23.7873084,61.6409277],[23.7881592,61.6418249],[23.7887582,61.6418482],[23.7899088,61.6415767],[23.7911328,61.6418533],[23.7929848,61.6418594],[23.793001,61.6421975],[23.7916372,61.6425946],[23.7910415,61.6429658],[23.7918172,61.64357],[23.7945456,61.6442048],[23.7959904,61.6443244],[23.7973189,61.644085],[23.7983837,61.6436242],[23.7987518,61.6437431],[23.7988107,61.6434634],[23.7985162,61.6432816],[23.7992524,61.6429109],[23.7993849,61.6424423],[23.79906,61.6421975],[23.7990967,61.6419834],[23.7991816,61.6417578],[23.7987813,61.6415052],[23.7987813,61.6411135],[23.8003714,61.6409667],[23.8011371,61.6407778],[23.8011813,61.640589],[23.8017997,61.6404351],[23.8024034,61.6408058],[23.802904,61.6408478],[23.8030659,61.6409877],[23.8037874,61.6408408],[23.8043469,61.6408688],[23.8047003,61.6413793],[23.8059371,61.6415542],[23.808293,61.6402183],[23.8096181,61.6404911],[23.8100451,61.6408058],[23.8117826,61.6404911],[23.813358,61.6404911],[23.8135347,61.6401274],[23.8137998,61.6405121],[23.8148893,61.6409737],[23.8149041,61.6413094],[23.8151985,61.6415891],[23.8148746,61.641722],[23.8149482,61.6419458],[23.8153016,61.6421626],[23.8151762,61.6423906],[23.8130144,61.6430527],[23.8138674,61.6436331],[23.8154759,61.6439609],[23.8151571,61.6450937],[23.8154014,61.6452963],[23.8152144,61.6453111],[23.8140101,61.6454062],[23.8120677,61.645712],[23.8101457,61.6454209],[23.809557,61.6455783],[23.8090229,61.6452078],[23.8069865,61.6452186],[23.8060209,61.6448059],[23.8034166,61.6443012],[23.7999137,61.644428],[23.7982715,61.6442915],[23.7972021,61.6446125],[23.7940383,61.64461],[23.7922176,61.6452723],[23.7904108,61.6452029],[23.7888664,61.6452453],[23.7883312,61.6454424],[23.7868524,61.6454987],[23.7854704,61.6452112],[23.7851676,61.6454172],[23.7836107,61.6455568],[23.7833764,61.6457782],[23.7829385,61.645885],[23.7822354,61.6464854],[23.781794,61.6464948],[23.7809971,61.6463217],[23.7810473,61.645515],[23.781651,61.6450325],[23.7809,61.6450115],[23.7805025,61.6452912],[23.7794571,61.6453262],[23.7784411,61.6458157],[23.7764828,61.6456478],[23.775511,61.6451304],[23.7746718,61.6449346],[23.7733172,61.6449066],[23.7722718,61.645445],[23.7724043,61.6457597],[23.7712852,61.645522],[23.7711086,61.6456478],[23.7699306,61.645473],[23.7700926,61.6456478],[23.769695,61.6458227],[23.768738,61.6457178],[23.768576,61.6458436],[23.7675895,61.6459835],[23.7668533,61.6458227],[23.7664558,61.6458087],[23.7663085,61.6460814],[23.7648803,61.6461863],[23.7642766,61.6459485],[23.7634815,61.6458716],[23.7622889,61.6461094],[23.7620974,61.6458436],[23.7615232,61.6456688],[23.7603158,61.6459555],[23.7605367,61.6462072],[23.7601693,61.6466171],[23.7595985,61.6465473],[23.759133,61.6467011],[23.7591045,61.6472985],[23.7585937,61.6475814],[23.7588637,61.6477607],[23.7592601,61.6475406],[23.759812,61.6478985],[23.7607723,61.6483037],[23.7625929,61.6484469],[23.7629127,61.6489994],[23.761211,61.6495372],[23.759462,61.6490986],[23.7590038,61.6491023],[23.7587389,61.6487412],[23.7583473,61.6486007],[23.7573522,61.6485547],[23.7568679,61.6490687],[23.7570242,61.6494105],[23.7572148,61.6495787],[23.7574303,61.6497653],[23.7579034,61.6501046],[23.7577169,61.6507268],[23.757128,61.6509313],[23.7560413,61.6510871],[23.7555265,61.6513605],[23.7554752,61.6517645],[23.7558372,61.6519427],[23.7568358,61.6520459],[23.75726,61.6524009],[23.7580012,61.6525455],[23.7584148,61.6529245],[23.7579606,61.6532137],[23.75811,61.6535377],[23.7587215,61.6535915],[23.7590698,61.6537375],[23.7598362,61.6537587],[23.7611332,61.6533024],[23.761629,61.652802],[23.7626337,61.6521255],[23.7638529,61.6510808],[23.7638134,61.6505715],[23.7636223,61.6504239],[23.7638144,61.6502987],[23.7651942,61.6502168],[23.766017,61.6500372],[23.7665848,61.6498455],[23.7672152,61.6494904],[23.7679686,61.6495759],[23.7687142,61.6495137],[23.7693893,61.6498058],[23.7698557,61.650857],[23.7695228,61.6512625],[23.7689972,61.6518381],[23.7676806,61.6521459],[23.7639857,61.6523269],[23.7632556,61.6525474],[23.7621322,61.6534522],[23.7618067,61.6539768],[23.7622144,61.6542565],[23.7610376,61.6547354],[23.7604755,61.6551048],[23.7603083,61.6556762],[23.7597081,61.6559755],[23.7594978,61.6562849],[23.7601307,61.6561581],[23.7603958,61.6563958],[23.7596595,61.6566265],[23.7598362,61.6567593],[23.7609111,61.6568851],[23.7611025,61.6570459],[23.7602332,61.6572953],[23.7603369,61.6574583],[23.7604841,61.657654],[23.760381,61.6578245],[23.7605208,61.6578712],[23.7607881,61.6578365],[23.7614103,61.657825],[23.7623361,61.657845],[23.7632818,61.6576299],[23.7636511,61.6577668],[23.7632375,61.6580664],[23.7636352,61.6584563],[23.764117,61.6584902],[23.7643111,61.6586304],[23.764062,61.6586815],[23.7638264,61.6586116],[23.7633553,61.6588143],[23.7626426,61.6589834],[23.762567,61.6592694],[23.7625307,61.6594993],[23.7617798,61.6596741],[23.7615001,61.6599187],[23.7609125,61.6602876],[23.7610878,61.6605128],[23.7625689,61.6606675],[23.7632154,61.6605013],[23.7631197,61.6607365],[23.7624526,61.6613204],[23.7624457,61.6616079],[23.7621046,61.6617808],[23.7621802,61.6621607],[23.7627074,61.6621343],[23.7638787,61.6622906],[23.7645347,61.6620645],[23.764734,61.6620892],[23.7648118,61.6623494],[23.7652547,61.6624698],[23.7658846,61.6627744],[23.7667051,61.662603],[23.7678876,61.6625899],[23.7678697,61.6627838],[23.7679946,61.6629264],[23.7684165,61.6629597],[23.7694243,61.6625584],[23.7711883,61.6612767],[23.7716892,61.6613009],[23.7719929,61.6617428],[23.7705106,61.6630643],[23.772805,61.6640735],[23.7726203,61.6644299],[23.7731447,61.6647198],[23.7727524,61.665175],[23.7721261,61.6652598],[23.7721436,61.6654678],[23.7712567,61.665729],[23.7696436,61.6652653],[23.7690187,61.6648793],[23.7678533,61.6650322],[23.7657771,61.6656417],[23.7647988,61.6656611],[23.7643095,61.6664057],[23.7648013,61.6668145],[23.764464,61.6671878],[23.7638844,61.6672509],[23.762339,61.6672537],[23.7616684,61.6667201],[23.7610541,61.6666306],[23.7609349,61.6662281],[23.7602181,61.6659931],[23.7597457,61.6661859],[23.7597175,61.6663914],[23.7592036,61.6665711],[23.7584512,61.6664752],[23.7581963,61.6665893],[23.757596,61.6662021],[23.7570792,61.6664244],[23.7573985,61.6666671],[23.7572473,61.6669416],[23.7573966,61.6671007],[23.7582821,61.6675057],[23.757567,61.6675869],[23.7575383,61.6679776],[23.757843,61.668287],[23.7587206,61.6685844],[23.7586468,61.6691156],[23.7588562,61.6693198],[23.7586574,61.6695638],[23.7584078,61.6697128],[23.7581943,61.6700049],[23.7586628,61.6702768],[23.7592706,61.6702638],[23.7603306,61.6706021],[23.7609686,61.6710798],[23.7629596,61.6708793],[23.7627621,61.670738],[23.7621885,61.670534],[23.7623806,61.6703534],[23.7620921,61.6700628],[23.7628525,61.6702261],[23.7633464,61.6702257],[23.7641965,61.6706853],[23.7646281,61.6706647],[23.7645892,61.6708054],[23.7647197,61.6708247],[23.765371,61.6703556],[23.7649266,61.6701235],[23.7647731,61.6695909],[23.7647625,61.6690254],[23.7655737,61.6683604],[23.7661599,61.6681514],[23.7669605,61.6677465],[23.767614,61.6679173],[23.767936,61.6682629],[23.768091,61.6687735],[23.7682326,61.6690139],[23.7674487,61.6691841],[23.767361,61.6695434],[23.7670479,61.6699531],[23.7675003,61.6697898],[23.7677708,61.670055],[23.765978,61.6708786],[23.7664303,61.6716311],[23.76739,61.6716919],[23.7683063,61.6713377],[23.7687792,61.6707434],[23.7685834,61.6705032],[23.768912,61.6702464],[23.7685841,61.6700221],[23.7691924,61.6693987],[23.7708242,61.6697001],[23.7721492,61.6703294],[23.7727199,61.6702917],[23.7739272,61.6704135],[23.7736229,61.6706565],[23.7741592,61.670686],[23.7752219,61.6712709],[23.7758906,61.6709131],[23.7757993,61.6705098],[23.7762486,61.6703988],[23.77651,61.6701986],[23.7765806,61.6702907],[23.7780073,61.6701537],[23.7781839,61.6699201],[23.7781128,61.6697011],[23.7784549,61.6697726],[23.778747,61.6697016],[23.7786365,61.6695815],[23.7785259,61.6694614],[23.7786833,61.6691841],[23.7783215,61.6689141],[23.7790599,61.6686247],[23.7792547,61.6684095],[23.7802795,61.6682707],[23.7803212,61.6679877],[23.7831531,61.6673176],[23.7840341,61.6665948],[23.784513,61.666025],[23.7853026,61.6656661],[23.785472,61.6657054],[23.7862117,61.6650004],[23.7856869,61.6647959],[23.7858293,61.6645226],[23.7861286,61.6642717],[23.7880475,61.6643783],[23.7901219,61.6646076],[23.7909736,61.6645852],[23.7913309,61.664639],[23.7910256,61.6648328],[23.7911053,61.6651732],[23.7908911,61.6652311],[23.7906882,61.6655325],[23.7898491,61.6656069],[23.7889604,61.6659438],[23.7898414,61.6663276],[23.7903466,61.6663435],[23.7909864,61.6657583],[23.7927019,61.6654983],[23.7934874,61.665297],[23.7956047,61.6651619],[23.7964006,61.6643999],[23.7969996,61.6641466],[23.7962852,61.6641133],[23.795146,61.6638141],[23.7948539,61.6635144],[23.7937594,61.6634461],[23.7937471,61.662779],[23.7934178,61.6626083],[23.7932504,61.6621633],[23.7945914,61.6619382],[23.7957428,61.6621036],[23.7975067,61.662057],[23.7987385,61.6615212],[23.7995808,61.660965],[23.8003358,61.6610767],[23.8012344,61.6616479],[23.8017661,61.6619784],[23.8026434,61.6616516],[23.8030231,61.6612211],[23.8027334,61.6610111],[23.8028475,61.6603068],[23.8027776,61.6597465],[23.8021949,61.6591368],[23.8020777,61.6587337],[23.8015376,61.6585138],[23.8011301,61.6585049],[23.800535,61.6581468],[23.7990959,61.6576521],[23.7989367,61.6571173],[23.799612,61.6568347],[23.8011528,61.6572364],[23.8020175,61.6569296],[23.8025611,61.6568569],[23.8029697,61.6569054],[23.8036133,61.6568798],[23.8046058,61.6565294],[23.8050989,61.6564769],[23.8052662,61.6566863],[23.8055176,61.656622],[23.8052624,61.6564109],[23.8056616,61.6561183],[23.805498,61.6558097],[23.8051888,61.6556349],[23.8049385,61.6552714],[23.8057593,61.6557407],[23.806001,61.6556627],[23.8057314,61.6551017],[23.806239,61.654755],[23.8072098,61.6545177],[23.8080563,61.6545994],[23.8093449,61.6546184],[23.8105208,61.6547886],[23.8113089,61.6551158],[23.8125725,61.6551945],[23.8137601,61.6548524],[23.8148183,61.654838],[23.8156191,61.655063],[23.8156039,61.6554599],[23.814292,61.6561208],[23.8144281,61.6563549],[23.8143339,61.656704],[23.8147444,61.6570082],[23.8143732,61.6573209],[23.8131412,61.6575872],[23.8114735,61.6582469],[23.8103251,61.6586707],[23.8097428,61.6590593],[23.8083691,61.6595681],[23.8076834,61.6605051],[23.8073063,61.6605418],[23.8072579,61.660652],[23.8074707,61.6606933],[23.8073348,61.6608427],[23.8063007,61.6612211],[23.8060204,61.6615057],[23.8056239,61.6616158],[23.8052331,61.6619999],[23.8050245,61.6623547],[23.8048701,61.6625382],[23.804483,61.6629559],[23.8049375,61.6633735],[23.8044927,61.6634332],[23.8039593,61.6632152],[23.8031681,61.6632909],[23.803017,61.6635087],[23.8020294,61.6639622],[23.8017507,61.663977],[23.8009699,61.6639944],[23.8006575,61.664158],[23.8005803,61.6646168],[23.8002463,61.6651023],[23.7993272,61.6654909],[23.7992702,61.6657933],[23.7953281,61.6668144],[23.7942153,61.6666246],[23.7912298,61.666693],[23.7894732,61.6666495],[23.788864,61.6669221],[23.7888074,61.6671726],[23.7876327,61.6675134],[23.786556,61.6675425],[23.7854306,61.6678288],[23.784358,61.6678456],[23.783421,61.6679445],[23.7831503,61.6681816],[23.7824791,61.6683284],[23.7822729,61.668531],[23.7826263,61.6688315],[23.7837012,61.6686708],[23.7839073,61.6687826],[23.7837012,61.6689573],[23.7837895,61.6692298],[23.7841576,61.6688385],[23.7840545,61.6687267],[23.7847673,61.6686311],[23.7852914,61.6686987],[23.7857183,61.6686568],[23.7860717,61.6684052],[23.7860864,61.6681537],[23.7863957,61.6681048],[23.7866901,61.6682585],[23.7867343,61.6686428],[23.7871171,61.6689433],[23.7882067,61.6688804],[23.7891049,61.6691739],[23.7897822,61.6696979],[23.7896791,61.6700683],[23.7892374,61.670229],[23.7890313,61.6708508],[23.7878681,61.6708648],[23.7884717,61.6714168],[23.7881478,61.6721783],[23.7885012,61.6726884],[23.7874705,61.6730447],[23.7873969,61.6732333],[23.7880153,61.6737014],[23.7881184,61.6739948],[23.788619,61.673911],[23.7889429,61.6740647],[23.7899883,61.6740298],[23.7897675,61.6742813],[23.7902828,61.6741416],[23.7911073,61.6741835],[23.7910926,61.6743162],[23.7904889,61.6743442],[23.7903711,61.6745258],[23.7900325,61.6745887],[23.7904153,61.6747633],[23.7909454,61.6748542],[23.7912399,61.6746655],[23.7913871,61.6747144],[23.7914165,61.6749589],[23.7920644,61.6745957],[23.7923147,61.6748472],[23.7926534,61.6747633],[23.7926534,61.6750148],[23.7931393,61.6750568],[23.7934632,61.6748681],[23.7931834,61.6746096],[23.7935368,61.6745607],[23.7940374,61.6746865],[23.7941847,61.6743931],[23.7948325,61.6742324],[23.7950387,61.6744629],[23.7954509,61.6743931],[23.7954951,61.6740787],[23.7972473,61.6737503],[23.7971736,61.6730866],[23.7976595,61.672898],[23.797262,61.6726604],[23.7972463,61.6722237],[23.7978013,61.6721076],[23.8001432,61.6728503],[23.8007328,61.6728371],[23.8009619,61.6724507],[23.8015033,61.6723977],[23.8015754,61.6721377],[23.8025164,61.6720116],[23.8036642,61.6723206],[23.8053072,61.6726373],[23.8059966,61.672934],[23.8062448,61.6728039],[23.8074458,61.6730071],[23.8070972,61.6733096],[23.8083193,61.6735556],[23.8075664,61.6740292],[23.8065902,61.6740576],[23.8063312,61.6743317],[23.8059527,61.6742088],[23.8054945,61.6743695],[23.8053352,61.6741899],[23.8049965,61.6743223],[23.8053152,61.6746815],[23.8066301,61.6745397],[23.8072875,61.6747098],[23.8084828,61.6743034],[23.8097777,61.6743601],[23.8099171,61.673982],[23.8104948,61.6741616],[23.8116503,61.674067],[23.8131245,61.6744073],[23.8149971,61.6743223],[23.8176666,61.6735377],[23.8184635,61.6734999],[23.8195592,61.6731218],[23.8196258,61.6729559],[23.8207892,61.6726773],[23.8226488,61.6729468],[23.8240917,61.6729236],[23.8262442,61.6724997],[23.8274003,61.6724244],[23.8279456,61.6728617],[23.8284583,61.6728566],[23.8285667,61.6730329],[23.8282419,61.6733738],[23.8270225,61.6735601],[23.8266942,61.6740336],[23.8258739,61.67412],[23.824329,61.6745612],[23.8211875,61.6743561],[23.8191994,61.6753899],[23.8174657,61.6756759],[23.8161003,61.6756082],[23.8152289,61.6758914],[23.8148547,61.6764224],[23.8135889,61.6770689],[23.8140751,61.679565],[23.8130267,61.6787191],[23.8127877,61.6777291],[23.8121023,61.6769433],[23.8102421,61.6771149],[23.8077256,61.6777606],[23.8031353,61.6793063],[23.8022619,61.6794462],[23.8023484,61.6804561],[23.801055,61.6800981],[23.8006894,61.6805223],[23.7996425,61.6804228],[23.7996542,61.6810417],[23.8002832,61.6813335],[23.8004156,61.6818124],[23.8018095,61.681391],[23.8019346,61.6811667],[23.8026336,61.6811912],[23.8027839,61.6814934],[23.8021646,61.681963],[23.8026573,61.6822391],[23.8045138,61.6822432],[23.8045312,61.6823971],[23.8032771,61.6826828],[23.8024459,61.6831773],[23.8007415,61.6836383],[23.7997977,61.6836183],[23.7976142,61.6844268],[23.7946701,61.6852553],[23.7929938,61.6855894],[23.7924444,61.6858967],[23.7923881,61.6860972],[23.7931487,61.686625],[23.7929938,61.6870125],[23.7921627,61.6872597],[23.7922331,61.6875604],[23.7931065,61.6875403],[23.7934305,61.6872931],[23.7943602,61.6871862],[23.7970226,61.6872664],[23.7977551,61.6876071],[23.7999949,61.6873399],[23.8004879,61.6870793],[23.8010232,61.6870793],[23.8013894,61.6874],[23.80246,61.6871595],[23.8034179,61.687253],[23.8044463,61.6868789],[23.8054464,61.6856495],[23.8055028,61.6848277],[23.8061367,61.6847742],[23.806672,61.6844335],[23.8079257,61.6846072],[23.8082778,61.684968],[23.807489,61.6854558],[23.8071017,61.6855259],[23.806686,61.6856094],[23.8066582,61.6857963],[23.8070494,61.6859385],[23.8074547,61.6859665],[23.807834,61.6856797],[23.8080457,61.6857194],[23.8081088,61.6858834],[23.807874,61.686037],[23.8077241,61.6863383],[23.8074386,61.6863703],[23.8073488,61.6864677],[23.807609,61.6865349],[23.8079825,61.6865753],[23.8083737,61.6867166],[23.8085668,61.6868847],[23.8083906,61.6872001],[23.8083844,61.6876699],[23.8085839,61.687827],[23.808486,61.6880343],[23.8086019,61.6881604],[23.808607,61.6884998],[23.8088155,61.6886012],[23.8087937,61.6887034],[23.8090189,61.6889412],[23.809427,61.6889939],[23.8096273,61.6891698],[23.8102877,61.6894196],[23.8106035,61.689456],[23.8111313,61.6893988],[23.8124635,61.6891369],[23.813732,61.6891302],[23.8146622,61.6891624],[23.8146817,61.6892619],[23.8146092,61.689405],[23.8137901,61.6895078],[23.8136858,61.689567],[23.8128119,61.6895913],[23.8124541,61.6897558],[23.8124148,61.6898967],[23.8125898,61.6900119],[23.8131668,61.6900748],[23.8136377,61.6900268],[23.8140556,61.689978],[23.8144744,61.6901308],[23.814518,61.6903709],[23.8141537,61.6905245],[23.8141645,61.6906278],[23.8136341,61.6908545],[23.8130478,61.6908136],[23.8125748,61.6909372],[23.8122092,61.690936],[23.8117858,61.6910227],[23.8117658,61.6910859],[23.8114852,61.691199],[23.809942,61.6911686],[23.8095951,61.6912892],[23.8090939,61.6912882],[23.8086068,61.6914079],[23.808665,61.6916503],[23.8089601,61.6918251],[23.8093359,61.6920875],[23.8097542,61.6921116],[23.8098844,61.6920463],[23.8109774,61.6920717],[23.8112663,61.6920216],[23.8118807,61.6920925],[23.8124286,61.6920238],[23.8129624,61.6921029],[23.8137825,61.692105],[23.8139019,61.6920634],[23.8141569,61.6922905],[23.8137113,61.6924164],[23.8133789,61.6926028],[23.816558,61.6929192],[23.8187186,61.6926584],[23.8199364,61.6922672],[23.8201721,61.6917828],[23.8206042,61.6915779],[23.8211541,61.6916897],[23.8216648,61.691373],[23.8215383,61.6911841],[23.8211877,61.6910129],[23.8218275,61.6905568],[23.8223944,61.6905605],[23.8225655,61.6907967],[23.8229033,61.6910078],[23.8233523,61.6911444],[23.8235301,61.6913278],[23.8235381,61.6913627],[23.8234434,61.6913689],[23.8234126,61.6914254],[23.8233742,61.6914669],[23.823502,61.6914986],[23.8235785,61.6915681],[23.8234996,61.6916698],[23.8234845,61.6916893],[23.823437,61.6917506],[23.8234149,61.69177],[23.8231908,61.691961],[23.8231673,61.6919817],[23.8230973,61.6920434],[23.822805,61.692301],[23.8227659,61.6925536],[23.8227642,61.6925657],[23.8227628,61.6925754],[23.8228031,61.6926049],[23.8228225,61.6926145],[23.8228383,61.6926224],[23.8230252,61.692721],[23.8232128,61.6927447],[23.823627,61.6927504],[23.8239189,61.6928335],[23.8241584,61.6929268],[23.8241794,61.6930656],[23.8244041,61.6930983],[23.8246516,61.6930364],[23.8252907,61.6930812],[23.8254162,61.6930657],[23.8255971,61.6932049],[23.8256345,61.6932535],[23.8255979,61.6933664],[23.8254015,61.6936769],[23.8250326,61.6937581],[23.8247992,61.6937808],[23.8242029,61.6937356],[23.8241103,61.693772],[23.824141,61.6938258],[23.8242701,61.6938254],[23.8242694,61.6938831],[23.8234453,61.6942207],[23.8232282,61.6943676],[23.823046,61.6943992],[23.8228638,61.6945734],[23.822828,61.6947053],[23.8229205,61.6948047],[23.8237314,61.6951074],[23.8229144,61.6958154],[23.8227736,61.6973115],[23.8222664,61.6977924],[23.8205479,61.6979661],[23.8170544,61.6988744],[23.8172234,61.6984603],[23.8182376,61.697926],[23.8208578,61.6968574],[23.8204915,61.6963364],[23.8209621,61.6954438],[23.8213367,61.6947334],[23.8211677,61.6942257],[23.8202544,61.6939526],[23.8193364,61.693678],[23.8147723,61.6937047],[23.8139271,61.6942792],[23.8107999,61.6945864],[23.8084897,61.6943326],[23.8061231,61.6947601],[23.8054469,61.6953078],[23.8060104,61.6954948],[23.8054794,61.6955709],[23.8050586,61.6956784],[23.8048087,61.6960479],[23.8047163,61.6961846],[23.8042085,61.6964659],[23.803729,61.696431],[23.8032494,61.696323],[23.8026014,61.6964433],[23.8031649,61.6964833],[23.8034604,61.6964772],[23.8036676,61.6966279],[23.8042586,61.6966575],[23.8041389,61.6967899],[23.8021825,61.6971674],[23.8017415,61.6971449],[23.8013888,61.6971538],[23.8009922,61.6972239],[23.800753,61.6976561],[23.8003373,61.6980517],[23.7999586,61.698137],[23.7995357,61.6983374],[23.7994842,61.6985813],[23.798962,61.6988284],[23.7985787,61.6994259],[23.7985791,61.6996235],[23.7984251,61.6998106],[23.7985935,61.6997878],[23.7987619,61.6999533],[23.7986575,61.700211],[23.7981449,61.7005898],[23.7976322,61.7008431],[23.7972487,61.7009261],[23.796933,61.700932],[23.7968512,61.7009828],[23.7967285,61.7010142],[23.7965568,61.7010266],[23.7962545,61.7010823],[23.7959864,61.7012017],[23.7959411,61.7013054],[23.7961992,61.7013604],[23.7962046,61.701507],[23.7961456,61.7016239],[23.7959766,61.7017257],[23.7958693,61.7017714],[23.7954799,61.7019252],[23.7951068,61.702145],[23.7951339,61.702218],[23.7953125,61.7022427],[23.7956142,61.7022207],[23.7956534,61.7023173],[23.7955205,61.7023439],[23.7953694,61.7024458],[23.7954316,61.7025048],[23.7956069,61.7025442],[23.7955691,61.7026497],[23.7957609,61.7026735],[23.7958707,61.7027751],[23.7961394,61.702885],[23.7965967,61.7029599],[23.7968931,61.7029492],[23.7971321,61.7030123],[23.797408,61.7030502],[23.7976182,61.7031426],[23.7976661,61.703368],[23.7977557,61.703436],[23.7977304,61.7035041],[23.797777,61.7037801],[23.7978887,61.7038443],[23.7978939,61.7039163],[23.7979862,61.7039321],[23.7981236,61.7038721],[23.7991301,61.7038587],[23.7992472,61.7038834],[23.799274,61.7039509],[23.7992949,61.7040354],[23.7991564,61.7040566],[23.7989122,61.7042195],[23.7989571,61.7042956],[23.7988976,61.7043725],[23.7989283,61.7044222],[23.7988378,61.7044967],[23.7989825,61.7045363],[23.7991368,61.7044842],[23.7994387,61.7044981],[23.7996572,61.7044814],[23.7997541,61.7045216],[23.7997609,61.7045696],[23.7997514,61.7046198],[23.7996764,61.7046701],[23.7998063,61.7047339],[23.7998138,61.7049971],[23.7997274,61.7051578],[23.7997642,61.7052498],[23.7999485,61.7053418],[23.8001616,61.7053026],[23.8005634,61.7053082],[23.8008503,61.705376],[23.8014489,61.7053713],[23.8028755,61.7053308],[23.8032836,61.7052425],[23.8035327,61.7051478],[23.8036737,61.7049916],[23.8037327,61.7048471],[23.8037468,61.7046987],[23.8037702,61.7046187],[23.8039249,61.7045619],[23.8042237,61.704475],[23.8042227,61.7043827],[23.804659,61.7042962],[23.8048658,61.7044041],[23.8051399,61.7044332],[23.8052177,61.704391],[23.80523,61.704298],[23.8050988,61.7042517],[23.8050905,61.7041789],[23.8049756,61.7040956],[23.8050205,61.7040201],[23.8051475,61.7039523],[23.8050119,61.703914],[23.8048375,61.7039006],[23.8047123,61.703864],[23.8047813,61.7038067],[23.8045865,61.7036428],[23.804468,61.7035843],[23.8044152,61.7034908],[23.8043588,61.7034866],[23.8042642,61.7032209],[23.804276,61.7030104],[23.8044008,61.7029129],[23.8045911,61.7028271],[23.8046078,61.7027812],[23.8045588,61.7027352],[23.8044444,61.7026628],[23.8045109,61.7025956],[23.8047341,61.7025156],[23.8048771,61.7024062],[23.8050193,61.7024589],[23.8052272,61.7024377],[23.8053887,61.7024226],[23.805597,61.7023574],[23.8058988,61.7023554],[23.8066101,61.702021],[23.8068724,61.7019622],[23.8071183,61.7019733],[23.807229,61.7019087],[23.8074134,61.7018829],[23.8090816,61.7015001],[23.8101204,61.7026951],[23.8111532,61.7021798],[23.8131535,61.7015788],[23.8135479,61.701926],[23.8117167,61.7025805],[23.8114631,61.702901],[23.8121956,61.7035153],[23.8146467,61.7037023],[23.8154919,61.703502],[23.8155571,61.703521],[23.8158582,61.7036088],[23.8155482,61.704103],[23.8166188,61.7049577],[23.8178303,61.7046505],[23.8183374,61.70433],[23.8200278,61.7044769],[23.820873,61.7051179],[23.822338,61.7057189],[23.8234931,61.7054117],[23.824451,61.7055319],[23.8284235,61.7054251],[23.8293814,61.7056521],[23.8321705,61.7056521],[23.832255,61.7060661],[23.8312408,61.7063465],[23.8269021,61.7063064],[23.8227606,61.7066403],[23.8217746,61.7069341],[23.821352,61.7079489],[23.8195164,61.7086286],[23.819358,61.7089297],[23.8189996,61.7090194],[23.8188223,61.7090262],[23.8178722,61.7086285],[23.8157311,61.7091437],[23.8156715,61.7095834],[23.8145105,61.7103662],[23.8138408,61.7105358],[23.8127882,61.7108565],[23.81233,61.7106494],[23.8109203,61.7109822],[23.8105642,61.7113043],[23.8106439,61.711861],[23.8111298,61.7120073],[23.8107769,61.7126062],[23.8090288,61.712857],[23.8084592,61.7131959],[23.8086203,61.7136805],[23.808383,61.7138439],[23.807123,61.7136009],[23.8064623,61.7136636],[23.8045466,61.7140574],[23.8037295,61.7137237],[23.8027575,61.7135768],[23.8024195,61.7137036],[23.8024899,61.7140174],[23.8022082,61.714211],[23.8017151,61.7140774],[23.8005037,61.7143845],[23.800067,61.7146582],[23.7985597,61.7150454],[23.7983484,61.7154859],[23.7987569,61.7156127],[23.7981653,61.7164538],[23.797306,61.716961],[23.7967707,61.7183493],[23.7970384,61.7187097],[23.7978836,61.7188566],[23.7983062,61.7191035],[23.7980244,61.7194973],[23.7987851,61.7195707],[23.7991514,61.7194239],[23.7996444,61.7195106],[23.7995176,61.7197776],[23.7977286,61.7205985],[23.7979681,61.7207053],[23.7984048,61.7204984],[23.7988133,61.7206185],[23.7991654,61.7203582],[23.7996162,61.7205785],[23.7994331,61.7208655],[23.7987851,61.7210924],[23.7995599,61.7218331],[23.8011094,61.7217998],[23.8012503,61.7220801],[23.8016024,61.7220734],[23.8016729,61.7224204],[23.8011798,61.7224538],[23.8009544,61.722694],[23.8001797,61.7224671],[23.8000388,61.7223203],[23.799419,61.7224538],[23.7996021,61.7226073],[23.798581,61.7233269],[23.8004372,61.7235694],[23.8009302,61.7232824],[23.801057,61.722882],[23.801381,61.7226084],[23.8019304,61.722555],[23.8032263,61.7229888],[23.8033813,61.7232758],[23.8045223,61.7235227],[23.8050153,61.7234092],[23.8051562,61.7235961],[23.8055084,61.7235293],[23.805931,61.722902],[23.806579,61.7225951],[23.8076777,61.7214739],[23.808213,61.7212403],[23.8089314,61.7204728],[23.8099457,61.7199456],[23.8105937,61.7198789],[23.8110022,61.7194851],[23.8109036,61.7186842],[23.811622,61.718217],[23.8130025,61.7180501],[23.8149746,61.7184573],[23.815219,61.7190072],[23.8153127,61.7192181],[23.8142703,61.7203928],[23.8131293,61.7210001],[23.8117347,61.7215807],[23.8116924,61.7233759],[23.8124531,61.7236495],[23.8122277,61.7240899],[23.810819,61.7240899],[23.8095372,61.7242767],[23.8092695,61.7246638],[23.8094526,61.7253778],[23.8101711,61.7257581],[23.8095512,61.7261184],[23.8099738,61.7265321],[23.8103542,61.7266589],[23.8103542,61.7269192],[23.8095794,61.7271527],[23.8087906,61.727146],[23.8080017,61.7269792],[23.8080862,61.7266256],[23.8073396,61.7263386],[23.8047195,61.7266923],[23.8039166,61.7269792],[23.8033531,61.7273662],[23.8040997,61.7280001],[23.8045223,61.72794],[23.8046491,61.7280668],[23.8041701,61.7283537],[23.8030573,61.7283804],[23.8023952,61.7284938],[23.8017472,61.7283671],[23.8013528,61.7284538],[23.8016064,61.7286073],[23.8020994,61.7285872],[23.8020994,61.7288808],[23.8021698,61.729141],[23.8028037,61.7290076],[23.8032122,61.7290476],[23.803339,61.7292344],[23.8040574,61.7293145],[23.8043392,61.7295947],[23.806255,61.7295747],[23.8075551,61.7298003],[23.8089013,61.7303157],[23.8107891,61.7305192],[23.8126244,61.7310422],[23.8132015,61.7309182],[23.8137773,61.7303996],[23.8149989,61.7297571],[23.8183536,61.7288379],[23.81989,61.7276922],[23.8206751,61.7274889],[23.8210697,61.727763],[23.8224244,61.7278315],[23.8226744,61.7282801],[23.8236214,61.7282303],[23.8248578,61.7278066],[23.8258969,61.7272895],[23.8267255,61.7270465],[23.8271201,61.7267786],[23.8274621,61.7267226],[23.8275936,61.726492],[23.830119,61.7261058],[23.8309871,61.726274],[23.8313028,61.7266229],[23.8310792,61.727059],[23.8311844,61.7272148],[23.8310134,61.7274204],[23.8312239,61.7275886],[23.8316316,61.7276509],[23.83175,61.7274764],[23.8315133,61.7272023],[23.8318421,61.7270154],[23.8326313,61.7270465],[23.833381,61.7266976],[23.83467,61.7265668],[23.8350251,61.7259375],[23.8351304,61.7252335],[23.8371954,61.7246603],[23.8386422,61.7237443],[23.8395367,61.7236945],[23.8400628,61.7238004],[23.8407376,61.7247423],[23.8415723,61.7246856],[23.8434548,61.7238473],[23.8441644,61.7231954],[23.8445185,61.7233055],[23.84486,61.7230688],[23.8445215,61.7229579],[23.8446824,61.7224214],[23.8454654,61.7216393],[23.8461546,61.7204648],[23.8457989,61.7198022],[23.844553,61.7195646],[23.8445074,61.7190895],[23.8449481,61.7186792],[23.8456166,61.718564],[23.847136,61.7185496],[23.8474319,61.7184385],[23.8475614,61.7180097],[23.848154,61.7176425],[23.8482756,61.716937],[23.8488529,61.7162818],[23.8496582,61.7157707],[23.8507674,61.7154539],[23.8510409,61.7155547],[23.8509345,61.7164114],[23.8507978,61.7170018],[23.8503723,61.7174337],[23.849096,61.7180169],[23.8491264,61.7184416],[23.8498861,61.718456],[23.8527696,61.7178446],[23.8540991,61.7179027],[23.8544873,61.7176106],[23.8531423,61.7158458],[23.8525277,61.7151934],[23.8522243,61.71474],[23.8525822,61.7143455],[23.8533007,61.7143543],[23.8548304,61.7145372],[23.855795,61.7150865],[23.856853,61.7159159],[23.8578738,61.7161743],[23.858899,61.7162771],[23.8596847,61.7161813],[23.8605015,61.7162329],[23.8609372,61.7166162],[23.8607193,61.7171913],[23.8602526,61.7174419],[23.8601359,61.718087],[23.8604377,61.7182787],[23.8620186,61.717649],[23.8626073,61.717658],[23.8631961,61.717325],[23.8633101,61.7169111],[23.8642597,61.7161821],[23.8651523,61.7157772],[23.8668996,61.7157412],[23.8677163,61.7155702],[23.8695016,61.7146252],[23.8708311,61.7141122],[23.8721075,61.714371],[23.8738619,61.7143542],[23.8741006,61.7145785],[23.8748394,61.7147859],[23.875649,61.7147807],[23.8760463,61.7148532],[23.8773571,61.7148612],[23.8778889,61.7145732],[23.8788955,61.7143842],[23.8795302,61.7136811],[23.8804339,61.7128272],[23.8812475,61.711233],[23.8836436,61.710523],[23.8862013,61.7105636],[23.8890924,61.7105866],[23.8901003,61.7099777],[23.8916269,61.7098089],[23.8918362,61.7099064],[23.8920099,61.7099872],[23.8921893,61.7105278],[23.8917543,61.711306],[23.889773,61.7115896],[23.8896421,61.711602],[23.8896246,61.7116138],[23.8896038,61.7116278],[23.8894326,61.7118815],[23.8881225,61.7122128],[23.8872362,61.7121715],[23.8867969,61.7128136],[23.8864917,61.713086],[23.8865829,61.7133596],[23.8859856,61.7138711],[23.8848659,61.714022],[23.8825109,61.7150804],[23.8824045,61.7153324],[23.8812643,61.7161287],[23.8800494,61.7169091],[23.8794113,61.7171538],[23.8787592,61.7172437],[23.8777248,61.7170027],[23.8772269,61.7163233],[23.8766937,61.7159546],[23.8761402,61.715959],[23.8749527,61.7163696],[23.873121,61.7166715],[23.8714193,61.7168299],[23.8688667,61.7174058],[23.867879,61.7174346],[23.8664052,61.7179314],[23.8652809,61.7185433],[23.8639462,61.7186681],[23.863753,61.7188252],[23.8640654,61.719112],[23.8616346,61.7203674],[23.860286,61.7207419],[23.8605092,61.7210856],[23.8598768,61.7213984],[23.8587421,61.7215835],[23.8582771,61.7213544],[23.857719,61.7213323],[23.8572726,61.7217465],[23.8573284,61.7218214],[23.8581748,61.7216848],[23.858212,61.7218258],[23.8575795,61.7220373],[23.8569471,61.7223634],[23.8575051,61.7225793],[23.8591861,61.7224914],[23.8598437,61.7230273],[23.8601857,61.7234386],[23.8611327,61.723613],[23.8629479,61.723638],[23.8642369,61.723451],[23.8648682,61.7238124],[23.8629742,61.7248966],[23.8618956,61.7251832],[23.8622113,61.7255321],[23.861843,61.7265664],[23.8606903,61.7266757],[23.8613695,61.7269028],[23.8610012,61.7276255],[23.8602574,61.7276458],[23.8597935,61.7282493],[23.8580176,61.7285128],[23.8570523,61.7283488],[23.8568802,61.7285394],[23.8559452,61.7286273],[23.8568073,61.729254],[23.8559775,61.7300365],[23.8547589,61.7301958],[23.8543304,61.7305391],[23.8548729,61.7305864],[23.8556663,61.7309333],[23.8552757,61.7313321],[23.8539576,61.7316847],[23.8537745,61.7313321],[23.8534694,61.7313379],[23.8537745,61.7318292],[23.8531642,61.7315402],[23.8529079,61.7316269],[23.852554,61.7314072],[23.8514922,61.7315286],[23.8522001,61.7317945],[23.851956,61.7321413],[23.8512969,61.7325228],[23.8500886,61.7330662],[23.8494906,61.7330951],[23.8490878,61.7332858],[23.8490878,61.7336557],[23.8495394,61.7339389],[23.8496248,61.7345111],[23.8480382,61.7350949],[23.8473669,61.7349273],[23.8471228,61.7345921],[23.8467566,61.7346209],[23.8465858,61.7343435],[23.8463905,61.7343609],[23.8465736,61.7346556],[23.8458779,61.7349099],[23.8452798,61.7349042],[23.8445475,61.7346094],[23.8443645,61.7343551],[23.8430341,61.7340256],[23.8428022,61.7341875],[23.8419113,61.7343262],[23.8415451,61.7343031],[23.8397388,61.7350949],[23.8393238,61.7357538],[23.8389943,61.7357711],[23.8385671,61.7363317],[23.8389699,61.7364068],[23.8389333,61.7367016],[23.8385793,61.7366785],[23.8380179,61.7370079],[23.8374442,61.7369154],[23.8366631,61.7371293],[23.8359797,61.7380424],[23.8355281,61.7380019],[23.8354915,61.7374991],[23.8357233,61.7369039],[23.8365289,61.7358751],[23.8370537,61.7346787],[23.8364801,61.7341643],[23.8366143,61.7339389],[23.8373466,61.7337309],[23.837725,61.7331297],[23.8373832,61.7328696],[23.8373222,61.7325575],[23.8370537,61.7325402],[23.8369683,61.7329332],[23.8366753,61.7329679],[23.8366997,61.7331413],[23.8364923,61.7331818],[23.8363091,61.7331035],[23.8357133,61.7332042],[23.8353005,61.7334435],[23.834857,61.7333729],[23.8326661,61.7338038],[23.8320021,61.7343667],[23.8316571,61.7358623],[23.8312468,61.7360328],[23.8308757,61.7367628],[23.828799,61.7376558],[23.8282686,61.7382686],[23.82874,61.7388793],[23.8291504,61.7394778],[23.8290027,61.7402085],[23.8294295,61.7408109],[23.830628,61.7411141],[23.8313586,61.7408498],[23.8333862,61.7407565],[23.8348884,61.7402979],[23.8361161,61.7404434],[23.8372755,61.7401603],[23.8385448,61.740247],[23.8396363,61.7405882],[23.8398386,61.7406515],[23.8398386,61.7409462],[23.8383374,61.7412987],[23.837422,61.7418765],[23.8361279,61.7424277],[23.8348474,61.743341],[23.8347613,61.7437775],[23.8352332,61.7439084],[23.835042,61.7443496],[23.8337483,61.7449158],[23.8329062,61.7449273],[23.8308435,61.7445171],[23.8293179,61.744078],[23.8293064,61.7443553],[23.828978,61.7440366],[23.8279143,61.7436504],[23.8268769,61.7427144],[23.825478,61.742498],[23.825202,61.7422101],[23.8239624,61.7417826],[23.8236259,61.7412446],[23.8232891,61.7407112],[23.8225531,61.7407368],[23.8219071,61.7405431],[23.8207117,61.7406088],[23.8199237,61.7405194],[23.8195707,61.7403718],[23.8185199,61.7407954],[23.8179946,61.7411957],[23.8184707,61.7416721],[23.8178468,61.7423251],[23.8167666,61.7428177],[23.8147894,61.7432222],[23.811726,61.743072],[23.8110791,61.7431875],[23.8082232,61.7431702],[23.8059286,61.7435169],[23.803988,61.7433377],[23.8036448,61.7430477],[23.8038808,61.7428598],[23.8026684,61.7425372],[23.8014239,61.7425194],[23.8001633,61.7424077],[23.798393,61.7423671],[23.7974008,61.7419222],[23.7968058,61.7414798],[23.7964755,61.7410302],[23.7963927,61.7409175],[23.7965843,61.7406031],[23.7965746,61.7403748],[23.7964057,61.7403234],[23.7964511,61.7400228],[23.7957215,61.7394437],[23.7940854,61.7389891],[23.7933665,61.7384912],[23.7911403,61.7376454],[23.7876427,61.737338],[23.7867661,61.7370805],[23.7858527,61.7370121],[23.7850141,61.7368351],[23.784939,61.7369621],[23.7867727,61.7373155],[23.7875656,61.7376138],[23.7903865,61.7378812],[23.7926906,61.7389738],[23.7932646,61.7394717],[23.7928247,61.7398272],[23.792991,61.739972],[23.7943238,61.7401048],[23.7955981,61.7406654],[23.7959575,61.7411073],[23.7971538,61.7425779],[23.7971699,61.7430071],[23.7966496,61.743228],[23.7962633,61.7437182],[23.7949197,61.7442276],[23.7938579,61.7444876],[23.7934063,61.7443258],[23.7933331,61.744528],[23.7919661,61.7447418],[23.7916,61.7447187],[23.7913681,61.7448862],[23.7910019,61.7448805],[23.7910019,61.744632],[23.7900011,61.7444818],[23.7887196,61.7445338],[23.7880021,61.7448102],[23.7878358,61.7451733],[23.7884098,61.7460672],[23.7882596,61.7461256],[23.7882972,61.7462424],[23.7887387,61.7463871],[23.7887417,61.7464281],[23.7885067,61.7464686],[23.7872877,61.746964],[23.7867358,61.7469183],[23.7861998,61.7474591],[23.78612,61.7479021],[23.7857416,61.7483065],[23.7859735,61.7484452],[23.7865471,61.7483527],[23.7864617,61.7486243],[23.7871696,61.748526],[23.7871452,61.7490633],[23.7878897,61.7488496],[23.7885439,61.7488731],[23.7889624,61.7494368],[23.7871492,61.7506073],[23.7853038,61.7514782],[23.7839144,61.7516712],[23.7836569,61.7515544],[23.7830132,61.7515645],[23.7827879,61.7517753],[23.7832546,61.7519631],[23.7827148,61.7522752],[23.782348,61.7522805],[23.7815794,61.7526537],[23.7811303,61.7523414],[23.7815273,61.7519555],[23.7816185,61.7515823],[23.7813811,61.7514598],[23.7811652,61.7514058],[23.7809037,61.7514719],[23.7809654,61.7515544],[23.7807991,61.7516204],[23.780677,61.7515677],[23.7804651,61.7516559],[23.7798643,61.7521206],[23.7795478,61.7521231],[23.7794083,61.7520317],[23.7783998,61.7520469],[23.7775093,61.7523719],[23.7776166,61.7526055],[23.7764901,61.7527959],[23.776474,61.7529406],[23.7762871,61.7529896],[23.7757873,61.7527045],[23.7751329,61.7527934],[23.7751383,61.7530117],[23.7758195,61.7533494],[23.7756371,61.7535372],[23.7743443,61.7539257],[23.7735504,61.7538444],[23.7723863,61.753357],[23.771013,61.7535728],[23.7705946,61.7537429],[23.7707823,61.7539079],[23.7699348,61.7544588],[23.7682879,61.7548904],[23.7672472,61.755525],[23.7680304,61.7561292],[23.767838,61.7564937],[23.7683201,61.7566623],[23.7682879,61.7568603],[23.7685776,61.7569213],[23.7690979,61.7568527],[23.7689799,61.7573376],[23.7693136,61.7575195],[23.7696662,61.7574269],[23.7703845,61.7574948],[23.7706536,61.7578503],[23.7711257,61.7579671],[23.7711632,61.758193],[23.7709447,61.7583036],[23.7704471,61.7582654],[23.7702218,61.7584354],[23.7698302,61.7584456],[23.7695324,61.7585611],[23.7689692,61.7591005],[23.7685642,61.7591576],[23.7688968,61.7592465],[23.7689182,61.7593467],[23.7694895,61.759546],[23.7701815,61.7596564],[23.770313,61.7597871],[23.770844,61.7598493],[23.7715119,61.759551],[23.7717372,61.7593784],[23.7717748,61.7592388],[23.7722093,61.7590383],[23.7720805,61.758424],[23.7715173,61.7583453],[23.7713724,61.7582413],[23.7713402,61.7580052],[23.7715012,61.7578833],[23.7720001,61.7575787],[23.7715334,61.7566039],[23.7722522,61.756477],[23.7722898,61.756689],[23.772904,61.7568502],[23.773199,61.7567867],[23.7733734,61.7566027],[23.7731856,61.7563552],[23.7729174,61.7563044],[23.7732473,61.7559553],[23.7735531,61.7558563],[23.7735638,61.7556977],[23.7739018,61.7556279],[23.7738615,61.755506],[23.7750363,61.7552813],[23.7760341,61.7556901],[23.777461,61.7556215],[23.7794888,61.7549208],[23.7805414,61.7540501],[23.7813894,61.7538747],[23.7826002,61.7539561],[23.7832224,61.7537226],[23.7866878,61.7533265],[23.7897885,61.7539307],[23.7907755,61.7534788],[23.7934411,61.7527993],[23.7949169,61.7519251],[23.7943878,61.7513679],[23.7951931,61.7498202],[23.7955391,61.749645],[23.7963089,61.7496844],[23.7968105,61.7500272],[23.7968668,61.7503775],[23.796671,61.7503991],[23.796384,61.7502036],[23.7963062,61.7502557],[23.7966925,61.7506251],[23.7970009,61.7511964],[23.797245,61.7514097],[23.7972343,61.751788],[23.797296,61.7518461],[23.7973255,61.7524036],[23.7969285,61.7529266],[23.7969082,61.7529386],[23.797414,61.7530701],[23.7989107,61.7538495],[23.7989563,61.7543865],[23.7995142,61.7549881],[23.7994766,61.7551646],[23.7995732,61.7552445],[23.8000399,61.755327],[23.8007495,61.7561637],[23.80219,61.7563123],[23.8046462,61.7561025],[23.8048863,61.7562948],[23.8076011,61.7559452],[23.8086353,61.7562423],[23.8101312,61.7561287],[23.8109254,61.7562074],[23.8110362,61.7563909],[23.8089678,61.7573173],[23.8079812,61.7572056],[23.804299,61.7577001],[23.803786,61.7575639],[23.8032424,61.7575863],[23.8021105,61.7578478],[23.8002878,61.7591],[23.7984413,61.7594267],[23.7974437,61.7594758],[23.7966335,61.7598633],[23.7964591,61.7603506],[23.7963813,61.7609217],[23.7965262,61.7611019],[23.7964377,61.761423],[23.7965691,61.7615042],[23.7970224,61.7615321],[23.7969366,61.7617682],[23.7965423,61.761956],[23.7968668,61.762093],[23.797076,61.7620601],[23.7973134,61.7615594],[23.7979719,61.7613519],[23.7984949,61.7607491],[23.7994337,61.7604496],[23.7998575,61.7606044],[23.8001364,61.7605257],[23.8003081,61.7602186],[23.8015848,61.7602085],[23.8017136,61.7604267],[23.8019335,61.7604521],[23.8022608,61.7602795],[23.8026684,61.7604826],[23.8033712,61.7607161],[23.8040739,61.7607466],[23.8046855,61.7612973],[23.8046893,61.7618671],[23.8044644,61.7620136],[23.8041678,61.7625651],[23.8048035,61.7628659],[23.8054981,61.7636481],[23.805297,61.7641552],[23.8056097,61.7644191],[23.8053729,61.7650204],[23.8043062,61.7655552],[23.8043586,61.7660421],[23.8035452,61.7664936],[23.802992,61.7670601],[23.8038758,61.7674404],[23.8050186,61.7675954],[23.8066929,61.7673561],[23.8089174,61.7665283],[23.8098826,61.7664867],[23.8105224,61.7666293],[23.8117835,61.7662461],[23.8130582,61.7661801],[23.8143228,61.7657933],[23.8147826,61.7648023],[23.8154085,61.7645304],[23.8155107,61.7643129],[23.8162132,61.7641557],[23.8182231,61.7629505],[23.8215262,61.7610858],[23.8219449,61.7602232],[23.8231873,61.7593988],[23.8253331,61.7591855],[23.8272321,61.7587083],[23.8279939,61.7583885],[23.8287234,61.7583783],[23.8291906,61.7588979],[23.8282832,61.7592665],[23.8265447,61.7598193],[23.8258589,61.7601114],[23.8247698,61.7604674],[23.823933,61.7603912],[23.8233788,61.7605962],[23.8234985,61.7610156],[23.8230723,61.761261],[23.8194739,61.7633662],[23.8162515,61.7650803],[23.8145527,61.7665789],[23.8150508,61.7682224],[23.8141184,61.7687057],[23.8146293,61.7698416],[23.8152424,61.7698598],[23.8154723,61.7702585],[23.8151019,61.7711104],[23.8154468,61.7711829],[23.8159449,61.7716843],[23.8168774,61.7733699],[23.8158811,61.7744029],[23.8155538,61.7746299],[23.8150636,61.7749888],[23.8145667,61.7751373],[23.814438,61.7752819],[23.8147277,61.7755508],[23.8156235,61.7756143],[23.8160849,61.7756599],[23.8155162,61.7757208],[23.8146687,61.7756371],[23.8144004,61.7754139],[23.8138103,61.7752769],[23.8137138,61.7750739],[23.8134295,61.7751678],[23.8132203,61.7750917],[23.8134456,61.774909],[23.8132524,61.7748227],[23.8130325,61.7748811],[23.8122332,61.7747796],[23.8120574,61.7742454],[23.8109067,61.7734234],[23.8114414,61.7721684],[23.8113701,61.7714418],[23.8116153,61.7707198],[23.8101767,61.7701108],[23.8081581,61.7700871],[23.8068873,61.7705496],[23.806024,61.770691],[23.8053644,61.7712308],[23.8055759,61.7717519],[23.8049256,61.7726862],[23.8047633,61.7729199],[23.8044789,61.7729135],[23.8043958,61.7727207],[23.8041061,61.7727562],[23.804031,61.7729465],[23.8038728,61.7728971],[23.8037091,61.7729833],[23.8036528,61.7732345],[23.804174,61.7733582],[23.803972,61.7736151],[23.8040525,61.7738333],[23.8035056,61.7741698],[23.8029456,61.7754257],[23.8036682,61.7757417],[23.8037638,61.7772478],[23.8038669,61.7774606],[23.8039933,61.7776724],[23.8051595,61.7778002],[23.8050507,61.7780441],[23.8046962,61.7781738],[23.804303,61.7783124],[23.8038736,61.778294],[23.8035946,61.7781343],[23.8032617,61.7780236],[23.8029206,61.7778228],[23.8022458,61.7774449],[23.8019342,61.7770764],[23.8016131,61.7767203],[23.8010948,61.7764549],[23.8003926,61.7762089],[23.8002134,61.775569],[23.7998476,61.7754301],[23.7994766,61.7753098],[23.7992191,61.7748836],[23.7995839,61.7738942],[23.8001954,61.7736049],[23.8003993,61.7730721],[23.8015258,61.772042],[23.8025665,61.7718492],[23.8026202,61.7711895],[23.8031405,61.7706693],[23.8027543,61.7703369],[23.8024485,61.7703623],[23.8023037,61.7708672],[23.8005871,61.7704866],[23.8003886,61.7700553],[23.8004744,61.7696975],[23.8002545,61.7692966],[23.7999058,61.7692001],[23.7996005,61.769303],[23.7995776,61.7694725],[23.7991333,61.7697812],[23.7976313,61.7697711],[23.7974918,61.7695529],[23.7972289,61.7695554],[23.7963502,61.7700087],[23.7952075,61.7701327],[23.7941386,61.7700282],[23.7924777,61.7697315],[23.7926544,61.7695602],[23.7920713,61.7693345],[23.7916296,61.7694432],[23.790518,61.7691266],[23.7903356,61.7688855],[23.7901962,61.7680735],[23.7899977,61.7679136],[23.7902766,61.7677309],[23.7897885,61.7672361],[23.7885761,61.7665991],[23.788501,61.7658378],[23.7882221,61.765721],[23.7880129,61.7653734],[23.7875032,61.7653734],[23.786205,61.7651602],[23.7858725,61.7650384],[23.7858134,61.7648049],[23.7852716,61.7646805],[23.7844455,61.7642618],[23.7836301,61.7642135],[23.782686,61.7639775],[23.7823319,61.7635562],[23.782627,61.7630309],[23.7824929,61.7628608],[23.7818384,61.7626679],[23.7817794,61.7624598],[23.7813127,61.7624725],[23.7803417,61.7627466],[23.7802291,61.7630943],[23.7788182,61.7637491],[23.7787968,61.7640892],[23.7794727,61.7641628],[23.7794512,61.7642821],[23.7788401,61.7644042],[23.7782141,61.7647295],[23.778321,61.7649219],[23.778023,61.7654475],[23.7755479,61.7665098],[23.7750912,61.7668959],[23.7748778,61.7674062],[23.7713489,61.7684846],[23.7711043,61.7687641],[23.7714053,61.7690709],[23.7712265,61.7695578],[23.7706012,61.7697284],[23.7698022,61.7696587],[23.7692987,61.7699507],[23.7689326,61.7711567],[23.7699343,61.7715257],[23.7710546,61.7714497],[23.7725533,61.7716342],[23.7742585,61.7719271],[23.7763689,61.7718131],[23.7773209,61.7718873],[23.7783685,61.7721495],[23.7787508,61.7726197],[23.7786667,61.7730211],[23.7782729,61.7733123],[23.7781735,61.7740518],[23.7791561,61.774343],[23.7804446,61.77422],[23.7810678,61.7740754],[23.7818652,61.7737039],[23.7831688,61.7736328],[23.7834638,61.773818],[23.7849099,61.7735673],[23.7856901,61.7737166],[23.7857383,61.7738967],[23.7870794,61.7744269],[23.7876803,61.7742899],[23.7886566,61.7746147],[23.788678,61.7747999],[23.7884474,61.7748785],[23.7884259,61.7751982],[23.7887531,61.7751804],[23.7891743,61.7754456],[23.7894693,61.7754189],[23.7895337,61.7755115],[23.7893754,61.7755432],[23.7893459,61.7757056],[23.7896758,61.7757031],[23.7899038,61.7751373],[23.7900594,61.7750853],[23.7909204,61.775821],[23.7902931,61.7766752],[23.789822,61.776805],[23.7894708,61.7767386],[23.7895008,61.7768604],[23.7898641,61.7769087],[23.788496,61.7774541],[23.7873902,61.7771969],[23.7866342,61.777413],[23.7866071,61.777609],[23.7861676,61.7774183],[23.7852275,61.777904],[23.7853083,61.7786394],[23.785035,61.7787599],[23.7846812,61.7787517],[23.784309,61.7788879],[23.7843942,61.7790144],[23.7841273,61.779118],[23.7840841,61.7794408],[23.784231,61.7796287],[23.7848791,61.7796859],[23.7852593,61.7795633],[23.7854494,61.7796696],[23.785026,61.780021],[23.7854062,61.7801354],[23.7860283,61.7799352],[23.7865727,61.780213],[23.7861061,61.780593],[23.7853111,61.781639],[23.7857864,61.7821088],[23.7856308,61.782309],[23.7857259,61.7832161],[23.7866073,61.7838657],[23.7870653,61.7839065],[23.7874887,61.7836655],[23.7881022,61.7835388],[23.78856,61.7836554],[23.7890106,61.7836301],[23.7893164,61.7838203],[23.7890321,61.7840283],[23.7894291,61.784079],[23.7894612,61.784292],[23.7899168,61.7842211],[23.7900406,61.7836833],[23.7899494,61.7834069],[23.790539,61.7833305],[23.7919342,61.7839828],[23.7931195,61.7845147],[23.7934008,61.7849598],[23.7930294,61.7850414],[23.792163,61.7851265],[23.7921443,61.7853464],[23.7929994,61.7853677],[23.793142,61.7854138],[23.7929844,61.7856319],[23.7931157,61.7856744],[23.7937308,61.7854297],[23.7938546,61.7855166],[23.7932507,61.7860131],[23.7924443,61.7868483],[23.7925606,61.7868749],[23.7927856,61.7867791],[23.793322,61.7870575],[23.7934758,61.7871603],[23.793277,61.7873855],[23.7933182,61.7873926],[23.7939521,61.7872526],[23.7940309,61.7873022],[23.7938358,61.7876036],[23.7936408,61.7877348],[23.7936445,61.787866],[23.7937196,61.7878962],[23.7938396,61.7876994],[23.7940496,61.7876941],[23.7943272,61.7875469],[23.7945822,61.7875682],[23.794541,61.7879015],[23.7950736,61.7878997],[23.795985,61.787249],[23.7971407,61.7871461],[23.7977283,61.7875138],[23.7985406,61.7877099],[23.7996985,61.7876445],[23.8016881,61.7869636],[23.8023597,61.7869251],[23.8025044,61.7869377],[23.8026568,61.787097],[23.8030509,61.7872391],[23.8034485,61.7870292],[23.8037384,61.7870482],[23.8038912,61.7872377],[23.8052461,61.7873014],[23.8050041,61.7878978],[23.80573,61.7882572],[23.805367,61.7885514],[23.805056,61.788584],[23.8052871,61.7891859],[23.8069397,61.7892784],[23.8065843,61.7896994],[23.8067269,61.7900327],[23.8073688,61.7901991],[23.8081061,61.7898461],[23.8082718,61.7902604],[23.8098981,61.7902379],[23.8112219,61.7905908],[23.8113402,61.7911301],[23.8109782,61.7912826],[23.8105919,61.791326],[23.8106275,61.7914209],[23.811102,61.7914439],[23.8110045,61.7916221],[23.8105525,61.791552],[23.8099712,61.7920892],[23.8095894,61.7922514],[23.8091873,61.7925431],[23.8087747,61.7927718],[23.8085752,61.7930823],[23.8084738,61.7935577],[23.8075125,61.794012],[23.8077056,61.7942833],[23.8075769,61.794661],[23.8065255,61.7953481],[23.8060212,61.7952188],[23.8058817,61.7953202],[23.8062465,61.7955078],[23.8062509,61.7958067],[23.805972,61.7959665],[23.8054197,61.7960574],[23.8054705,61.7962002],[23.8060242,61.7963952],[23.8064247,61.7968559],[23.8073253,61.7971685],[23.807812,61.7972134],[23.8083884,61.7974752],[23.8087424,61.797932],[23.8103696,61.7983664],[23.8109816,61.7986685],[23.8117705,61.7986346],[23.8120454,61.7990074],[23.8118183,61.7996288],[23.8114358,61.7999338],[23.811376,61.8003122],[23.8110055,61.8004986],[23.8109935,61.8008714],[23.8118422,61.8008883],[23.8123203,61.8012385],[23.8133841,61.8013741],[23.8132765,61.8017299],[23.81342,61.8018203],[23.813145,61.8019332],[23.8131211,61.8021253],[23.8135754,61.8021479],[23.8138742,61.8014193],[23.8141371,61.8013232],[23.8145077,61.8013458],[23.8146033,61.8015774],[23.8153085,61.8017694],[23.8152129,61.8014757],[23.8149858,61.8014136],[23.8150336,61.8009448],[23.8153085,61.8006963],[23.8160496,61.8004647],[23.8168624,61.8006116],[23.8167309,61.8009109],[23.8171134,61.8009957],[23.817472,61.8008544],[23.8182489,61.8002896],[23.8188825,61.8002162],[23.8189422,61.8003066],[23.8184043,61.8004873],[23.8179325,61.800711],[23.8178425,61.8016621],[23.8176447,61.8017262],[23.8176721,61.8018709],[23.8181305,61.8020357],[23.8184152,61.801969],[23.8185761,61.8022074],[23.8176393,61.8028313],[23.8183207,61.8028313],[23.8189422,61.8026392],[23.8189518,61.8021502],[23.8191267,61.8020348],[23.8196148,61.8020067],[23.8196424,61.8021934],[23.8202112,61.8021201],[23.8207429,61.8024128],[23.8208905,61.80282],[23.8207232,61.8035655],[23.821052,61.8035613],[23.8211833,61.8034275],[23.8216059,61.8034563],[23.8218355,61.8034298],[23.8221815,61.8032548],[23.8224527,61.8031895],[23.8226357,61.8032887],[23.8227791,61.8048136],[23.8227137,61.805172],[23.8230182,61.8050451],[23.8234126,61.8052484],[23.8229704,61.8059205],[23.8234494,61.8065886],[23.8238446,61.8065647],[23.8244406,61.8063835],[23.8244579,61.806738],[23.8247349,61.8066637],[23.8247394,61.806824],[23.824353,61.8070709],[23.8239784,61.807157],[23.8238947,61.807256],[23.8242213,61.8073053],[23.824147,61.8074381],[23.824272,61.807503],[23.8244863,61.8074868],[23.8248449,61.8075909],[23.825127,61.8075815],[23.8252225,61.8077309],[23.8245452,61.8079793],[23.8242071,61.8084238],[23.8245266,61.8090069],[23.8240349,61.809971],[23.8246515,61.8112634],[23.8256405,61.8117094],[23.8250273,61.8127255],[23.8241583,61.8136757],[23.8239598,61.8141749],[23.8243568,61.8147982],[23.8241905,61.8152289],[23.8249254,61.8153176],[23.8235092,61.8167972],[23.8235092,61.8174737],[23.8243514,61.8176992],[23.8243139,61.817874],[23.8245124,61.8179399],[23.8247591,61.8179348],[23.8247055,61.8180792],[23.8236326,61.8191508],[23.8234395,61.8196119],[23.8231713,61.8198602],[23.8231766,61.8203263],[23.8234448,61.8206252],[23.8243031,61.8204479],[23.8247638,61.8202813],[23.8255906,61.8198171],[23.8259623,61.8191743],[23.8269639,61.8185808],[23.8289165,61.8183021],[23.8293993,61.8184491],[23.8320762,61.8169797],[23.8322532,61.8165692],[23.8317722,61.8159528],[23.8327982,61.8154644],[23.8334134,61.8151869],[23.8339046,61.8147814],[23.8347722,61.8147706],[23.8353001,61.8147575],[23.8354333,61.8145689],[23.835851,61.8141157],[23.8359612,61.8140745],[23.835649,61.814506],[23.8358097,61.8145906],[23.8361632,61.8145776],[23.8366118,61.81522],[23.8363436,61.815514],[23.8364455,61.8157319],[23.836703,61.8158345],[23.8369417,61.8157357],[23.837285,61.8160853],[23.8374674,61.8160853],[23.8377249,61.8160042],[23.8380146,61.8160714],[23.8383794,61.8160144],[23.8391277,61.8157851],[23.8390258,61.815557],[23.8391733,61.8155216],[23.8394281,61.8157141],[23.8399136,61.8155862],[23.8402489,61.8153062],[23.8402811,61.8151187],[23.8410965,61.8148248],[23.841303,61.8149527],[23.841024,61.8150478],[23.8411367,61.8151529],[23.8416758,61.8149806],[23.8434246,61.8145499],[23.8437009,61.8136897],[23.844122,61.8136339],[23.8442212,61.8135452],[23.8441968,61.8134289],[23.8444841,61.8135186],[23.845042,61.8135098],[23.8453102,61.8136225],[23.8455409,61.8135655],[23.8454926,61.8134147],[23.8448918,61.8132703],[23.8447899,61.8133641],[23.8443285,61.813326],[23.8442481,61.813212],[23.8441354,61.8131537],[23.8438618,61.813283],[23.8434005,61.8132526],[23.8434005,61.8131487],[23.8437384,61.8131842],[23.8439316,61.8130904],[23.8442051,61.8130423],[23.844468,61.8131816],[23.8445806,61.8131512],[23.8446182,61.8129865],[23.8457555,61.812761],[23.8459647,61.8127154],[23.8461256,61.8128193],[23.8459578,61.8128375],[23.8455409,61.8128826],[23.8450581,61.8130372],[23.8447684,61.8130625],[23.8447362,61.8131639],[23.8451144,61.8132222],[23.8454711,61.8129624],[23.8456267,61.8129548],[23.8452834,61.8132437],[23.845793,61.8133096],[23.845844,61.8134147],[23.8456669,61.813568],[23.8456723,61.813639],[23.8458413,61.8136732],[23.8461068,61.8135706],[23.8461632,61.8134667],[23.8463134,61.813473],[23.8463241,61.8135769],[23.8467157,61.8138835],[23.8470483,61.8138962],[23.847354,61.813772],[23.8474292,61.8138075],[23.8474184,61.8140203],[23.8469678,61.8141799],[23.8474565,61.8144211],[23.8471331,61.8152094],[23.8473387,61.8160185],[23.8480198,61.8173084],[23.8477068,61.8180769],[23.8471019,61.818064],[23.8465923,61.8179145],[23.8464796,61.8181552],[23.8474882,61.81871],[23.8466889,61.819432],[23.8453102,61.8202579],[23.8443017,61.8200755],[23.8431537,61.8210609],[23.8423759,61.8212661],[23.8418126,61.8214511],[23.8409597,61.8215423],[23.8410562,61.8217322],[23.8408363,61.8217272],[23.8407612,61.8215245],[23.8400906,61.8214739],[23.8397634,61.8213523],[23.8396722,61.8209571],[23.8389534,61.8212307],[23.8388461,61.8213523],[23.8389373,61.8214333],[23.837961,61.8217956],[23.8378966,61.8219552],[23.8368559,61.8227075],[23.8367057,61.8231786],[23.837344,61.8232242],[23.8374299,61.8233737],[23.8381433,61.8233737],[23.8381541,61.8236599],[23.8378537,61.8239791],[23.837328,61.82424],[23.8370222,61.8247491],[23.8377142,61.8248302],[23.8387288,61.8246762],[23.8393396,61.8247922],[23.839673,61.8252265],[23.8401451,61.8252892],[23.841539,61.8245997],[23.8441874,61.8235616],[23.84463,61.8225097],[23.8453677,61.8223146],[23.8469893,61.8222921],[23.8474613,61.8224947],[23.8489366,61.8218209],[23.8500202,61.8218336],[23.8506103,61.8221654],[23.8509858,61.8222718],[23.8523,61.8219602],[23.8528204,61.8220337],[23.8541025,61.8231736],[23.8543922,61.8232597],[23.8552818,61.8231924],[23.8557465,61.8223564],[23.8565948,61.8223355],[23.8574357,61.8224888],[23.8579816,61.8230775],[23.8593905,61.8232725],[23.860379,61.8231715],[23.8606667,61.8234118],[23.861397,61.8234084],[23.861692,61.8236487],[23.8622969,61.8237149],[23.8625625,61.824314],[23.8622748,61.8246658],[23.8612863,61.8250976],[23.8612642,61.8259927],[23.8614929,61.8263863],[23.8621863,61.8265082],[23.8614855,61.8272849],[23.8615002,61.8276575],[23.8632337,61.8271734],[23.8640156,61.8273162],[23.8643623,61.8276018],[23.8655205,61.8277794],[23.8654762,61.8279292],[23.8659631,61.8280197],[23.8661622,61.828166],[23.8667597,61.827856],[23.8669441,61.8272465],[23.8667597,61.8272082],[23.8669294,61.8267381],[23.8665974,61.8266406],[23.8675712,61.8255783],[23.8681539,61.8251638],[23.8690391,61.8243592],[23.8687883,61.8240667],[23.8688768,61.8235372],[23.8694448,61.8233666],[23.871016,61.8233596],[23.8726167,61.8232864],[23.8739888,61.8231541],[23.874542,61.822959],[23.8751954,61.821902],[23.8748628,61.8215879],[23.8748199,61.8210837],[23.8754582,61.8207544],[23.8769817,61.8204834],[23.8776362,61.8205391],[23.877942,61.8207139],[23.8791972,61.8209368],[23.8799638,61.8213881],[23.880458,61.8213288],[23.8805598,61.8215524],[23.879841,61.821902],[23.8793635,61.8224719],[23.8798034,61.822786],[23.879798,61.8229456],[23.8801039,61.8231297],[23.8805598,61.8231711],[23.8814342,61.8228342],[23.881638,61.8230064],[23.8821369,61.8227987],[23.8824695,61.8228848],[23.8822496,61.8230343],[23.8825071,61.8232065],[23.8827538,61.8230621],[23.8835317,61.8228519],[23.8837775,61.8219698],[23.884257,61.8215901],[23.8841242,61.8213428],[23.8836078,61.8209944],[23.8838512,61.8207506],[23.8836668,61.8205729],[23.8838439,61.8203988],[23.8836668,61.8198762],[23.8847438,61.8196254],[23.8859831,61.8192213],[23.8882256,61.8183574],[23.8896566,61.8179846],[23.8896271,61.8176989],[23.8893394,61.8175979],[23.8894943,61.8174411],[23.8899074,61.817375],[23.8900771,61.8176676],[23.8902615,61.8177164],[23.8907786,61.8173068],[23.8902674,61.8171442],[23.8905282,61.8168634],[23.8906326,61.8163953],[23.8913002,61.8158878],[23.89202,61.8161785],[23.893178,61.8158977],[23.8937517,61.8152424],[23.8935953,61.8136952],[23.893251,61.8130398],[23.8935222,61.8126998],[23.8934075,61.8119064],[23.892865,61.8115714],[23.8945237,61.8106104],[23.8956921,61.8104872],[23.8966727,61.810571],[23.8968211,61.810938],[23.8968501,61.8110096],[23.8965893,61.8112363],[23.8971109,61.81132],[23.8975008,61.8113522],[23.8972922,61.811559],[23.8974312,61.8122604],[23.8964401,61.8130586],[23.8962732,61.8134183],[23.8964401,61.8139801],[23.8975251,61.8141772],[23.8977754,61.8145369],[23.8990169,61.8145763],[23.8992464,61.8148966],[23.9002687,61.8148177],[23.9006443,61.8151873],[23.8991838,61.8162023],[23.8988186,61.8166654],[23.8995489,61.8168723],[23.8994341,61.817434],[23.8996532,61.8177345],[23.8992359,61.8183504],[23.8985787,61.8185869],[23.8975772,61.819454],[23.8967114,61.8197594],[23.89547,61.8206068],[23.8955117,61.8209565],[23.8942023,61.8219365],[23.8937382,61.822725],[23.8937069,61.8238481],[23.8943537,61.8242077],[23.8944476,61.824651],[23.8941138,61.8248825],[23.8945832,61.8251436],[23.8956609,61.8252215],[23.8955117,61.8262765],[23.8935604,61.8267617],[23.8923064,61.8266921],[23.8919671,61.8270508],[23.8913769,61.8273956],[23.8911335,61.827709],[23.8917531,61.82781],[23.8939514,61.8279737],[23.8944161,61.8278588],[23.8951759,61.8279389],[23.8962307,61.8278379],[23.8970126,61.8280573],[23.8968577,61.828611],[23.8979568,61.8288165],[23.8981117,61.8291195],[23.8994248,61.829405],[23.8998305,61.8295931],[23.899683,61.8297881],[23.8997715,61.8300841],[23.8994764,61.8303836],[23.8998379,61.8304602],[23.900487,61.8302338],[23.9009812,61.8304602],[23.9015123,61.8305159],[23.9021044,61.8307476],[23.9028623,61.830744],[23.9045534,61.8297979],[23.9050997,61.8292208],[23.9057457,61.8291196],[23.9061014,61.8288305],[23.9066621,61.8287051],[23.9067285,61.8284161],[23.907562,61.8282489],[23.9080857,61.8276847],[23.9097676,61.8275942],[23.9100036,61.8277578],[23.91097,61.8276917],[23.912401,61.8280782],[23.9125928,61.8284091],[23.9132862,61.8280957],[23.914223,61.8281792],[23.9139944,61.8285763],[23.9159803,61.8289507],[23.9250881,61.8278285],[23.9252063,61.8276203],[23.924995,61.8272302],[23.9265312,61.8255744],[23.9280721,61.8247184],[23.9280078,61.8241309],[23.9288436,61.8233939],[23.9303123,61.8232753],[23.9310426,61.8227039],[23.9319919,61.8223936],[23.9324613,61.8215561],[23.9352675,61.8208467],[23.9363733,61.8202654],[23.9376748,61.8197411],[23.9387691,61.8195942],[23.9396281,61.820359],[23.9397811,61.8203436],[23.941038,61.8202168],[23.9416659,61.8200198],[23.9434898,61.820111],[23.9439619,61.8204986],[23.9445788,61.820534],[23.9455924,61.8207824],[23.9464617,61.8211648],[23.9473093,61.8211268],[23.9474845,61.8213195],[23.9471231,61.82143],[23.9471656,61.8217663],[23.946751,61.8217362],[23.946092,61.8220875],[23.9454649,61.8226497],[23.9443459,61.8230189],[23.9436341,61.8231866],[23.942276,61.8228956],[23.941989,61.8227902],[23.9419677,61.8230111],[23.9412343,61.8234678],[23.9408516,61.8233925],[23.9404902,61.8234327],[23.9397036,61.8238091],[23.9397249,61.8242508],[23.9389596,61.8244516],[23.9390871,61.8247477],[23.9381186,61.8252873],[23.9389139,61.8256179],[23.9381683,61.8260864],[23.9378786,61.8269349],[23.9370578,61.8274339],[23.9358455,61.8274389],[23.9355719,61.8275909],[23.9351642,61.8275428],[23.9351642,61.8273275],[23.9344851,61.8272404],[23.9332759,61.8272186],[23.9324874,61.8274035],[23.9322352,61.827558],[23.9314628,61.8276922],[23.9309746,61.8275478],[23.9305001,61.8277724],[23.9305418,61.8279891],[23.931053,61.8279694],[23.931098,61.8282899],[23.9309531,61.82849],[23.931157,61.8285913],[23.9311355,61.8287103],[23.930406,61.8288648],[23.9299983,61.8292624],[23.9302397,61.8295587],[23.9300251,61.8298474],[23.9290971,61.8301108],[23.9277828,61.830673],[23.9274877,61.8311238],[23.9267904,61.8315442],[23.9255726,61.831881],[23.9250064,61.8316719],[23.9247841,61.8315897],[23.9252006,61.8312297],[23.9251589,61.8305698],[23.9247625,61.8302841],[23.9242101,61.8301589],[23.9230889,61.8302273],[23.9226383,61.8299563],[23.9217344,61.8300665],[23.9212704,61.8304717],[23.9204416,61.8306781],[23.920235,61.8313528],[23.9194317,61.8317763],[23.9170754,61.8320532],[23.9161259,61.8324545],[23.9151754,61.8325494],[23.9142323,61.8327356],[23.9138246,61.8325191],[23.9125049,61.8331471],[23.9121133,61.833099],[23.9106688,61.8336033],[23.9097403,61.8342385],[23.9073023,61.8349172],[23.9067546,61.8356709],[23.9071016,61.8373346],[23.9072262,61.8379314],[23.9079162,61.8384371],[23.9078445,61.8385017],[23.9064647,61.8389703],[23.904566,61.8402651],[23.9035958,61.8404472],[23.9030534,61.8412793],[23.9041905,61.8414909],[23.9048445,61.8414669],[23.9055204,61.8413302],[23.9058316,61.8409049],[23.9063841,61.8409074],[23.9066738,61.8410846],[23.9072585,61.8410188],[23.9065236,61.8415276],[23.9061266,61.8420035],[23.9058155,61.8428085],[23.9060408,61.8433326],[23.9065826,61.8436439],[23.9062715,61.8437224],[23.9060086,61.8439654],[23.9059925,61.8442793],[23.9056224,61.8444868],[23.9057243,61.8448665],[23.9059657,61.844983],[23.9058798,61.8453449],[23.9056116,61.8454183],[23.9057296,61.8455069],[23.9060569,61.8454057],[23.9065665,61.8455044],[23.9067542,61.846284],[23.9064002,61.846484],[23.9068589,61.8468105],[23.9071539,61.8468636],[23.9071459,61.8469282],[23.9069393,61.8469155],[23.9068294,61.8470307],[23.9068615,61.8471876],[23.9073658,61.8473028],[23.9074704,61.8471332],[23.9073577,61.8469408],[23.9075857,61.8466751],[23.9080363,61.8465029],[23.9083931,61.8465523],[23.9089751,61.8464549],[23.910225,61.8469598],[23.9109157,61.8471443],[23.9105764,61.8480214],[23.9108567,61.8486235],[23.9112698,61.8491037],[23.9117324,61.8489315],[23.9125164,61.8489506],[23.9130851,61.8492419],[23.9125907,61.8500805],[23.9119202,61.8507486],[23.9109546,61.8508979],[23.9098871,61.8514724],[23.9098753,61.8517231],[23.9099352,61.8518786],[23.9096591,61.8520464],[23.909729,61.8521724],[23.9093161,61.8522478],[23.9092626,61.8524194],[23.9094437,61.852602],[23.9096999,61.8526289],[23.9096362,61.8527814],[23.9095348,61.85283],[23.9094744,61.8529792],[23.9092085,61.8529891],[23.9092129,61.8531121],[23.9090375,61.8530895],[23.9089978,61.8532191],[23.9091205,61.8533913],[23.9096531,61.8536472],[23.9092135,61.8539583],[23.9086801,61.8538411],[23.9080823,61.8536905],[23.907813,61.8536267],[23.907482,61.8535483],[23.907329,61.853512],[23.9068723,61.8533906],[23.906883,61.8529351],[23.9067328,61.8529149],[23.9066577,61.8533147],[23.9069956,61.8541346],[23.9070144,61.8551088],[23.9068776,61.8551379],[23.9068481,61.8553821],[23.9066818,61.8553846],[23.9067221,61.8551329],[23.9066067,61.8550974],[23.9066473,61.8545604],[23.9066021,61.8541373],[23.9064655,61.8539164],[23.9064361,61.8537892],[23.9063813,61.8536288],[23.9063237,61.8534791],[23.9062328,61.8533777],[23.9060561,61.8532434],[23.9055955,61.8532641],[23.9054829,61.8533982],[23.9051638,61.8533198],[23.9047211,61.8532109],[23.9050054,61.8528946],[23.9036592,61.852409],[23.9036116,61.8521664],[23.9040092,61.8520452],[23.9038382,61.851794],[23.9037848,61.8516509],[23.9039459,61.851571],[23.9036027,61.851481],[23.9036887,61.851391],[23.9043312,61.8512157],[23.9047617,61.8511113],[23.9051198,61.8509025],[23.9052557,61.8504479],[23.9048015,61.8501121],[23.9043197,61.8498215],[23.9043443,61.8496698],[23.9040846,61.8493828],[23.9035929,61.849254],[23.9028544,61.8492744],[23.9026828,61.8493593],[23.9021732,61.8493719],[23.9019854,61.8492033],[23.902023,61.8488937],[23.9019157,61.848741],[23.9018358,61.8483882],[23.901756,61.8480152],[23.9022281,61.8480848],[23.9025822,61.8479659],[23.902656,61.8477833],[23.9024347,61.8476324],[23.9019005,61.8473786],[23.9012934,61.847146],[23.9013944,61.8467616],[23.901077,61.8463949],[23.9012102,61.8462889],[23.9008253,61.8460152],[23.9002305,61.8458581],[23.9001963,61.8457377],[23.9004196,61.8455722],[23.90038,61.8454611],[23.8999703,61.8453308],[23.899692,61.8452219],[23.8997215,61.8448277],[23.8994962,61.8445714],[23.8991227,61.8445099],[23.8987813,61.8445901],[23.8983783,61.8445804],[23.8978867,61.8446745],[23.8977874,61.8445277],[23.8976561,61.8444856],[23.8971225,61.8445499],[23.8966561,61.8447037],[23.89623,61.8447726],[23.8958923,61.8447341],[23.8957596,61.8446755],[23.8956644,61.8445892],[23.8953281,61.8448098],[23.8950615,61.8450331],[23.8947225,61.8453183],[23.8947456,61.8454782],[23.8944006,61.8454203],[23.8941629,61.8454207],[23.8938939,61.8455137],[23.8934722,61.845581],[23.8930853,61.8461595],[23.8927577,61.8464945],[23.8931169,61.8469101],[23.8930551,61.847275],[23.892709,61.847758],[23.8928189,61.8480713],[23.8927295,61.8483814],[23.8923168,61.8489534],[23.8923625,61.8490375],[23.8922687,61.8492355],[23.8923225,61.8494771],[23.8923014,61.8500021],[23.8919901,61.8503732],[23.8917376,61.8504458],[23.8917962,61.8505995],[23.8916077,61.8506891],[23.8911823,61.8511771],[23.8909296,61.8514243],[23.8903245,61.8514881],[23.8899039,61.8515125],[23.8896443,61.8514697],[23.8892274,61.8514812],[23.8888988,61.8515926],[23.8886574,61.8515015],[23.8885152,61.8513016],[23.8884723,61.8511244],[23.8881826,61.8512219],[23.8877428,61.8510991],[23.8875523,61.8508916],[23.8872036,61.8508473],[23.8866296,61.8504563],[23.8867235,61.8502311],[23.8867128,61.8500678],[23.8866323,61.8500678],[23.886525,61.8502007],[23.8857204,61.8503209],[23.8855353,61.8502716],[23.8855889,61.8499691],[23.8851023,61.8499815],[23.8831898,61.8504787],[23.881356,61.8510124],[23.8808414,61.8516938],[23.8806054,61.8518166],[23.8800582,61.8517938],[23.8798624,61.8520165],[23.8801923,61.852014],[23.8804284,61.8521354],[23.8806242,61.8520722],[23.8806885,61.8519583],[23.8809541,61.8519849],[23.881461,61.8522164],[23.8836443,61.8523101],[23.884154,61.8522443],[23.8846582,61.8523809],[23.8852126,61.8523751],[23.8853931,61.8526896],[23.8862784,61.8528379],[23.886265,61.8533496],[23.885789,61.853979],[23.8841123,61.8555547],[23.8836149,61.8557786],[23.883323,61.8558863],[23.8828969,61.8559211],[23.8820781,61.8558675],[23.8817025,61.8556233],[23.8815408,61.8554202],[23.8810829,61.8549448],[23.8807295,61.8547936],[23.8799363,61.8547522],[23.8792034,61.8550022],[23.8770158,61.8565674],[23.8759375,61.8572784],[23.8756157,61.8575572],[23.8747767,61.8579841],[23.8743368,61.8580946],[23.8734293,61.8585943],[23.8726298,61.8591261],[23.8719507,61.8592152],[23.8715789,61.8591573],[23.871499,61.8590447],[23.8714545,61.8589549],[23.8712549,61.8590055],[23.8708778,61.8592033],[23.8696901,61.85943],[23.8690528,61.8597149],[23.8677568,61.8601326],[23.864587,61.8623238],[23.8639282,61.8627035],[23.8631241,61.8630587],[23.8621545,61.8637515],[23.8619024,61.864432],[23.8616019,61.8647254],[23.8610065,61.8650947],[23.8599122,61.8657119],[23.8593221,61.8659624],[23.858555,61.8664],[23.858335,61.8666251],[23.8579756,61.8668097],[23.8576215,61.8668047],[23.8573265,61.8668401],[23.8572012,61.866824],[23.8570315,61.8666833],[23.8566989,61.8668578],[23.8562375,61.8669109],[23.8557869,61.8668856],[23.8555616,61.8668831],[23.8543814,61.8673662],[23.8535017,61.8676824],[23.8527828,61.8681503],[23.8518548,61.868727],[23.8505459,61.8697362],[23.8497573,61.8701206],[23.8487791,61.8710605],[23.8474482,61.8724125],[23.8471585,61.872651],[23.8466897,61.8727769],[23.8463227,61.8728022],[23.845892,61.8727567],[23.8456999,61.8726705],[23.8457434,61.8725433],[23.8457906,61.8723839],[23.8457214,61.8723114],[23.8455712,61.8723513],[23.8454322,61.8725132],[23.845282,61.8727415],[23.8450025,61.8729355],[23.8445401,61.8732208],[23.8443513,61.8734734],[23.8438412,61.8737898],[23.8432554,61.8738391],[23.8426551,61.8738694],[23.8418027,61.8737207],[23.8410114,61.8735298],[23.8408108,61.8734304],[23.8407877,61.8733085],[23.8399874,61.8730602],[23.8394895,61.8727893],[23.8391215,61.872479],[23.8393307,61.8719563],[23.8405211,61.8694277],[23.8408618,61.8688912],[23.8410382,61.8683881],[23.8411606,61.8681349],[23.8411772,61.8680082],[23.8411922,61.8678696],[23.8412877,61.8677692],[23.8410924,61.8676182],[23.8412088,61.8673511],[23.8414899,61.8672229],[23.8417463,61.8671073],[23.8419652,61.8669901],[23.8419202,61.8668338],[23.8417227,61.8667931],[23.8416943,61.8667013],[23.8419872,61.8665407],[23.8424402,61.866448],[23.8429123,61.8660661],[23.8433629,61.8656538],[23.8436902,61.8653882],[23.843894,61.8651175],[23.8440106,61.8648233],[23.8441654,61.864726],[23.8443133,61.8645963],[23.8443339,61.8644779],[23.8444577,61.8644244],[23.8442995,61.8643125],[23.8443392,61.8642422],[23.8445914,61.8641891],[23.8451225,61.8642018],[23.8455141,61.8642094],[23.8455355,61.8641486],[23.8452887,61.8641259],[23.8450259,61.8641284],[23.8446504,61.8641132],[23.8442651,61.8640838],[23.8439919,61.8641264],[23.8437151,61.8641965],[23.8435531,61.8642496],[23.8434569,61.8641795],[23.8434638,61.863993],[23.8435463,61.8639232],[23.8437934,61.8638661],[23.8438283,61.8637675],[23.8437045,61.8636037],[23.8439453,61.8634497],[23.843849,61.863367],[23.8434741,61.8633264],[23.8432511,61.8633627],[23.842745,61.8634156],[23.8425559,61.8633313],[23.8425559,61.8632388],[23.8426384,61.8631448],[23.8427347,61.8629793],[23.8428516,61.862882],[23.8427244,61.8627896],[23.8426693,61.8626744],[23.8426831,61.8626112],[23.8423495,61.8625739],[23.8423667,61.8625285],[23.8423633,61.8624928],[23.8420709,61.8624993],[23.8418027,61.8624668],[23.8415482,61.8624117],[23.8410702,61.8622625],[23.8407916,61.862196],[23.8406059,61.8622138],[23.8406747,61.8623825],[23.8404423,61.8624156],[23.8403103,61.8624206],[23.8402413,61.8624831],[23.8400571,61.862532],[23.8399077,61.8625398],[23.8397392,61.862522],[23.8396842,61.8624555],[23.8395535,61.8624766],[23.8395019,61.8625512],[23.8393678,61.8625447],[23.8392405,61.8624247],[23.8393299,61.862342],[23.8391649,61.8623566],[23.8389998,61.8622446],[23.838986,61.8621246],[23.8388382,61.8620322],[23.8388038,61.8619024],[23.8386284,61.8618294],[23.8383072,61.8618785],[23.8380009,61.8619554],[23.8377381,61.862066],[23.8375192,61.8620632],[23.8372671,61.8621196],[23.8371771,61.8622398],[23.8370017,61.8622755],[23.8365906,61.8623561],[23.8363202,61.8624363],[23.8361831,61.8624506],[23.8360182,61.8624796],[23.8358186,61.8624668],[23.8355091,61.8623825],[23.8353715,61.8623857],[23.8354816,61.8624717],[23.8356982,61.862535],[23.8355056,61.8626907],[23.8350457,61.8628269],[23.8349003,61.8629664],[23.8348556,61.8631253],[23.8350654,61.8633443],[23.8352202,61.8635762],[23.834921,61.8636962],[23.8346458,61.8636459],[23.8342916,61.8635259],[23.8338617,61.863521],[23.8337173,61.863581],[23.833535,61.8635924],[23.8333734,61.8635259],[23.8331437,61.8635871],[23.832913,61.8636478],[23.8326292,61.8638529],[23.83271,61.8639081],[23.8331062,61.863754],[23.8334334,61.8638678],[23.8337821,61.8639286],[23.8342166,61.8638805],[23.8347638,61.8639766],[23.8349086,61.8642751],[23.8348335,61.8645837],[23.8342887,61.8648039],[23.8342091,61.8649741],[23.8341506,61.8651736],[23.8336313,61.8654866],[23.8329847,61.8657574],[23.8325802,61.8659556],[23.8324586,61.8660315],[23.8323313,61.8659747],[23.8325377,61.8658417],[23.8327165,61.865639],[23.8325858,61.8656115],[23.8325308,61.8657217],[23.8324035,61.8657834],[23.8319461,61.8657801],[23.8312583,61.8659909],[23.8313168,61.8660315],[23.8309488,61.8662455],[23.8305829,61.8663816],[23.8302916,61.8664676],[23.8299705,61.8666589],[23.8298045,61.8667449],[23.8298035,61.8669007],[23.8296213,61.8669185],[23.8295215,61.8668926],[23.8295112,61.8668034],[23.8293702,61.8667337],[23.8293874,61.8666234],[23.8292223,61.8665974],[23.8290057,61.8666688],[23.8287065,61.8666412],[23.828335,61.8666055],[23.8282215,61.8666315],[23.8280668,61.8666493],[23.8279017,61.8665747],[23.8277526,61.8666049],[23.8275715,61.8666704],[23.8274959,61.8667369],[23.8274578,61.8667791],[23.8274213,61.8668184],[23.8273446,61.8668196],[23.8272999,61.866732],[23.8271245,61.8666574],[23.8269664,61.8666358],[23.8269766,61.8665828],[23.8269972,61.8664839],[23.8270316,61.8663899],[23.8268837,61.8664207],[23.8267874,61.8665293],[23.8268562,61.8665731],[23.8268356,61.8667012],[23.8266361,61.8667191],[23.8266223,61.8667645],[23.8267909,61.8668018],[23.8267977,61.8669185],[23.8266448,61.8670521],[23.8264528,61.8672981],[23.8262846,61.8674668],[23.8260963,61.8676122],[23.8260872,61.8678241],[23.8261808,61.8679024],[23.8263715,61.8680511],[23.8265716,61.8684282],[23.826757,61.8685126],[23.8267559,61.8686176],[23.8267124,61.8688071],[23.8266446,61.8688807],[23.8262962,61.8691497],[23.8260749,61.8692396],[23.8256766,61.8693165],[23.8253692,61.8694306],[23.8247716,61.869626],[23.8246238,61.8696102],[23.8244449,61.8697156],[23.8244216,61.8698018],[23.8243513,61.8698754],[23.8242622,61.8698738],[23.8242327,61.8698222],[23.824178,61.8697799],[23.8242014,61.869739],[23.824277,61.8696705],[23.8243078,61.869613],[23.8243819,61.8695392],[23.8244095,61.8694706],[23.8243505,61.8694153],[23.8243411,61.8693624],[23.8242467,61.8693523],[23.8241657,61.8693211],[23.824067,61.8692082],[23.8239927,61.8691257],[23.8238999,61.869085],[23.8238095,61.8691163],[23.8238438,61.8691549],[23.8237727,61.8691885],[23.8236322,61.8692377],[23.8235,61.8692326],[23.8234283,61.869185],[23.8233213,61.8691773],[23.8231102,61.8692302],[23.8229319,61.8692501],[23.8228047,61.8692355],[23.8225306,61.8693169],[23.8224804,61.8693714],[23.8224005,61.8694185],[23.8222991,61.8694699],[23.8221277,61.8694749],[23.8220773,61.8695184],[23.8219778,61.8695308],[23.8219716,61.8694802],[23.8218592,61.8694582],[23.8216114,61.8694827],[23.8214864,61.8695391],[23.8207016,61.8697333],[23.8203197,61.8697094],[23.8200367,61.8696761],[23.8199023,61.8696178],[23.8196979,61.8696284],[23.8194552,61.8696715],[23.8190955,61.8696452],[23.81872,61.8695741],[23.8185279,61.8695284],[23.8182923,61.8695497],[23.8181082,61.8695953],[23.8178764,61.8695949],[23.8176522,61.8695625],[23.8175189,61.869614],[23.8173566,61.8695784],[23.8170495,61.8695191],[23.8168854,61.8694628],[23.8163919,61.8694014],[23.8162733,61.8694431],[23.8160555,61.869452],[23.8157905,61.8694965],[23.8157097,61.8695536],[23.8155212,61.8695787],[23.815368,61.8695839],[23.8151864,61.8695542],[23.8150215,61.8695956],[23.8148957,61.8696427],[23.8145942,61.8697053],[23.8142144,61.869772],[23.8140865,61.8698392],[23.8136866,61.8699254],[23.8132992,61.8700294],[23.8130511,61.8701349],[23.8130385,61.8702047],[23.8124125,61.870502],[23.8122454,61.870643],[23.8117165,61.8708949],[23.8115596,61.8710035],[23.810338,61.8715619],[23.8097849,61.8720879],[23.8097687,61.8723085],[23.8094725,61.8727366],[23.809432,61.8728772],[23.809071,61.8733782],[23.8087435,61.8736487],[23.808673,61.8737865],[23.8086416,61.8738854],[23.8087782,61.8743085],[23.8087269,61.8743831],[23.8085853,61.874465],[23.8084399,61.8744572],[23.8082478,61.8744087],[23.8080687,61.8743751],[23.8078341,61.8742732],[23.8076682,61.8741335],[23.8075684,61.8739583],[23.807543,61.873805],[23.8075066,61.8737556],[23.8073469,61.8737669],[23.8071768,61.8738437],[23.8069821,61.8739069],[23.8068654,61.8739016],[23.8066227,61.8739776],[23.8065749,61.8740407],[23.8055223,61.8743331],[23.8052971,61.8743322],[23.8049847,61.8744034],[23.8048693,61.8744752],[23.8045001,61.874575],[23.803391,61.8755314],[23.8017402,61.8765332],[23.8008254,61.8772952],[23.799873,61.8782909],[23.7974175,61.8806112],[23.7968016,61.8812925],[23.7960641,61.8819773],[23.7953159,61.8828452],[23.7949651,61.8831499],[23.7946074,61.8830689],[23.7948138,61.8826604],[23.7952127,61.8825697],[23.7965334,61.8807576],[23.7977027,61.8797007],[23.7992847,61.8783099],[23.7999862,61.8775124],[23.8020291,61.8761312],[23.8029052,61.8755019],[23.8036574,61.874838],[23.803923,61.8742535],[23.8039718,61.8741979],[23.803965,61.8741485],[23.803955,61.8740868],[23.8039901,61.8740338],[23.8040758,61.8739749],[23.8041028,61.8739308],[23.8040792,61.8738722],[23.8040769,61.873804],[23.8040972,61.8737411],[23.80419,61.8736364],[23.8041447,61.8735718],[23.8040502,61.8735393],[23.8040443,61.8735147],[23.8041073,61.8734396],[23.8040751,61.8733893],[23.8039871,61.8733797],[23.8038453,61.8733847],[23.8036681,61.8734254],[23.8034335,61.8734647],[23.8033489,61.873459],[23.8033554,61.8733912],[23.8033398,61.873369],[23.8032009,61.8733267],[23.8031481,61.8732755],[23.8031541,61.8732175],[23.8032119,61.8731627],[23.8033688,61.873103],[23.8035555,61.873043],[23.8036705,61.8729904],[23.8038023,61.8729141],[23.8039253,61.8728738],[23.8041688,61.8728517],[23.8043063,61.8728308],[23.8044302,61.8727836],[23.8045275,61.8727145],[23.8046605,61.8726718],[23.8047515,61.8726131],[23.8048411,61.8725544],[23.8049495,61.8725031],[23.8052087,61.8724391],[23.8054201,61.8724046],[23.8054613,61.8723904],[23.8054937,61.8723189],[23.8055756,61.8722531],[23.8056028,61.8722053],[23.8056361,61.8721259],[23.8057161,61.8721074],[23.8057745,61.8720949],[23.8058149,61.8720447],[23.8058683,61.8719612],[23.8059105,61.8719059],[23.8059908,61.8718264],[23.8061537,61.8716947],[23.8062138,61.8716263],[23.8061952,61.8716159],[23.8060988,61.8716155],[23.806013,61.8716081],[23.8059783,61.8715839],[23.8059832,61.871545],[23.8060127,61.8714868],[23.8060655,61.8714504],[23.8061593,61.8714064],[23.8061704,61.8713654],[23.8061341,61.8713436],[23.806071,61.8713419],[23.8059794,61.8713762],[23.8058336,61.8714017],[23.8057667,61.8714372],[23.8057459,61.8715043],[23.8057218,61.8715644],[23.8056292,61.8716398],[23.8055332,61.8716683],[23.805443,61.8716622],[23.8053245,61.8716497],[23.8051561,61.8716807],[23.8049169,61.871784],[23.8048599,61.8718171],[23.8048321,61.8718468],[23.8048166,61.8718837],[23.8047654,61.8719218],[23.8046207,61.8719683],[23.8043231,61.8721143],[23.804245,61.8721718],[23.8041786,61.8722321],[23.8041619,61.8722951],[23.8041784,61.8723695],[23.8041361,61.8724131],[23.8040158,61.8724906],[23.8038499,61.8725121],[23.8035162,61.8725213],[23.8034882,61.8726174],[23.8034872,61.8726634],[23.8035196,61.8726854],[23.8035896,61.8726787],[23.803629,61.872644],[23.8036683,61.8726092],[23.8037515,61.8725971],[23.8038293,61.8726056],[23.8038873,61.8726358],[23.8039059,61.8726953],[23.8038573,61.872763],[23.8037424,61.8728205],[23.803589,61.8728728],[23.8034319,61.8729237],[23.8032151,61.8729844],[23.8031505,61.8730159],[23.8030296,61.8730771],[23.8029766,61.8730723],[23.8029354,61.8730589],[23.8029422,61.8730188],[23.8029265,61.8729756],[23.8028732,61.8729289],[23.8028139,61.8729149],[23.802753,61.8729213],[23.8026865,61.8729415],[23.8026494,61.8729846],[23.8026081,61.8730517],[23.8025318,61.8730966],[23.8024238,61.8731293],[23.8022776,61.8731673],[23.8021812,61.8732101],[23.8021018,61.8732671],[23.8020756,61.8733434],[23.8020173,61.8734007],[23.8019516,61.8733835],[23.8018654,61.8733638],[23.8017657,61.8733737],[23.8016531,61.8733908],[23.801673,61.873351],[23.8017358,61.8733169],[23.8018042,61.8732871],[23.8018839,61.8732637],[23.801904,61.8731905],[23.8018002,61.8731478],[23.8017443,61.8730875],[23.8016626,61.8730151],[23.8016844,61.8729319],[23.8015877,61.8728837],[23.8014545,61.8728799],[23.8013212,61.8728761],[23.8010225,61.872784],[23.8012169,61.8724594],[23.8009325,61.87241],[23.8007085,61.8726277],[23.8007979,61.8727428],[23.8002855,61.8728401],[23.7997341,61.8730429],[23.7996832,61.8732111],[23.7994659,61.8732566],[23.7993398,61.8730846],[23.799136,61.8731099],[23.7992191,61.8733704],[23.7981626,61.8736804],[23.7978351,61.8740709],[23.7974596,61.8742176],[23.7961936,61.8741493],[23.7954078,61.8742098],[23.7951207,61.8743693],[23.7947828,61.8744148],[23.7942839,61.8742252],[23.793903,61.8745084],[23.7936884,61.8745413],[23.793388,61.8743744],[23.7928138,61.8744434],[23.791772,61.8749707],[23.7914478,61.875299],[23.7921096,61.8754276],[23.7922736,61.8757177],[23.7912836,61.8762202],[23.7913647,61.8764465],[23.7911081,61.8766199],[23.7904751,61.8764732],[23.7902337,61.8765592],[23.7902874,61.8766755],[23.7886842,61.8772583],[23.7882413,61.8777136],[23.788265,61.8782743],[23.7888042,61.8785973],[23.7895569,61.8784387],[23.7898373,61.8786114],[23.7899271,61.878809],[23.7893164,61.8789158],[23.7887585,61.8792116],[23.7884581,61.8791813],[23.7872028,61.8794316],[23.7869024,61.8799297],[23.7865913,61.8799347],[23.7863982,61.8797249],[23.7861246,61.8797552],[23.7859146,61.8801215],[23.7854504,61.8800792],[23.7850462,61.8802909],[23.7844589,61.8811521],[23.7835497,61.8816868],[23.7831554,61.8814884],[23.7831447,61.8812242],[23.7819001,61.8809157],[23.781069,61.8812842],[23.7810125,61.8814097],[23.7808873,61.8814116],[23.7808389,61.8813336],[23.7810044,61.8812746],[23.7805546,61.8811518],[23.7800599,61.881033],[23.7806475,61.880362],[23.7802935,61.8802558],[23.7796605,61.879156],[23.7792041,61.8790279],[23.7792001,61.8788814],[23.7794261,61.8786778],[23.7801433,61.878448],[23.7817097,61.8781623],[23.7821549,61.8780157],[23.7824553,61.8777628],[23.7826538,61.8772318],[23.7821495,61.877075],[23.7814736,61.8765668],[23.7810069,61.8764403],[23.7808299,61.876324],[23.7798482,61.8761319],[23.7786734,61.8762532],[23.7775723,61.8766597],[23.7765974,61.8765036],[23.7758625,61.8763013],[23.7726867,61.8760813],[23.7708199,61.8766806],[23.7708092,61.8769006],[23.7694677,61.8775189],[23.7695729,61.8778515],[23.7682838,61.8790114],[23.7695098,61.8792409],[23.7697261,61.8794788],[23.7698163,61.8796785],[23.769672,61.8798654],[23.7692754,61.8799334],[23.7689138,61.8800735],[23.7689239,61.8802563],[23.769348,61.8802922],[23.7690036,61.8808567],[23.7694977,61.8808779],[23.7703301,61.8804347],[23.7705194,61.880473],[23.7707019,61.880716],[23.7714368,61.8805542],[23.7720001,61.8803039],[23.7727082,61.8802053],[23.7734163,61.8804505],[23.7737006,61.8810118],[23.7726653,61.8816186],[23.7723327,61.8822329],[23.7725741,61.8824504],[23.7732875,61.8824478],[23.7740332,61.8822203],[23.774516,61.8821723],[23.7749183,61.8822709],[23.7746823,61.8827234],[23.7749988,61.8831658],[23.7736952,61.8835551],[23.7728208,61.8841897],[23.7729281,61.8845461],[23.7736362,61.8845777],[23.7738749,61.8847079],[23.7738723,61.8848823],[23.7743068,61.8850113],[23.7751758,61.8850403],[23.7755728,61.8853525],[23.7754226,61.8854309],[23.7742424,61.8853348],[23.7737676,61.8854398],[23.7735182,61.8856433],[23.7736022,61.8861485],[23.7727459,61.8864161],[23.7723808,61.8863672],[23.7714208,61.8864755],[23.7713667,61.8865775],[23.7710332,61.8865775],[23.7711729,61.8860975],[23.7710512,61.8860805],[23.770907,61.8863969],[23.7704788,61.8864246],[23.7697216,61.8861017],[23.7684107,61.8847992],[23.7682208,61.8847552],[23.7679729,61.8843028],[23.7677475,61.884307],[23.7678962,61.8846936],[23.764964,61.8838394],[23.7637331,61.8838394],[23.7582497,61.8847992],[23.7578244,61.8851895],[23.7565711,61.8855164],[23.7556311,61.8867715],[23.7554968,61.8877628],[23.7533482,61.8884905],[23.7530125,61.8889017],[23.7532481,61.8890771],[23.7534374,61.8890644],[23.7535952,61.8891069],[23.7535681,61.8892746],[23.7542803,61.8894254],[23.7546239,61.8898192],[23.7543569,61.8904575],[23.7535095,61.8906974],[23.7526938,61.8906443],[23.7526487,61.8905403],[23.7524098,61.8905488],[23.7522701,61.8906613],[23.7514137,61.891033],[23.7514905,61.892942],[23.7510474,61.8931775],[23.7506672,61.8938984],[23.7503084,61.8941928],[23.7497866,61.8942159],[23.7496996,61.894285],[23.7494632,61.8942761],[23.748618,61.8940213],[23.7487811,61.8938561],[23.7485174,61.8939893],[23.7482647,61.8939214],[23.7482783,61.8935117],[23.7475146,61.8933491],[23.7472782,61.8934797],[23.7471069,61.8934822],[23.7469058,61.8934221],[23.7467808,61.8932607],[23.7469221,61.8930572],[23.7467156,61.8929086],[23.7467319,61.892609],[23.7462345,61.8926846],[23.7460001,61.8926713],[23.7455225,61.8924023],[23.7454499,61.8921737],[23.745394,61.8919983],[23.7446225,61.891696],[23.7444372,61.8912174],[23.7439825,61.8908723],[23.7441782,61.890524],[23.7467279,61.8908007],[23.7469857,61.8905983],[23.7484754,61.8904026],[23.7492918,61.8900854],[23.7492345,61.8898154],[23.7496929,61.8895994],[23.7487332,61.8893092],[23.7483608,61.8886208],[23.7486329,61.8885263],[23.7484754,61.8884183],[23.7486043,61.8882293],[23.7477019,61.8879931],[23.7451665,61.8886006],[23.7451379,61.8888233],[23.7448228,61.8886276],[23.7443644,61.8888773],[23.7434228,61.889015],[23.7431408,61.8894169],[23.7432818,61.8897134],[23.742367,61.8901331],[23.741208,61.8897037],[23.7406406,61.8898317],[23.7400318,61.8896859],[23.7396604,61.8889729],[23.7399218,61.8885808],[23.739681,61.8884868],[23.7397429,61.8882437],[23.7390345,61.8876117],[23.7388694,61.8872908],[23.7389519,61.8872228],[23.7390964,61.886944],[23.7389313,61.8869343],[23.7389451,61.8866685],[23.7394488,61.8863409],[23.738848,61.8856129],[23.738054,61.8851882],[23.7363336,61.8854984],[23.7360604,61.8853625],[23.7358975,61.8853348],[23.7356338,61.8854309],[23.7356608,61.8855227],[23.7358168,61.8855954],[23.7353849,61.8855813],[23.7352171,61.8856534],[23.7348407,61.8862095],[23.7346585,61.8862029],[23.7338859,61.8864951],[23.7330115,61.8862676],[23.7337337,61.8859318],[23.7337412,61.8857764],[23.7349856,61.8853702],[23.7350258,61.8851297],[23.7351642,61.8851831],[23.7354845,61.8850644],[23.7351519,61.8847635],[23.7351948,61.8845765],[23.7354067,61.8843894],[23.7357661,61.8843628],[23.7357634,61.8843148],[23.7354577,61.8843161],[23.735455,61.8842175],[23.7357178,61.8840974],[23.7358264,61.8838912],[23.735838,61.883762],[23.7359291,61.8836738],[23.7359388,61.8835284],[23.7360356,61.8832641],[23.7359629,61.8832225],[23.7359637,61.8830936],[23.7360976,61.8829132],[23.7361716,61.8828217],[23.7361427,61.8827007],[23.7362043,61.8826178],[23.7363945,61.882571],[23.7364361,61.8824878],[23.7362792,61.8823326],[23.7361593,61.8821848],[23.7363835,61.8819924],[23.7361872,61.8817788],[23.7360501,61.8816016],[23.7358752,61.8815863],[23.7357671,61.8813842],[23.7359155,61.881273],[23.7359632,61.8811803],[23.7358272,61.8811676],[23.7355292,61.881144],[23.7353704,61.8810475],[23.7353125,61.8808972],[23.7352956,61.8807589],[23.7352079,61.8806539],[23.7350164,61.8805636],[23.7348732,61.8804525],[23.7348879,61.8803495],[23.7345805,61.8801464],[23.7342552,61.880123],[23.7338314,61.8799917],[23.7335178,61.8798103],[23.7332595,61.8795492],[23.7332518,61.8794165],[23.733031,61.8792314],[23.7328012,61.8791265],[23.7323951,61.8789848],[23.7318136,61.8787824],[23.7316019,61.8786949],[23.7312854,61.8785365],[23.7311747,61.8783677],[23.7310658,61.8777077],[23.7308517,61.8776643],[23.7308501,61.8775743],[23.7309117,61.8774825],[23.7309424,61.8774636],[23.7309856,61.8774372],[23.731095,61.8774454],[23.7312216,61.8774124],[23.7313163,61.8773633],[23.7313369,61.8772955],[23.7315108,61.8771591],[23.7314652,61.877142],[23.7314743,61.877121],[23.7314335,61.8769652],[23.7314674,61.8769516],[23.7312929,61.8768446],[23.7311097,61.8768844],[23.7309306,61.8768901],[23.7307361,61.876782],[23.7305586,61.876834],[23.7304661,61.8767906],[23.7301616,61.8766179],[23.7298767,61.8763953],[23.7295847,61.8762113],[23.7293754,61.876141],[23.7291802,61.8760655],[23.7289275,61.8759177],[23.728766,61.8758009],[23.7285609,61.875746],[23.7282564,61.8756942],[23.7275818,61.8754463],[23.727411,61.8753511],[23.7271792,61.8751701],[23.7271192,61.87509],[23.727165,61.8750289],[23.7270733,61.875028],[23.7269928,61.8750647],[23.7268885,61.8750653],[23.7268316,61.8750319],[23.726877,61.8749865],[23.7269684,61.874954],[23.7269872,61.874917],[23.7268952,61.8748644],[23.7267131,61.8747667],[23.7265157,61.8746637],[23.7264884,61.8745365],[23.7265448,61.8744018],[23.726639,61.8743141],[23.7266253,61.8742705],[23.7266123,61.8741622],[23.7266838,61.8740645],[23.7267379,61.8740195],[23.7268164,61.8740128],[23.7269349,61.8740237],[23.727043,61.8740253],[23.7271754,61.8739809],[23.7272369,61.8739471],[23.7274292,61.8738609],[23.7274957,61.8738015],[23.7275415,61.8737566],[23.727611,61.873726],[23.7276915,61.8737088],[23.7277765,61.8737009],[23.7278255,61.8737079],[23.7278507,61.8737221],[23.7278486,61.8737381],[23.727814,61.8737621],[23.7278058,61.8737771],[23.7278199,61.8737885],[23.7278698,61.8737972],[23.7279653,61.8738041],[23.7280039,61.873816],[23.72802,61.8738376],[23.7280301,61.8738762],[23.7280403,61.8738942],[23.7280649,61.8738974],[23.7281185,61.8738915],[23.7281554,61.8738756],[23.7281883,61.8738762],[23.72823,61.873857],[23.7283007,61.8738436],[23.7284191,61.8738632],[23.7285173,61.8739209],[23.7290073,61.8741016],[23.7295962,61.8741278],[23.7303821,61.874091],[23.7308957,61.8741023],[23.7310558,61.874203],[23.7310829,61.8743452],[23.7310749,61.8745391],[23.7311422,61.8746427],[23.73111,61.8748557],[23.7312918,61.8752682],[23.7321429,61.875886],[23.7325914,61.8761432],[23.7328628,61.8763556],[23.7332453,61.8764461],[23.7339425,61.8766144],[23.7340743,61.877277],[23.7346893,61.8776291],[23.7354069,61.8776429],[23.7367103,61.8780501],[23.7379904,61.8781412],[23.7383818,61.8782905],[23.7382479,61.878485],[23.7399467,61.8793754],[23.7405471,61.879265],[23.7411036,61.8795273],[23.7412793,61.8801554],[23.7419237,61.8801347],[23.7427584,61.8804867],[23.7430516,61.8808573],[23.7436363,61.8809631],[23.7448293,61.8802839],[23.7451777,61.8802561],[23.7452368,61.8801893],[23.7449474,61.8801308],[23.745225,61.8797439],[23.7458451,61.8796576],[23.7454907,61.8802728],[23.7457211,61.880334],[23.745916,61.880515],[23.7480029,61.880529],[23.7507646,61.8795936],[23.7528671,61.8792401],[23.7540188,61.8789478],[23.754692,61.8790926],[23.7548987,61.8798441],[23.7569362,61.8798163],[23.7572945,61.8803009],[23.758986,61.8803175],[23.7590328,61.879897],[23.7592691,61.8797077],[23.7588793,61.8794906],[23.7588438,61.879332],[23.7592631,61.8789144],[23.7592868,61.8784607],[23.7603321,61.8782575],[23.7604798,61.8781016],[23.7600191,61.8779902],[23.7612475,61.8776116],[23.7617318,61.8770994],[23.7612475,61.8768183],[23.7614601,61.8764925],[23.7610821,61.8760276],[23.7615369,61.8757437],[23.7630937,61.8757264],[23.7637516,61.8756128],[23.7658895,61.8755544],[23.7665687,61.8750922],[23.7673069,61.8748556],[23.7672873,61.8743091],[23.7677597,61.8734322],[23.7671337,61.8721793],[23.7669522,61.8710336],[23.7673116,61.8708541],[23.767787,61.870912],[23.767866,61.8708169],[23.7674242,61.8707099],[23.7675583,61.8704418],[23.7684166,61.8701434],[23.7694016,61.8699796],[23.7694429,61.869704],[23.7691181,61.8695202],[23.7690175,61.8692253],[23.7692696,61.8689116],[23.7690067,61.8688459],[23.7689048,61.8687068],[23.7689531,61.8680921],[23.7694091,61.8679353],[23.7695807,61.8677507],[23.7700689,61.8676925],[23.7710271,61.8678667],[23.7713617,61.8677001],[23.7720108,61.86769],[23.7723809,61.8674497],[23.7734646,61.8670728],[23.7742531,61.8670273],[23.7742639,61.8673662],[23.7746125,61.867475],[23.7745213,61.8678417],[23.7755637,61.8680715],[23.7760727,61.8684597],[23.775938,61.8688762],[23.772855,61.8704009],[23.7726187,61.8713254],[23.7717565,61.8717374],[23.7717949,61.8720066],[23.7711098,61.8729182],[23.7715785,61.8731838],[23.7723087,61.87329],[23.7727324,61.8732348],[23.7732101,61.8733091],[23.7731245,61.873528],[23.7734941,61.8736767],[23.7740169,61.8734387],[23.7743775,61.8734536],[23.7746208,61.8735875],[23.7752293,61.8735981],[23.775378,61.873426],[23.7757566,61.8733708],[23.775926,61.8732855],[23.7762795,61.8732326],[23.7768473,61.8733857],[23.7792687,61.8725504],[23.7799302,61.8718822],[23.7800955,61.8705179],[23.7803554,61.8701336],[23.7799656,61.8698496],[23.779564,61.8698886],[23.7797648,61.8691702],[23.7794223,61.8691034],[23.7796885,61.8686499],[23.7795382,61.8684137],[23.7799617,61.8682141],[23.7807384,61.8681688],[23.7807426,61.8680664],[23.7800661,61.8679266],[23.7797905,61.867966],[23.7796777,61.8677967],[23.7788558,61.8676141],[23.7788021,61.8674573],[23.7794864,61.8673726],[23.7798281,61.8671548],[23.7809055,61.8671095],[23.7813878,61.8668925],[23.7814191,61.8665207],[23.7821813,61.8660877],[23.7828432,61.866438],[23.7840079,61.8665607],[23.7846817,61.8668361],[23.7856077,61.8669007],[23.7857414,61.8668062],[23.7857288,61.8665916],[23.7862341,61.8664754],[23.7868522,61.8654987],[23.7872113,61.8642935],[23.7867854,61.8641242],[23.7866893,61.8639076],[23.7862884,61.8634664],[23.7865682,61.8630017],[23.7869984,61.862688],[23.786881,61.8624373],[23.7868783,61.862226],[23.7867576,61.8622336],[23.7862258,61.861629],[23.7853363,61.8617058],[23.7850624,61.8618061],[23.7850302,61.8616594],[23.785277,61.8614924],[23.7852444,61.8611918],[23.7861924,61.8609023],[23.7874577,61.8607388],[23.7875204,61.8598427],[23.7878419,61.8592518],[23.7884349,61.8590864],[23.7890616,61.8585619],[23.789287,61.8586002],[23.7894447,61.8589913],[23.7890797,61.8597311],[23.7897828,61.8606855],[23.7906166,61.8616165],[23.7914684,61.8620182],[23.7910808,61.8625305],[23.7915991,61.8623987],[23.7917006,61.8624089],[23.7926989,61.8626006],[23.793939,61.8626019],[23.7973648,61.8629275],[23.8011802,61.8625822],[23.8039782,61.8620386],[23.8046881,61.8610776],[23.8056111,61.8614381],[23.809524,61.8614754],[23.8129233,61.8606009],[23.8130152,61.8600022],[23.8141177,61.8595098],[23.814764,61.8595487],[23.8154206,61.8589623],[23.814719,61.8584108],[23.8157547,61.8577293],[23.8158716,61.8573668],[23.8153705,61.8571029],[23.8162809,61.8569808],[23.8167908,61.8560054],[23.8161948,61.8555449],[23.8138854,61.8554726],[23.8132485,61.855234],[23.8142212,61.8548972],[23.8157242,61.8550762],[23.8174581,61.8548839],[23.8185858,61.8541925],[23.8192954,61.8526987],[23.8196108,61.8523817],[23.818786,61.8517799],[23.8195567,61.8514971],[23.8199579,61.8516205],[23.8205077,61.8516162],[23.8205348,61.8513611],[23.8201787,61.8512122],[23.8202463,61.8511272],[23.8206655,61.8511144],[23.8207421,61.8507955],[23.8203996,61.8507189],[23.8203725,61.8506658],[23.8204987,61.850434],[23.820688,61.8503532],[23.8205303,61.850249],[23.8205393,61.8501363],[23.8208999,61.8499598],[23.8208548,61.849811],[23.8205753,61.8496132],[23.8201156,61.8495515],[23.8198317,61.8497344],[23.8195703,61.8497557],[23.819426,61.8496706],[23.8191331,61.8496664],[23.818759,61.8495643],[23.818759,61.8493474],[23.8185201,61.8492411],[23.8182407,61.8492411],[23.8178594,61.8493427],[23.8172266,61.8494473],[23.8156987,61.8502532],[23.8163071,61.8510527],[23.8169697,61.8516587],[23.8168795,61.8518267],[23.8169336,61.8520351],[23.8172317,61.8521965],[23.8178711,61.8523094],[23.8180739,61.8525114],[23.8176773,61.8530216],[23.8170862,61.8533724],[23.8167496,61.8533895],[23.8164221,61.8532779],[23.8162493,61.8530848],[23.815567,61.8529819],[23.8150744,61.8529302],[23.814937,61.8527622],[23.8152547,61.8526496],[23.8153178,61.8525656],[23.815124,61.8524997],[23.814982,61.8525411],[23.8148558,61.8526612],[23.8144592,61.8526846],[23.814635,61.8527729],[23.8147161,61.8529026],[23.8144933,61.8529661],[23.8134921,61.8531235],[23.8125282,61.8534175],[23.8122748,61.8536403],[23.8113651,61.8538806],[23.8107466,61.8539149],[23.8106192,61.853769],[23.8101371,61.8537862],[23.8099824,61.8536918],[23.8102189,61.8536274],[23.8092365,61.8536789],[23.8086543,61.85343],[23.8080721,61.8534086],[23.8079175,61.8531897],[23.8073353,61.8529709],[23.8073626,61.8525761],[23.8080539,61.852207],[23.8085452,61.8516964],[23.8082722,61.8512887],[23.8079539,61.8512329],[23.8076901,61.8510312],[23.8070837,61.8511646],[23.8066556,61.851022],[23.8064064,61.8508731],[23.8060314,61.8509219],[23.8055088,61.8511042],[23.8042888,61.8522607],[23.8030979,61.8525985],[23.8026328,61.8526184],[23.8020015,61.8524737],[23.8016506,61.8522794],[23.8011874,61.8523098],[23.8008658,61.8521277],[23.800943,61.8518303],[23.8006214,61.8516968],[23.799901,61.8516422],[23.7995407,61.8516847],[23.7991034,61.8512963],[23.7994636,61.8510596],[23.7987174,61.8510414],[23.7991677,61.8499246],[23.799515,61.8497972],[23.7994121,61.8495423],[23.7985244,61.849342],[23.7985116,61.8485347],[23.7987946,61.8481645],[23.7992191,61.847861],[23.7998752,61.8478488],[23.800274,61.8476728],[23.8005126,61.8473886],[23.8004197,61.8463045],[23.7993628,61.846608],[23.7987207,61.8459661],[23.7996322,61.8453222],[23.7999648,61.8448741],[23.7997234,61.844826],[23.7996429,61.8446438],[23.8000667,61.8439578],[23.8004047,61.8429579],[23.8003778,61.8423124],[23.799997,61.8420567],[23.8003081,61.8415403],[23.8005388,61.8414947],[23.8007513,61.8415907],[23.8010108,61.8415124],[23.8009196,61.8413783],[23.8017565,61.8412998],[23.8026899,61.8406745],[23.8039334,61.8403925],[23.8045145,61.8406004],[23.8055788,61.8416262],[23.8067481,61.842107],[23.8080844,61.8420991],[23.8093038,61.8418469],[23.8094959,61.8421898],[23.8084352,61.8430687],[23.8095242,61.8436895],[23.8100392,61.8433882],[23.8104683,61.8426946],[23.8108706,61.8423478],[23.8110584,61.8420137],[23.8115134,61.8419347],[23.8120723,61.842239],[23.8128769,61.8423352],[23.8142817,61.8416538],[23.8152426,61.8415453],[23.8155055,61.8416238],[23.816632,61.8412416],[23.8167876,61.8409606],[23.8171577,61.8407378],[23.8175493,61.8407023],[23.8183862,61.8409302],[23.8188046,61.8409454],[23.8193679,61.8408644],[23.8197863,61.8406466],[23.8200223,61.8406466],[23.820028,61.8407472],[23.820424,61.8407916],[23.8207429,61.8405547],[23.8211268,61.8401812],[23.8209634,61.8394307],[23.8210944,61.8391212],[23.8213634,61.8389403],[23.8210952,61.8386871],[23.8213152,61.8382086],[23.8216424,61.8380086],[23.8219482,61.8375453],[23.8218976,61.8373791],[23.8213188,61.8372621],[23.8212051,61.8370595],[23.8210791,61.8369477],[23.8208914,61.8367325],[23.820886,61.836611],[23.8211006,61.8364945],[23.8210775,61.8363234],[23.8209763,61.8362196],[23.8210255,61.8357375],[23.8210255,61.8356261],[23.8210362,61.8354235],[23.8205212,61.8352235],[23.8204569,61.8350867],[23.8206178,61.834988],[23.8208592,61.8349399],[23.8205159,61.8347879],[23.8207036,61.8347246],[23.8207465,61.8345373],[23.8200062,61.8341296],[23.8196753,61.8342892],[23.8192121,61.834271],[23.8189334,61.834398],[23.8185364,61.834398],[23.818059,61.834593],[23.8179737,61.8339721],[23.8175272,61.8331225],[23.8163773,61.8329284],[23.8158205,61.8324813],[23.8155783,61.831355],[23.8151767,61.8309451],[23.8145389,61.830736],[23.8141196,61.8303819],[23.8128734,61.8301784],[23.810641,61.830237],[23.806298,61.831563],[23.8060216,61.831998],[23.8061256,61.8324992],[23.806621,61.8330105],[23.8064217,61.8332721],[23.8065245,61.8337897],[23.8060794,61.8339339],[23.8058549,61.8338291],[23.8055625,61.8338495],[23.8047979,61.8335517],[23.804048,61.8331985],[23.8040811,61.8334815],[23.8038497,61.8335261],[23.8035844,61.833452],[23.8031194,61.8335748],[23.8019447,61.8336185],[23.8009385,61.8343627],[23.8001221,61.8344946],[23.7998907,61.8343373],[23.7993727,61.8345007],[23.8000154,61.8349004],[23.7980392,61.8360099],[23.7970907,61.8371368],[23.7970907,61.8373543],[23.7974273,61.8375327],[23.7977226,61.8380232],[23.7989656,61.8386375],[23.7993714,61.8393786],[23.7963207,61.8393435],[23.7963761,61.8377724],[23.797323,61.8357129],[23.7971142,61.8351176],[23.7970975,61.8344908],[23.7969722,61.8341478],[23.7970181,61.8336933],[23.7966632,61.8336735],[23.796755,61.8333719],[23.7964627,61.8330526],[23.7967508,61.8327569],[23.7961537,61.8327431],[23.7961161,61.8326209],[23.7968511,61.8320472],[23.7965852,61.832043],[23.7965476,61.8319671],[23.7967837,61.8319101],[23.7967005,61.8318227],[23.7963545,61.8318531],[23.7954999,61.8319138],[23.794882,61.8322127],[23.7947774,61.8324229],[23.7946004,61.8323254],[23.7943697,61.8322494],[23.7943751,61.8321595],[23.7945977,61.8320709],[23.7945172,61.8319481],[23.7942973,61.8319975],[23.7943134,61.8320949],[23.7941819,61.832214],[23.7937528,61.8321114],[23.793785,61.8320152],[23.7939727,61.8319721],[23.7939647,61.8318658],[23.7937608,61.8318544],[23.7937447,61.8317911],[23.7939244,61.8317417],[23.7940612,61.8317379],[23.7940398,61.8316784],[23.7937206,61.8316733],[23.7939244,61.8314378],[23.7937742,61.8310453],[23.7939405,61.8309465],[23.7938976,61.8305515],[23.7939888,61.8303463],[23.7950778,61.8301184],[23.7950295,61.8298196],[23.7952709,61.8296727],[23.7951368,61.8296322],[23.7949383,61.8297943],[23.7945843,61.8298044],[23.7948418,61.8295993],[23.7947613,61.8293713],[23.7948042,61.8292371],[23.7945789,61.8291763],[23.7946613,61.8287103],[23.7950452,61.8279602],[23.7943896,61.8277316],[23.7931236,61.8277818],[23.7917079,61.8281347],[23.7906764,61.8281524],[23.7893025,61.827837],[23.7876655,61.8280558],[23.7870349,61.8279947],[23.7864293,61.8283141],[23.786279,61.8280972],[23.7856777,61.828113],[23.7852639,61.8278302],[23.7839822,61.8284797],[23.7837525,61.8287045],[23.7835259,61.8297045],[23.7827795,61.8301713],[23.7819818,61.8303586],[23.7812937,61.8309749],[23.7794887,61.8317464],[23.7795764,61.8319968],[23.779376,61.8320165],[23.7791254,61.83164],[23.7788874,61.8318233],[23.7787663,61.8317701],[23.7789626,61.8315966],[23.7787872,61.8314823],[23.7784155,61.8312674],[23.7788749,61.8306976],[23.7786326,61.8305222],[23.7782192,61.830603],[23.7777306,61.8305734],[23.7774884,61.8301535],[23.7770416,61.8302225],[23.7767158,61.830534],[23.776056,61.8303605],[23.7763066,61.8300885],[23.7760477,61.8298874],[23.776102,61.8296961],[23.7757136,61.8296863],[23.7750245,61.8298854],[23.7749702,61.829777],[23.7761061,61.8288977],[23.7771,61.8287695],[23.7770666,61.8286966],[23.7760852,61.8287636],[23.7761395,61.8284876],[23.7765738,61.828115],[23.7763442,61.8278054],[23.7763316,61.8275373],[23.7760811,61.8274762],[23.7758013,61.8275866],[23.7755632,61.8275669],[23.7758681,61.8267388],[23.7754129,61.8268807],[23.7750955,61.8268827],[23.7751957,61.8266836],[23.7749619,61.826585],[23.774549,61.8267852],[23.7748324,61.8268748],[23.7741984,61.8270171],[23.7735377,61.8273302],[23.7732245,61.827691],[23.7728779,61.8277915],[23.7725981,61.8281307],[23.7715952,61.8283576],[23.7712518,61.8287378],[23.7699421,61.8290553],[23.7695412,61.8289272],[23.7693951,61.8287517],[23.7691153,61.8287379],[23.7689984,61.8290119],[23.7686392,61.8287892],[23.7680629,61.828318],[23.7677622,61.8284599],[23.7668268,61.8279966],[23.7666848,61.8277876],[23.7662672,61.8276811],[23.7659624,61.8273558],[23.7656826,61.8272316],[23.7654195,61.8272592],[23.7651188,61.8269851],[23.7642925,61.8269755],[23.7634943,61.8270936],[23.7627426,61.8275747],[23.7631393,61.8282963],[23.7625162,61.8288213],[23.7613472,61.8291649],[23.7602203,61.8292485],[23.7596607,61.8291421],[23.7600073,61.8285329],[23.7607089,61.8279591],[23.7604834,61.8278881],[23.7600238,61.8280715],[23.7597734,61.828034],[23.7595495,61.8278164],[23.7590092,61.8279098],[23.7584162,61.8284047],[23.7582482,61.8287119],[23.7575518,61.829144],[23.7574098,61.8296034],[23.7568711,61.8296625],[23.7567959,61.8297749],[23.7573764,61.8300194],[23.757399,61.8301385],[23.7568476,61.8304561],[23.7564075,61.8312121],[23.7562864,61.8316123],[23.7564242,61.8317227],[23.7561319,61.8320834],[23.7558655,61.832609],[23.7554609,61.8326202],[23.7553657,61.8324994],[23.7552348,61.8324966],[23.7551218,61.8326764],[23.7546815,61.832668],[23.754146,61.8322719],[23.7537707,61.8323042],[23.7527744,61.8326216],[23.7524445,61.8332268],[23.7521897,61.8332189],[23.7519892,61.8333631],[23.751659,61.8335555],[23.7513942,61.833467],[23.7512068,61.8333111],[23.7506921,61.833057],[23.7510729,61.8324124],[23.751064,61.831977],[23.7509241,61.831984],[23.7496985,61.8326946],[23.7493296,61.8326371],[23.749041,61.8326272],[23.7489964,61.8326834],[23.748916,61.8326806],[23.7488565,61.8326286],[23.7488803,61.8325725],[23.748565,61.8324784],[23.7481807,61.8323693],[23.7472683,61.8325297],[23.7465539,61.8330153],[23.7466022,61.8331263],[23.7458463,61.833485],[23.7455915,61.8338714],[23.7454454,61.834244],[23.7457001,61.8344056],[23.7465646,61.8346165],[23.7467534,61.8350325],[23.7462791,61.8352355],[23.7458697,61.8356366],[23.7453937,61.8356085],[23.7452449,61.8354315],[23.7446139,61.8356675],[23.7444655,61.8359118],[23.7445036,61.8362089],[23.7443227,61.8363246],[23.7440728,61.8363948],[23.7437426,61.8361933],[23.7433112,61.8365352],[23.7436087,61.8368245],[23.7424192,61.8372239],[23.7419891,61.8375362],[23.741934,61.8379578],[23.739993,61.8395401],[23.7380189,61.8413409],[23.7379748,61.8418509],[23.7370153,61.8429386],[23.735736,61.8433029],[23.7350523,61.8431988],[23.7346001,61.8429854],[23.7347214,61.8424963],[23.7344126,61.8421736],[23.7345009,61.8418197],[23.7354934,61.840732],[23.7357912,61.8394568],[23.7363095,61.8392747],[23.7362323,61.8391341],[23.7358463,61.8390144],[23.7361661,61.8382597],[23.7372138,61.8374894],[23.7375888,61.837505],[23.7402577,61.8349752],[23.7405148,61.834288],[23.7401264,61.8341699],[23.7402784,61.8337993],[23.7415274,61.8324875],[23.7412962,61.8324726],[23.7409553,61.8328266],[23.7404772,61.8329834],[23.7387471,61.8339975],[23.7377163,61.8343372],[23.7365922,61.8344588],[23.7345056,61.8341677],[23.7341012,61.8343128],[23.7335816,61.8342681],[23.732226,61.8341514],[23.731665,61.8343296],[23.7314129,61.8347955],[23.7309354,61.83515],[23.7305975,61.8356564],[23.7302488,61.8356109],[23.7297177,61.835783],[23.7295139,61.8358413],[23.7291652,61.8358742],[23.7289453,61.8359717],[23.7281352,61.8359603],[23.7275326,61.8361716],[23.7264538,61.836173],[23.7257319,61.8359628],[23.7257143,61.8353589],[23.7265205,61.8351424],[23.7266386,61.8349399],[23.7269926,61.8348867],[23.7277651,61.8343752],[23.7279724,61.8339009],[23.7277492,61.8336762],[23.7278296,61.8334347],[23.7271602,61.833151],[23.7272524,61.8330541],[23.7271751,61.8330387],[23.7269906,61.83313],[23.7269549,61.8331005],[23.7270918,61.8329572],[23.7269549,61.8328926],[23.7264465,61.8330143],[23.7261139,61.833378],[23.7257709,61.8334375],[23.725396,61.8334459],[23.7252592,61.833328],[23.7260327,61.8331651],[23.7262469,61.8326708],[23.7258542,61.832696],[23.7257828,61.8326314],[23.7259851,61.8324994],[23.7262171,61.8319574],[23.7257947,61.8318787],[23.7255968,61.8320389],[23.7254151,61.8320818],[23.724982,61.8326561],[23.7249022,61.8328],[23.724688,61.8326202],[23.7249439,61.8322804],[23.7248963,61.8319714],[23.7247475,61.831977],[23.7245869,61.8320753],[23.7242418,61.8319517],[23.7244798,61.8317327],[23.7245155,61.8315108],[23.7246166,61.8314518],[23.724569,61.8313394],[23.7244203,61.8313563],[23.7242358,61.8312215],[23.7241228,61.8309855],[23.7234797,61.8306107],[23.7233819,61.8303798],[23.7234518,61.8301291],[23.7243182,61.8296179],[23.7236055,61.8291758],[23.7230116,61.8291363],[23.7228369,61.8292847],[23.7226902,61.8291528],[23.7224107,61.8291495],[23.7215761,61.8296744],[23.7209779,61.829435],[23.7208583,61.8293355],[23.7209722,61.8292844],[23.720619,61.8290854],[23.7204595,61.8288514],[23.7202658,61.8288864],[23.7201519,61.8290128],[23.7197303,61.8291714],[23.7189271,61.8291714],[23.7183745,61.8290397],[23.7181352,61.8291526],[23.7179188,61.8290666],[23.7173833,61.8284614],[23.7176054,61.8281521],[23.717782,61.8274448],[23.7176852,61.8269822],[23.7178621,61.8269195],[23.7176111,61.8269069],[23.717201,61.8268369],[23.7170187,61.826654],[23.7173491,61.8264227],[23.7172465,61.8262344],[23.716825,61.8262613],[23.7167623,61.8261941],[23.717275,61.8254948],[23.7178561,61.8242386],[23.7181885,61.8241131],[23.7184628,61.8239737],[23.7191037,61.8233039],[23.719699,61.8229555],[23.720149,61.8228345],[23.7205108,61.8224565],[23.7206532,61.8221445],[23.7204566,61.8219683],[23.7202573,61.8219387],[23.7201376,61.8217921],[23.720018,61.8217665],[23.7201946,61.8216105],[23.7200009,61.8215917],[23.7197246,61.8212863],[23.7196306,61.8212581],[23.7195224,61.8211249],[23.7193031,61.8210953],[23.7187904,61.8208896],[23.7185397,61.820946],[23.7184884,61.8209138],[23.718665,61.8207846],[23.718591,61.8207416],[23.7183631,61.8208465],[23.7177991,61.8208761],[23.7175314,61.8205614],[23.7177137,61.8203165],[23.7180783,61.8201417],[23.7178789,61.8198969],[23.7183346,61.819757],[23.718289,61.8195821],[23.7182947,61.8192808],[23.7186707,61.8190387],[23.717332,61.8190656],[23.7166598,61.8193776],[23.7157141,61.8191409],[23.715942,61.8189015],[23.7158565,61.8188934],[23.7155347,61.8190898],[23.7147343,61.8189041],[23.714552,61.8187508],[23.7145548,61.8186728],[23.7148454,61.8186566],[23.7147172,61.8185463],[23.7146631,61.8183916],[23.7144808,61.8184037],[23.7144039,61.8183419],[23.7145862,61.8181939],[23.714928,61.818019],[23.7151217,61.8180244],[23.7152584,61.8179571],[23.7149166,61.8179195],[23.7143583,61.8182289],[23.714307,61.8181939],[23.7144922,61.8180432],[23.714307,61.8179719],[23.7142985,61.8178684],[23.7142159,61.8178549],[23.7140279,61.8180109],[23.7138684,61.817976],[23.7138513,61.8178872],[23.7130993,61.817645],[23.7128942,61.8172576],[23.7124214,61.8171392],[23.7113248,61.817341],[23.7113362,61.8174069],[23.7111197,61.8174204],[23.7108178,61.8173451],[23.710533,61.817072],[23.7103706,61.8167262],[23.7098636,61.8167599],[23.7090888,61.8174782],[23.7081318,61.8176114],[23.7076248,61.8175953],[23.7071178,61.8177379],[23.7068187,61.8177971],[23.7064997,61.8177419],[23.7059015,61.8180109],[23.7056281,61.8180338],[23.7055341,61.8180163],[23.7054515,61.8181078],[23.7052806,61.8181186],[23.7051809,61.8180769],[23.7052236,61.8179961],[23.7051638,61.8179316],[23.7052891,61.817863],[23.7051809,61.817793],[23.7049502,61.8177957],[23.7049673,61.8179437],[23.7048049,61.8179262],[23.7046796,61.8180231],[23.7047166,61.8181145],[23.704258,61.8182114],[23.7035943,61.8182195],[23.703375,61.8181683],[23.7033095,61.818249],[23.703019,61.8181925],[23.7025803,61.8181885],[23.7021388,61.8181603],[23.7021531,61.8180984],[23.702606,61.8178495],[23.7026202,61.8177944],[23.7025177,61.8177648],[23.7016546,61.8180486],[23.7016291,61.8182057],[23.6996266,61.8185275],[23.6992791,61.8184871],[23.6989316,61.81828],[23.6986443,61.8182059],[23.6983949,61.8181603],[23.6982259,61.8181033],[23.6982366,61.8180019],[23.6985049,61.818026],[23.6985853,61.8180893],[23.6987007,61.8180843],[23.6987221,61.8179057],[23.6987779,61.817849],[23.6989287,61.8177688],[23.6992398,61.8176916],[23.7015901,61.8167292],[23.7021691,61.81572],[23.7047057,61.8151536],[23.7056293,61.8143006],[23.7058903,61.8142659],[23.7065513,61.8139751],[23.7083037,61.8138578],[23.7103715,61.8133109],[23.7123152,61.8124123],[23.7135835,61.8122625],[23.714962,61.8124123],[23.7182568,61.8120346],[23.7201991,61.8112432],[23.7296694,61.8084632],[23.73034,61.8083517],[23.7308282,61.8085037],[23.731091,61.8087952],[23.730163,61.8093426],[23.7302113,61.8095174],[23.7290096,61.8099051],[23.7287468,61.810322],[23.7281433,61.8105235],[23.7276061,61.8104019],[23.7272596,61.8105282],[23.727403,61.8106704],[23.7278214,61.8107021],[23.7276953,61.810882],[23.7268605,61.8112539],[23.7259734,61.8113749],[23.7258551,61.811816],[23.7232003,61.8121308],[23.7215962,61.8120686],[23.7200786,61.8128299],[23.7197096,61.8128103],[23.7171561,61.8142964],[23.7165121,61.8143195],[23.7159822,61.8148475],[23.7142977,61.8155248],[23.7151018,61.8162593],[23.7173193,61.8161693],[23.7174453,61.8165724],[23.7177261,61.8166456],[23.7180498,61.8162751],[23.7188189,61.8162316],[23.7191519,61.8164529],[23.7198318,61.8162649],[23.7202781,61.8159122],[23.7213272,61.8157336],[23.7220045,61.8150458],[23.7224775,61.8149438],[23.7232869,61.8143401],[23.7240804,61.8142244],[23.7246289,61.8143778],[23.7246739,61.8150865],[23.7251054,61.8158024],[23.722587,61.8177454],[23.7220668,61.8178318],[23.7213957,61.8182663],[23.7217099,61.8188423],[23.7227952,61.819055],[23.7233624,61.8197123],[23.7244228,61.8198015],[23.7259023,61.8205618],[23.7272346,61.8204444],[23.7285213,61.8208327],[23.7287478,61.82055],[23.7295359,61.8203735],[23.7306809,61.8199586],[23.7341504,61.8209112],[23.7358092,61.8204314],[23.7359157,61.8201774],[23.7362672,61.8200969],[23.7363093,61.8203101],[23.736592,61.8203383],[23.737066,61.8201799],[23.7371139,61.819868],[23.7367198,61.8198152],[23.7364393,61.8194118],[23.7369114,61.818672],[23.7373647,61.8182401],[23.7378368,61.8181007],[23.7383866,61.8181007],[23.7387219,61.8179728],[23.7400067,61.8179069],[23.7412459,61.8178867],[23.7413612,61.8180399],[23.7411734,61.8181235],[23.7411761,61.8184364],[23.7413505,61.8186594],[23.7416692,61.8185529],[23.7418199,61.8181869],[23.741675,61.8180311],[23.7417689,61.8178335],[23.7426352,61.8179399],[23.7429035,61.8178398],[23.7430322,61.8177207],[23.742882,61.8174598],[23.7425548,61.8173001],[23.7433246,61.8168099],[23.7447344,61.8162711],[23.745303,61.8161964],[23.7452842,61.8157411],[23.7458378,61.8155882],[23.7464553,61.8150866],[23.7460373,61.8145886],[23.7474231,61.8138825],[23.7478012,61.8134223],[23.7489256,61.8131906],[23.7493548,61.8132475],[23.750596,61.8124468],[23.7507594,61.8120042],[23.7517686,61.811323],[23.7518552,61.8109103],[23.7527363,61.8106933],[23.7536401,61.8104638],[23.7550635,61.8094445],[23.7555041,61.8088059],[23.7552894,61.8081192],[23.7571421,61.8073774],[23.758317,61.8072297],[23.7601358,61.8076994],[23.7614436,61.8078671],[23.7617351,61.8077154],[23.761661,61.8074844],[23.7618488,61.8072043],[23.7617253,61.8068985],[23.7621749,61.806504],[23.7634891,61.8046296],[23.7636565,61.8043783],[23.76424,61.803969],[23.7646615,61.8035818],[23.7652248,61.8035184],[23.7664264,61.8038708],[23.7664435,61.8042584],[23.7671056,61.804779],[23.7671698,61.8050241],[23.7670755,61.8051659],[23.7670702,61.805351],[23.7668288,61.8054853],[23.7668487,61.8056217],[23.767407,61.8057267],[23.7676173,61.8056095],[23.767451,61.8054954],[23.7675959,61.8053357],[23.7679982,61.8049556],[23.7682557,61.8047528],[23.7685186,61.8044765],[23.7689048,61.8044512],[23.7690121,61.8048694],[23.7693983,61.8051178],[23.7697846,61.8051127],[23.7701172,61.8048897],[23.7700367,61.8047731],[23.77038,61.8045805],[23.770616,61.8043397],[23.7705785,61.8040913],[23.7708092,61.8040254],[23.7707233,61.8039291],[23.7705409,61.8039493],[23.7704229,61.8040482],[23.7702084,61.8040228],[23.7701493,61.8037947],[23.7692213,61.8036325],[23.769334,61.8032878],[23.7694198,61.8031002],[23.7697577,61.803014],[23.7701118,61.8032979],[23.7705097,61.8033457],[23.7716559,61.8031449],[23.7724612,61.802552],[23.772735,61.8020686],[23.7725741,61.8016731],[23.7728047,61.8012701],[23.77244,61.8010166],[23.7718177,61.8011129],[23.771292,61.8010927],[23.7710935,61.8007961],[23.7713349,61.8004387],[23.7717609,61.80019],[23.7719732,61.7998962],[23.7723426,61.7998672],[23.7724507,61.7997263],[23.7727135,61.7997086],[23.7730788,61.7997971],[23.7736025,61.7994819],[23.7731695,61.799374],[23.7727511,61.7995768],[23.7724612,61.7996104],[23.7722142,61.7995193],[23.7723327,61.7992625],[23.7721648,61.7989123],[23.7726885,61.7986017],[23.772558,61.7974397],[23.7713456,61.7969682],[23.7711203,61.7970087],[23.770718,61.7967958],[23.7697363,61.7970113],[23.768304,61.7969555],[23.767612,61.7971659],[23.766832,61.7970875],[23.7661314,61.7971786],[23.7658524,61.796991],[23.7658685,61.7967932],[23.7647586,61.7968842],[23.7640197,61.7966236],[23.7636779,61.7959096],[23.7638408,61.7954673],[23.7643182,61.7954698],[23.7647259,61.7952378],[23.7645972,61.7948208],[23.7655968,61.7937725],[23.7666224,61.793246],[23.7699971,61.7929333],[23.7706147,61.7924693],[23.7716073,61.792485],[23.7720925,61.7922765],[23.773152,61.7922309],[23.7730433,61.7919717],[23.7732311,61.7916517],[23.7729643,61.7908834],[23.7722528,61.7908297],[23.77166,61.7905681],[23.7720552,61.7900006],[23.7718774,61.789711],[23.7713685,61.7893397],[23.7710819,61.7888842],[23.7696887,61.7882676],[23.7696096,61.7880598],[23.7698171,61.7876627],[23.7692659,61.7875544],[23.7688711,61.7875741],[23.7679199,61.7874105],[23.7667292,61.786962],[23.7660672,61.7869737],[23.7660968,61.7870882],[23.7665563,61.7871419],[23.7667095,61.7872587],[23.7665613,61.7874128],[23.7664733,61.7874011],[23.7664032,61.7873918],[23.7664377,61.7872563],[23.7659684,61.7871886],[23.7655583,61.7869667],[23.7652668,61.7861492],[23.7658417,61.7851734],[23.7666088,61.7850326],[23.7669629,61.7851594],[23.7670514,61.7851505],[23.7671185,61.7850085],[23.7676308,61.7849464],[23.767781,61.785044],[23.7678722,61.7850149],[23.7677971,61.7849007],[23.7678856,61.7848348],[23.7683102,61.7847851],[23.7684059,61.7845178],[23.7685883,61.7844226],[23.7684461,61.7842172],[23.7670326,61.7840726],[23.7671185,61.7835654],[23.7667805,61.7833092],[23.766087,61.7831593],[23.765713,61.7828438],[23.7653508,61.7828697],[23.7651578,61.7828463],[23.7650692,61.7827677],[23.7652865,61.7826257],[23.7645109,61.782267],[23.7636858,61.7824445],[23.7631028,61.7821058],[23.7627026,61.7820263],[23.7618448,61.7822311],[23.7615367,61.7822319],[23.7612649,61.7820871],[23.7609092,61.7821899],[23.7604942,61.7821315],[23.759047,61.782426],[23.7571763,61.7818006],[23.7572068,61.7814565],[23.7572864,61.7812416],[23.7574284,61.7812228],[23.7575534,61.7810884],[23.7575819,61.7809326],[23.757508,61.7808923],[23.7575591,61.7807391],[23.7577125,61.7806182],[23.7577807,61.7804812],[23.7579171,61.7804247],[23.7579853,61.7803764],[23.758099,61.7802555],[23.7581956,61.7801507],[23.7583206,61.7801453],[23.758349,61.7800674],[23.7586672,61.7800378],[23.7586729,61.7799572],[23.7587752,61.7798605],[23.7587865,61.7797906],[23.7587013,61.7797046],[23.7585138,61.7796536],[23.7583376,61.7796321],[23.7580194,61.7796482],[23.7578432,61.779659],[23.7576216,61.779538],[23.7575364,61.779487],[23.7573943,61.7794655],[23.7574341,61.7794171],[23.7574625,61.7793069],[23.7573205,61.7792237],[23.7573091,61.7791726],[23.7571727,61.7790678],[23.7571954,61.7789684],[23.7574,61.778963],[23.7574682,61.7789093],[23.7575989,61.7788958],[23.7580426,61.7788025],[23.7589509,61.7779104],[23.7596216,61.7778939],[23.7594889,61.7776329],[23.7603902,61.7767275],[23.7613195,61.7763574],[23.7620462,61.776298],[23.7627868,61.7760964],[23.7631431,61.7758122],[23.7634855,61.7758254],[23.763779,61.7757263],[23.763772,61.7755545],[23.7642401,61.7755776],[23.7649039,61.7753893],[23.7650995,61.775082],[23.7648829,61.7749795],[23.7649947,61.7746854],[23.7651764,61.7744805],[23.7650296,61.7743517],[23.7631443,61.7743325],[23.7622977,61.7741005],[23.7620741,61.7738857],[23.7622907,61.7735288],[23.7619553,61.7733934],[23.7612636,61.7735721],[23.7605998,61.7735123],[23.7600479,61.7729571],[23.7592024,61.7724978],[23.7594959,61.7723821],[23.758902,61.7721442],[23.7584408,61.7718633],[23.7581264,61.7716683],[23.7576583,61.7718269],[23.7534405,61.7722223],[23.7490022,61.773385],[23.7470722,61.7733228],[23.7467729,61.7734228],[23.7469327,61.77386],[23.7452,61.7741242],[23.7445944,61.7740734],[23.7423327,61.7742433],[23.7418777,61.7741086],[23.7401627,61.7744847],[23.7385019,61.7745331],[23.7374217,61.7742318],[23.7366039,61.7742741],[23.7362444,61.7741349],[23.7350554,61.7742072],[23.7339509,61.7745248],[23.7335467,61.7751477],[23.7326852,61.7755822],[23.7304321,61.7751396],[23.7296582,61.7752646],[23.7284394,61.7752276],[23.7280486,61.7754023],[23.726734,61.7756262],[23.7257875,61.7759992],[23.7251619,61.7765676],[23.7233281,61.7778072],[23.7238998,61.7781694],[23.7245147,61.778756],[23.7257471,61.7793321],[23.7256919,61.7796891],[23.7250676,61.7798332],[23.7244044,61.7797521],[23.7235117,61.7794952],[23.72306,61.7792051],[23.7216637,61.7789549],[23.7210564,61.7787194],[23.7208134,61.7783805],[23.7216577,61.7772804],[23.7208498,61.776525],[23.7211353,61.7762665],[23.7219033,61.7760786],[23.7233219,61.7748934],[23.7238139,61.7747871],[23.723249,61.7745688],[23.723328,61.7742298],[23.7228907,61.7740029],[23.7232733,61.7733738],[23.7235649,61.7731468],[23.723413,61.7728739],[23.7228907,61.772647],[23.7228846,61.7723568],[23.722508,61.7721299],[23.7219492,61.7721184],[23.7208316,61.7722591],[23.7195925,61.7723683],[23.7185235,61.7725579],[23.7168532,61.7727102],[23.7173027,61.7720379],[23.7185053,61.7711761],[23.7219006,61.7707423],[23.7229879,61.7699924],[23.7243606,61.7692942],[23.7249315,61.7687828],[23.7256847,61.7684467],[23.7262313,61.7679295],[23.7259762,61.7676393],[23.7263042,61.767306],[23.7259231,61.7672135],[23.7264135,61.7670273],[23.7265107,61.7668233],[23.7266869,61.7666739],[23.7273854,61.7662141],[23.7271667,61.7659067],[23.7292136,61.7657429],[23.7291164,61.7653004],[23.7280413,61.7645102],[23.7286852,61.7638464],[23.7289038,61.7632659],[23.7302887,61.7624728],[23.7318679,61.7619699],[23.7325056,61.7614842],[23.7330037,61.7611738],[23.7344736,61.7614727],[23.7350202,61.7620906],[23.7352025,61.7626538],[23.7359192,61.7626567],[23.7363504,61.7622716],[23.7366238,61.7622026],[23.7370975,61.7616336],[23.7370611,61.7613549],[23.7367392,61.7611566],[23.7364415,61.7612054],[23.7362654,61.761148],[23.7362715,61.7610646],[23.7363929,61.7609956],[23.7363747,61.7608491],[23.736071,61.7608979],[23.7353179,61.7604726],[23.7352996,61.7601823],[23.7356155,61.7599697],[23.7353543,61.7596679],[23.7349899,61.7596219],[23.7347408,61.7592569],[23.7344979,61.7592483],[23.7342853,61.7590097],[23.7339755,61.7590069],[23.7338244,61.7580862],[23.73399,61.7576044],[23.7341031,61.7572651],[23.7344007,61.7568282],[23.7357005,61.7558855],[23.7361196,61.7556814],[23.7368363,61.7555636],[23.7370777,61.7557124],[23.7375495,61.7559239],[23.7375909,61.7560649],[23.7380379,61.7561707],[23.738129,61.7559905],[23.7384353,61.7557868],[23.7382117,61.7555087],[23.7375922,61.7554863],[23.7373922,61.7555674],[23.7370528,61.7554303],[23.7370399,61.7550698],[23.7372547,61.7549131],[23.7375005,61.754636],[23.7373015,61.754287],[23.7374888,61.7538105],[23.7370674,61.7536776],[23.7365523,61.7540044],[23.7358639,61.7542079],[23.7352177,61.7540211],[23.7346441,61.7542205],[23.7337137,61.7541886],[23.73153,61.7549463],[23.7306286,61.7548937],[23.7299027,61.754636],[23.7286911,61.7548549],[23.7277955,61.7546554],[23.7275848,61.7542676],[23.7286592,61.7532964],[23.7280963,61.7530887],[23.7272023,61.7531906],[23.7260279,61.7535249],[23.7251883,61.7535463],[23.7244102,61.7532877],[23.7241949,61.7530448],[23.7241618,61.7525865],[23.7238224,61.7526452],[23.7234002,61.7521516],[23.7235492,61.7519361],[23.723392,61.7514072],[23.7230194,61.751415],[23.7229367,61.7513288],[23.7231519,61.751274],[23.7231105,61.7511251],[23.7227794,61.751082],[23.7227628,61.7509409],[23.7223489,61.7509057],[23.7222661,61.7506784],[23.721637,61.7507725],[23.7213804,61.7510663],[23.7202794,61.7511917],[23.719402,61.7514189],[23.7187563,61.7520223],[23.717647,61.752324],[23.7168689,61.7524062],[23.7166288,61.7522965],[23.715652,61.7524102],[23.714311,61.751893],[23.713806,61.7522064],[23.7128872,61.7522025],[23.7122911,61.7520144],[23.7116206,61.7514268],[23.7116868,61.7512348],[23.7114054,61.7509135],[23.7101306,61.7510859],[23.7096008,61.7509644],[23.7087481,61.7512191],[23.7077631,61.7511329],[23.707167,61.7510467],[23.7061737,61.7515208],[23.7060495,61.752226],[23.7058012,61.752418],[23.7051058,61.7524963],[23.7043029,61.7522613],[23.7040628,61.7519518],[23.7044243,61.7516563],[23.7050313,61.7514228],[23.7060992,61.7513327],[23.7067945,61.7510467],[23.7076223,61.7495343],[23.7084667,61.748833],[23.7096091,61.7487193],[23.7102961,61.7481747],[23.7113971,61.7479121],[23.7121968,61.7474326],[23.7128979,61.7475517],[23.7127584,61.7470916],[23.7132244,61.7466368],[23.7154865,61.7465407],[23.7169103,61.7470697],[23.7170179,61.7474027],[23.7177877,61.7474654],[23.7190212,61.7480023],[23.720594,61.7475321],[23.7209913,61.7469952],[23.7218109,61.7467444],[23.7229428,61.74701],[23.7241618,61.74667],[23.7243274,61.7460822],[23.7229946,61.7460156],[23.7229532,61.7456786],[23.7237924,61.7452874],[23.7257235,61.7452103],[23.7273703,61.745805],[23.7287345,61.7455375],[23.7293677,61.7456556],[23.7291068,61.7459926],[23.7282098,61.7464349],[23.7269929,61.747485],[23.7271998,61.747822],[23.7283753,61.7482844],[23.7286651,61.7489466],[23.7284084,61.7492914],[23.7288306,61.7492796],[23.7296087,61.7495657],[23.7306849,61.7484098],[23.731521,61.747967],[23.7336484,61.7483823],[23.7343852,61.7488839],[23.7345011,61.749358],[23.7353991,61.749717],[23.7361567,61.7496048],[23.7366782,61.7492287],[23.7366947,61.7482922],[23.7373321,61.7475085],[23.7379695,61.7473205],[23.7382841,61.7468737],[23.7388818,61.7465016],[23.7383355,61.745808],[23.7377891,61.7457923],[23.7376318,61.7454553],[23.7378719,61.7451692],[23.7372428,61.7449615],[23.7371269,61.7445501],[23.737814,61.744213],[23.7376981,61.7438368],[23.7379878,61.7435978],[23.7385259,61.7436801],[23.7400821,61.7433078],[23.7404464,61.7428649],[23.7403967,61.7423437],[23.7397841,61.7422379],[23.738352,61.7424377],[23.7376815,61.741987],[23.7377891,61.7411405],[23.738799,61.7407721],[23.7401152,61.7408544],[23.7414894,61.7404899],[23.7419116,61.739851],[23.7450407,61.7382754],[23.7458685,61.7373503],[23.7457691,61.7369387],[23.7461085,61.736535],[23.7449496,61.7360058],[23.7438983,61.7359],[23.7430871,61.7351277],[23.7434347,61.7349043],[23.7435258,61.7345319],[23.7427145,61.7338929],[23.7434761,61.7335009],[23.7443039,61.7335401],[23.7452228,61.732952],[23.7464562,61.7313486],[23.7468784,61.7312231],[23.7473751,61.731329],[23.7482111,61.7313525],[23.7487658,61.7311878],[23.7493783,61.7313643],[23.7503717,61.7313211],[23.7509098,61.7308428],[23.7533352,61.7307487],[23.7540885,61.7308742],[23.7546183,61.7310702],[23.7547425,61.7312858],[23.7553213,61.7314865],[23.754777,61.7308156],[23.7545545,61.7304635],[23.7540277,61.7303027],[23.7540336,61.7300311],[23.7527634,61.7290275],[23.7526697,61.7286421],[23.7532141,61.7279101],[23.7541858,61.7273418],[23.7552979,61.727314],[23.7563749,61.7271449],[23.7565915,61.7265793],[23.7561291,61.7261856],[23.7563106,61.7258778],[23.7552745,61.7256477],[23.7546657,61.7252733],[23.7543087,61.7254258],[23.7539633,61.7254508],[23.7537526,61.7250099],[23.7528921,61.7247659],[23.752816,61.724325],[23.7523127,61.7237455],[23.7518678,61.7239507],[23.7507791,61.7238259],[23.7502054,61.7233656],[23.749263,61.7231133],[23.7466173,61.7228998],[23.7464768,61.7227251],[23.747548,61.7220873],[23.7476533,61.7214134],[23.7471148,61.720917],[23.7470621,61.7206036],[23.7474836,61.7203374],[23.7479753,61.7202598],[23.7482562,61.7200019],[23.7478289,61.7200684],[23.7476709,61.7196857],[23.7473489,61.7197051],[23.7473197,61.7195692],[23.7480748,61.719303],[23.7482328,61.7188371],[23.747267,61.7171564],[23.7457392,61.7164547],[23.7442583,61.7164186]],[[23.7735843,61.5127496],[23.7735086,61.512776],[23.7734199,61.5127601],[23.7727009,61.5125199],[23.7726838,61.5124971],[23.7727591,61.5124456],[23.7728319,61.5124282],[23.7729279,61.5124157],[23.7729876,61.5124046],[23.7730502,61.5124199],[23.7730953,61.512447],[23.7731652,61.5125025],[23.7732467,61.5125303],[23.773366,61.5125914],[23.7734562,61.5126282],[23.7735625,61.5126573],[23.7736076,61.5126934],[23.773612,61.5127156],[23.7735843,61.5127496]],[[23.926524,61.5319626],[23.926609,61.531872],[23.926788,61.531872],[23.92705,61.531895],[23.927286,61.531811],[23.9273672,61.5317561],[23.927683,61.531734],[23.9278006,61.5317684],[23.9278521,61.5318093],[23.927952,61.531811],[23.9280667,61.5317725],[23.928162,61.531704],[23.92836,61.531689],[23.928448,61.531757],[23.928549,61.531776],[23.928904,61.531815],[23.929136,61.531807],[23.929445,61.531754],[23.929443,61.531715],[23.929533,61.531673],[23.929756,61.531662],[23.9298477,61.5316129],[23.929966,61.531612],[23.930058,61.5316804],[23.9302511,61.5317602],[23.9304056,61.531887],[23.9306073,61.5319238],[23.9308605,61.5319402],[23.931206,61.531956],[23.931688,61.532063],[23.9317832,61.5321243],[23.931856,61.532219],[23.931833,61.532295],[23.931902,61.532497],[23.9318433,61.532513],[23.931747,61.532501],[23.931755,61.532448],[23.931641,61.532391],[23.931387,61.532425],[23.931126,61.532413],[23.930857,61.532372],[23.930357,61.532227],[23.930109,61.532234],[23.9298477,61.5323002],[23.929644,61.532303],[23.929226,61.532249],[23.9288907,61.5323105],[23.928689,61.5323943],[23.928568,61.532398],[23.927986,61.532337],[23.927654,61.532242],[23.9272985,61.5322061],[23.926962,61.53212],[23.926634,61.532127],[23.926525,61.532104],[23.926504,61.532024],[23.926524,61.5319626]],[[23.8243227,61.5365051],[23.8240424,61.5365455],[23.8238786,61.5363181],[23.824038,61.536289],[23.8242335,61.5362498],[23.8243236,61.5362719],[23.8243227,61.5365051]],[[23.9308182,61.526565],[23.9309396,61.5266005],[23.9309396,61.5266105],[23.9309169,61.526619],[23.9308199,61.5266275],[23.9306451,61.5266105],[23.930466,61.526592],[23.930416,61.526558],[23.93046,61.526512],[23.930527,61.5265033],[23.9305788,61.5265149],[23.9306063,61.5264933],[23.9306856,61.5264801],[23.9308182,61.526565]],[[23.926785,61.525574],[23.926706,61.525543],[23.926517,61.525539],[23.926418,61.525417],[23.926298,61.525364],[23.925491,61.52541],[23.92486,61.525364],[23.924734,61.525303],[23.924555,61.524857],[23.924587,61.524704],[23.924685,61.524696],[23.924967,61.524765],[23.925049,61.524818],[23.92609,61.524994],[23.92621,61.525082],[23.926304,61.525047],[23.926401,61.525063],[23.926626,61.525185],[23.926527,61.525391],[23.926975,61.525536],[23.926785,61.525574]],[[23.8938832,61.5254884],[23.8939468,61.5254777],[23.8939766,61.5254873],[23.8940275,61.5254873],[23.8940698,61.5254565],[23.8941275,61.525421],[23.8941755,61.525396],[23.8942159,61.5253557],[23.8942418,61.5253268],[23.8942697,61.5253259],[23.8942985,61.5253191],[23.8943427,61.5252951],[23.8943629,61.5252682],[23.8943811,61.5252576],[23.8944138,61.5252653],[23.8944647,61.5252548],[23.8944676,61.5252375],[23.8945099,61.525199],[23.8945945,61.5252083],[23.8946322,61.5251924],[23.8946644,61.5251984],[23.8947312,61.5251661],[23.8947557,61.5251667],[23.8947963,61.525159],[23.8948028,61.5251351],[23.8947885,61.5251244],[23.8948438,61.5251019],[23.8949194,61.5250795],[23.894995,61.5250683],[23.8950594,61.5250655],[23.8951238,61.5250823],[23.8952162,61.5250963],[23.895317,61.5251187],[23.8953899,61.5251327],[23.8954627,61.5251467],[23.8955299,61.5251383],[23.8956055,61.5251243],[23.8956503,61.5250991],[23.8957175,61.5250823],[23.8957903,61.5250795],[23.8958492,61.5250963],[23.8958996,61.5251215],[23.8959556,61.5251243],[23.8960284,61.5251355],[23.8961264,61.5251271],[23.8962132,61.5251467],[23.8962832,61.5251411],[23.8963337,61.5251495],[23.8963757,61.5251803],[23.8964121,61.5251635],[23.8964401,61.5251747],[23.8964289,61.5252083],[23.8964037,61.5252307],[23.8963561,61.5252447],[23.8962776,61.5252559],[23.8962076,61.5252671],[23.89616,61.525284],[23.8960956,61.525298],[23.8960172,61.5253148],[23.8959248,61.5253316],[23.8958492,61.5253428],[23.8957847,61.5253512],[23.8957455,61.5253596],[23.8956783,61.5253652],[23.8956139,61.5253736],[23.8955103,61.5253652],[23.8954375,61.525326],[23.8954011,61.5253064],[23.8953815,61.5252868],[23.8953339,61.5253036],[23.8952946,61.5253148],[23.8952806,61.52534],[23.8952722,61.5253708],[23.8952498,61.5254184],[23.895191,61.5254296],[23.8951686,61.5254492],[23.895135,61.5254772],[23.895093,61.5254996],[23.8950566,61.5255248],[23.8949698,61.525536],[23.8949026,61.52555],[23.8948269,61.5255612],[23.8947569,61.5255836],[23.8947009,61.5255948],[23.8946421,61.52562],[23.8945749,61.5256312],[23.8945161,61.5256536],[23.8944853,61.5256816],[23.8944265,61.5257152],[23.8943565,61.5257208],[23.89425,61.5257264],[23.8941772,61.5257432],[23.8940904,61.525746],[23.8939924,61.5257488],[23.8938916,61.525732],[23.8938271,61.5257096],[23.8938047,61.5256676],[23.8938103,61.5256172],[23.8938047,61.5255668],[23.8938355,61.5255416],[23.8938832,61.5255164],[23.8938832,61.5254884]],[[23.7632534,61.7711319],[23.7646801,61.7708393],[23.7654378,61.7708278],[23.7660121,61.7704867],[23.7660244,61.7702382],[23.7665498,61.7701226],[23.7667508,61.7698888],[23.7655333,61.7694741],[23.7653327,61.7696439],[23.7645639,61.7696443],[23.7643275,61.7695744],[23.7634235,61.7700321],[23.7628891,61.7699368],[23.76201,61.7702346],[23.7626146,61.7705175],[23.7620044,61.7712295],[23.7632534,61.7711319]],[[23.9290755,61.5240989],[23.929016,61.524113],[23.928455,61.52375],[23.928267,61.523643],[23.927921,61.523586],[23.927839,61.523609],[23.927719,61.523712],[23.927738,61.523853],[23.92754,61.524014],[23.92754,61.524139],[23.927248,61.524155],[23.926773,61.524246],[23.926458,61.524193],[23.926212,61.524075],[23.926178,61.523941],[23.926413,61.523705],[23.926647,61.52367],[23.92654,61.523392],[23.926466,61.52335],[23.92631,61.523373],[23.92621,61.523472],[23.92606,61.523487],[23.926075,61.523544],[23.925936,61.523514],[23.925898,61.523529],[23.925835,61.523636],[23.925482,61.523861],[23.925323,61.523872],[23.92522,61.523808],[23.925299,61.52356],[23.925669,61.523273],[23.925743,61.523258],[23.925858,61.523094],[23.925817,61.523037],[23.925522,61.522984],[23.925308,61.522892],[23.924957,61.522957],[23.924845,61.523014],[23.924595,61.523064],[23.924534,61.523132],[23.92452,61.523308],[23.924318,61.523426],[23.924288,61.523525],[23.924177,61.523602],[23.923876,61.523754],[23.923601,61.523796],[23.923206,61.523804],[23.923126,61.523796],[23.923147,61.523769],[23.923075,61.523746],[23.922596,61.52372],[23.922554,61.523754],[23.922606,61.523918],[23.922562,61.52401],[23.922482,61.523926],[23.922085,61.523876],[23.922005,61.523746],[23.922056,61.523708],[23.922438,61.523621],[23.922384,61.52356],[23.922441,61.523495],[23.921967,61.523308],[23.921778,61.523186],[23.921707,61.523094],[23.921358,61.523026],[23.921196,61.522839],[23.921129,61.52282],[23.9212,61.52248],[23.921488,61.522469],[23.921743,61.522491],[23.921896,61.522461],[23.922338,61.522476],[23.922867,61.522598],[23.9230639,61.5226333],[23.923313,61.522636],[23.923796,61.522346],[23.924135,61.522289],[23.924517,61.522392],[23.9246073,61.5224112],[23.9248111,61.5224374],[23.924944,61.522419],[23.924994,61.5224],[23.925005,61.522297],[23.925114,61.522221],[23.925764,61.522053],[23.9256766,61.5218971],[23.9251788,61.5216025],[23.925482,61.521469],[23.92561,61.521465],[23.926374,61.521866],[23.926706,61.521954],[23.927013,61.521942],[23.927326,61.521984],[23.92757,61.522114],[23.927691,61.522125],[23.927824,61.522202],[23.928129,61.522221],[23.928371,61.522305],[23.928518,61.522392],[23.928671,61.522373],[23.928761,61.522396],[23.928764,61.522419],[23.928616,61.522438],[23.928507,61.522491],[23.928278,61.522888],[23.92853,61.52314],[23.928625,61.523296],[23.928598,61.523384],[23.929012,61.52367],[23.9292987,61.5238697],[23.929438,61.523952],[23.92923,61.524059],[23.9290755,61.5240989]],[[23.9024143,61.5390775],[23.902422,61.539097],[23.902506,61.539165],[23.902472,61.539249],[23.902157,61.539474],[23.901855,61.539539],[23.901546,61.539524],[23.901293,61.539455],[23.901232,61.539402],[23.901237,61.539265],[23.901398,61.539093],[23.901642,61.538994],[23.901918,61.538952],[23.902222,61.538982],[23.9024143,61.5390775]],[[23.9346179,61.8253615],[23.9348432,61.8249521],[23.9364396,61.8238876],[23.9379822,61.8235925],[23.9380144,61.8238066],[23.9363719,61.8252309],[23.9357009,61.8252453],[23.9348363,61.8254651],[23.9344868,61.825672],[23.9343929,61.8256154],[23.9346642,61.8254381],[23.9346179,61.8253615]],[[23.9231339,61.8295946],[23.9232567,61.8291842],[23.9230167,61.8290365],[23.9230376,61.8288247],[23.9222641,61.8288577],[23.9211289,61.8293904],[23.9212971,61.8296124],[23.9218842,61.8297454],[23.9225442,61.8295654],[23.9231339,61.8295946]],[[23.751364,61.7553455],[23.750917,61.7547696],[23.7499733,61.7550673],[23.7491538,61.7545267],[23.7493856,61.7542094],[23.7494518,61.753849],[23.7500395,61.7535395],[23.7502382,61.7531751],[23.7499568,61.7526971],[23.7494766,61.7527677],[23.7491041,61.7528734],[23.7488144,61.752846],[23.7483674,61.7529479],[23.7480197,61.7528852],[23.7474071,61.7532535],[23.7455943,61.753418],[23.7439552,61.7539822],[23.7431163,61.7549687],[23.7432446,61.7559539],[23.7427355,61.7565396],[23.7422223,61.7566297],[23.742065,61.7567844],[23.7421767,61.7569293],[23.7424665,61.7570547],[23.7424127,61.7574131],[23.7427148,61.7575365],[23.7431577,61.7574425],[23.7440683,61.7574445],[23.7467697,61.7558156],[23.7494849,61.7553651],[23.7500644,61.7554199],[23.7503541,61.7556941],[23.7508756,61.7556667],[23.751364,61.7553455]],[[23.9309752,61.5267879],[23.9311402,61.5268882],[23.931332,61.526958],[23.931314,61.526978],[23.931156,61.526985],[23.930967,61.526936],[23.930893,61.526829],[23.9309752,61.5267879]],[[23.930258,61.528004],[23.930237,61.527977],[23.930536,61.527893],[23.93115,61.527889],[23.931868,61.52813],[23.9319448,61.5281237],[23.9320176,61.5280875],[23.932087,61.528076],[23.9321843,61.528116],[23.9322538,61.5281145],[23.932243,61.528088],[23.9322765,61.528086],[23.932388,61.528103],[23.9323946,61.5280497],[23.932522,61.527973],[23.932436,61.527908],[23.93227,61.527889],[23.93222,61.527859],[23.932444,61.527763],[23.932577,61.52776],[23.932611,61.527794],[23.932524,61.527863],[23.932932,61.527908],[23.9332731,61.528025],[23.933451,61.5281284],[23.933519,61.528221],[23.933611,61.528275],[23.9339849,61.5283436],[23.9341451,61.5284963],[23.9341419,61.5285541],[23.934103,61.528637],[23.9341435,61.5287107],[23.934126,61.528778],[23.933949,61.528843],[23.933788,61.528824],[23.933662,61.528725],[23.933672,61.528652],[23.933859,61.528473],[23.933767,61.528423],[23.933628,61.528397],[23.9334958,61.5284569],[23.933472,61.528534],[23.933235,61.528515],[23.932972,61.52861],[23.9329236,61.5286158],[23.9328864,61.5285958],[23.933086,61.528519],[23.933083,61.528446],[23.933195,61.528412],[23.933344,61.528404],[23.933462,61.528446],[23.9335731,61.5283955],[23.933529,61.528297],[23.933456,61.528275],[23.933266,61.528351],[23.933064,61.528316],[23.932896,61.528336],[23.932632,61.528496],[23.932068,61.528706],[23.931856,61.528698],[23.931608,61.528637],[23.931437,61.528526],[23.931515,61.5284],[23.931641,61.528332],[23.93162,61.528267],[23.931526,61.528278],[23.931438,61.528393],[23.931324,61.528442],[23.931108,61.528385],[23.931143,61.52829],[23.931019,61.528255],[23.931057,61.528229],[23.931019,61.528198],[23.930815,61.528168],[23.930767,61.528229],[23.930685,61.528252],[23.930735,61.528183],[23.930614,61.528091],[23.93034,61.528046],[23.930258,61.528004]],[[23.8709897,61.840396],[23.8715315,61.8400568],[23.8723147,61.8399125],[23.872658,61.8395707],[23.8733983,61.8394745],[23.8740796,61.8392162],[23.8742405,61.8392441],[23.8737094,61.8396669],[23.8740581,61.8398745],[23.8757104,61.8397504],[23.8761878,61.8401125],[23.8768583,61.8403631],[23.87725,61.8407656],[23.8768101,61.8410112],[23.8765526,61.8409732],[23.8756138,61.841234],[23.8751149,61.8415605],[23.8751954,61.841882],[23.8757908,61.8421402],[23.8758606,61.8424541],[23.8750935,61.8426491],[23.8751954,61.8428744],[23.8745034,61.8429275],[23.8743424,61.8426187],[23.8740849,61.8425427],[23.8738117,61.8427007],[23.8728297,61.8428263],[23.8722181,61.8427807],[23.8712633,61.8433933],[23.8700777,61.843654],[23.8693428,61.8426086],[23.8696808,61.8417301],[23.8696432,61.8411732],[23.8698256,61.8408719],[23.8702601,61.8406011],[23.8709897,61.840396]],[[23.9260402,61.5300243],[23.9260514,61.5300548],[23.9260281,61.5301054],[23.9259885,61.5301406],[23.9259322,61.5301572],[23.9258476,61.5301572],[23.9257543,61.5301365],[23.9256762,61.53012],[23.9255808,61.5300962],[23.9255288,61.5300259],[23.9256068,61.5299546],[23.9257522,61.5299556],[23.9259582,61.5299876],[23.9260402,61.5300243]],[[23.9270516,61.5300084],[23.9271651,61.5299711],[23.9272587,61.5299579],[23.9274197,61.5299506],[23.9275776,61.5299682],[23.927679,61.530006],[23.9277617,61.5300544],[23.9278123,61.5300954],[23.9277923,61.5301656],[23.9277831,61.5302175],[23.9276789,61.5302343],[23.9275592,61.5301794],[23.9274964,61.5301582],[23.927363,61.5301436],[23.9271437,61.5301743],[23.9270486,61.5301188],[23.9270516,61.5300084]],[[23.8928223,61.5253179],[23.8928668,61.5253171],[23.8928689,61.5253238],[23.8928596,61.5253259],[23.8928632,61.5253414],[23.8928405,61.5253476],[23.892794,61.52536],[23.8927951,61.5253718],[23.8928116,61.5254028],[23.8927744,61.5254405],[23.8927604,61.5254755],[23.8927301,61.5255286],[23.8926784,61.5255646],[23.8926009,61.5255848],[23.8925548,61.5255916],[23.8925233,61.5256028],[23.8924952,61.5256275],[23.8924312,61.5256444],[23.8923812,61.5256508],[23.8923306,61.5256551],[23.8922744,61.5256438],[23.8921929,61.525641],[23.8921213,61.5256438],[23.8920524,61.5256368],[23.8919597,61.5256298],[23.8918923,61.5256213],[23.8918319,61.5255946],[23.8917785,61.5255623],[23.891756,61.5255314],[23.8917293,61.5255019],[23.8917265,61.5254752],[23.8917167,61.5254499],[23.8916956,61.5254331],[23.8916886,61.5254092],[23.8916914,61.5253853],[23.891711,61.5253614],[23.891749,61.5253319],[23.8918066,61.5253024],[23.8918754,61.5252785],[23.8919119,61.5252575],[23.8919428,61.5252322],[23.8919976,61.5252083],[23.8920819,61.5251858],[23.8921353,61.5251746],[23.8921929,61.5251563],[23.8922646,61.5251774],[23.8923067,61.525183],[23.8923446,61.5251718],[23.8924163,61.5251732],[23.8924528,61.5251928],[23.8924922,61.5252069],[23.8925259,61.5252069],[23.8925455,61.5251943],[23.8926186,61.5251999],[23.8926874,61.5252055],[23.8927127,61.5252252],[23.8927703,61.5252392],[23.8927759,61.5252729],[23.8927647,61.5252884],[23.8927689,61.5253066],[23.8927886,61.5253123],[23.8928223,61.5253179]],[[23.6966557,61.6398174],[23.6958756,61.6397403],[23.6953645,61.6398599],[23.6953137,61.6399569],[23.695393,61.640077],[23.6952808,61.6401518],[23.6951604,61.6401512],[23.6950484,61.6399923],[23.6949202,61.6399145],[23.6947717,61.6396977],[23.6946893,61.6396877],[23.6946069,61.6397126],[23.6946311,61.639869],[23.6943179,61.6399946],[23.6941267,61.6399454],[23.69409,61.6400043],[23.6942768,61.6401531],[23.6941835,61.6404289],[23.6941,61.6405268],[23.693923,61.640582],[23.6937934,61.6406904],[23.6937425,61.6407293],[23.6936862,61.6407524],[23.6936812,61.6407851],[23.6937378,61.6407842],[23.693836,61.6407552],[23.6939956,61.6407118],[23.6940607,61.6407226],[23.6940553,61.6407765],[23.6936428,61.6408923],[23.6933898,61.6408969],[23.693249,61.6409637],[23.6929883,61.6410006],[23.6927137,61.6409687],[23.6923001,61.6409245],[23.6920816,61.640769],[23.6921667,61.6407244],[23.6921594,61.6406618],[23.6919712,61.6406906],[23.6918483,61.6406973],[23.6917147,61.6408326],[23.6913821,61.6409037],[23.6909234,61.6409426],[23.6906255,61.6408622],[23.6904164,61.6408884],[23.6894092,61.6408727],[23.6891262,61.6408074],[23.6888105,61.6407842],[23.68845,61.6407068],[23.6882526,61.6406515],[23.6882981,61.6405895],[23.6882396,61.6405565],[23.6880011,61.6405325],[23.6878044,61.6404669],[23.6872231,61.6403644],[23.6870416,61.6402672],[23.6868567,61.6402284],[23.6867776,61.6402858],[23.6867128,61.6403082],[23.6865472,61.6402683],[23.6865115,61.6402397],[23.6865423,61.6401882],[23.6865961,61.6400972],[23.6862798,61.6399677],[23.6858864,61.6397475],[23.6853446,61.638985],[23.6854304,61.6388394],[23.6850688,61.6386996],[23.6854978,61.6384434],[23.6862211,61.6382367],[23.6861905,61.6381115],[23.6856817,61.6380329],[23.6840206,61.6375379],[23.6836284,61.6377329],[23.6830729,61.6377759],[23.6828193,61.6371797],[23.6831625,61.6370108],[23.6827089,61.6367866],[23.6816547,61.6361809],[23.6814034,61.6358228],[23.6816976,61.6356597],[23.6828254,61.6356102],[23.6830032,61.6354529],[23.6855714,61.6353627],[23.6858166,61.6352695],[23.6856388,61.6351734],[23.6863805,61.6350977],[23.6867249,61.6349097],[23.6874961,61.6348181],[23.6880722,61.6351443],[23.6886423,61.6352753],[23.6889975,61.635125],[23.6887832,61.6348152],[23.6898618,61.6346774],[23.6906772,61.634757],[23.6909433,61.6346883],[23.6913793,61.6347126],[23.6915472,61.6348385],[23.6914863,61.6349725],[23.6917928,61.6350161],[23.6920256,61.6351797],[23.6920288,61.63528],[23.6922726,61.635313],[23.6925008,61.635306],[23.6927184,61.6352637],[23.6927964,61.6352903],[23.6927731,61.6353831],[23.6928022,61.6354352],[23.6928951,61.6354874],[23.6930313,61.6354806],[23.6930684,61.6355395],[23.6932046,61.6355681],[23.6935512,61.6356858],[23.6940178,61.6359684],[23.6949311,61.6362013],[23.695826,61.6362363],[23.6960405,61.6359946],[23.6965799,61.6358694],[23.6967577,61.6355432],[23.6970274,61.635552],[23.6970703,61.6353539],[23.6967883,61.6352695],[23.6968741,61.635153],[23.6971438,61.6350627],[23.6978426,61.635252],[23.6977261,61.6354005],[23.6973154,61.6353947],[23.6972542,61.6355257],[23.6974871,61.6356393],[23.6990869,61.6355054],[23.699473,61.6357936],[23.6991114,61.6359422],[23.6989398,61.6363527],[23.6994117,61.6365042],[23.6997243,61.6364576],[23.6999815,61.6364778],[23.7002634,61.6365185],[23.7004817,61.6364798],[23.7005947,61.6364297],[23.7006157,61.6363259],[23.7004226,61.6362237],[23.7003993,61.6361619],[23.7006099,61.6361212],[23.7007744,61.6360503],[23.700885,61.6360309],[23.7008965,61.6359878],[23.7010399,61.6359455],[23.7014664,61.6359317],[23.7018151,61.6359549],[23.7019855,61.6360246],[23.7020637,61.6360376],[23.7020921,61.6360223],[23.7020003,61.6359565],[23.7020227,61.6358706],[23.7019223,61.635751],[23.7019694,61.6357203],[23.7021315,61.6357276],[23.7021787,61.6357869],[23.7022152,61.6358832],[23.7025109,61.6358767],[23.7026699,61.6356222],[23.7026626,61.6354187],[23.7028082,61.6353019],[23.7030665,61.6352921],[23.7033407,61.6353565],[23.7034395,61.635521],[23.7033672,61.6356033],[23.7033426,61.6356934],[23.7032432,61.6358301],[23.7031158,61.6357938],[23.70294,61.6358466],[23.7029324,61.6359172],[23.7028485,61.636041],[23.7029282,61.6361271],[23.7029379,61.6362417],[23.702862,61.6363052],[23.7026833,61.6363155],[23.7025687,61.636407],[23.7024343,61.636414],[23.7023654,61.6364786],[23.7023956,61.6365369],[23.701804,61.6366128],[23.7016323,61.6365377],[23.7016381,61.6364648],[23.7015188,61.6363989],[23.7011293,61.6363778],[23.7008985,61.6364033],[23.7007836,61.6364924],[23.7008648,61.6365438],[23.7010552,61.6365578],[23.701839,61.6368419],[23.7012077,61.6373049],[23.6996263,61.6374185],[23.6992524,61.6376485],[23.6992707,61.6379688],[23.6999572,61.6386356],[23.7004353,61.6387579],[23.7006437,61.6392179],[23.7001534,61.639477],[23.6995835,61.639515],[23.6992524,61.6392936],[23.697579,61.6395265],[23.6966557,61.6398174]],[[23.934191,61.5271107],[23.934313,61.52697],[23.934448,61.526958],[23.934587,61.527073],[23.934618,61.527164],[23.93478,61.527222],[23.934729,61.527237],[23.934553,61.527206],[23.934319,61.527241],[23.934166,61.527142],[23.934191,61.5271107]],[[23.9240207,61.5293383],[23.9242216,61.5294041],[23.9243397,61.5294721],[23.9243427,61.5295109],[23.9243121,61.5295284],[23.9242569,61.5295511],[23.9241909,61.5295796],[23.9240851,61.5295949],[23.9239026,61.529562],[23.92376,61.5295291],[23.9236818,61.5294838],[23.9236864,61.5294202],[23.9236956,61.5293888],[23.9237677,61.5293449],[23.9238765,61.5293383],[23.9240207,61.5293383]],[[23.896339,61.540161],[23.896313,61.540199],[23.896349,61.540386],[23.896481,61.54047],[23.896154,61.540478],[23.895792,61.540543],[23.895496,61.540524],[23.895346,61.540611],[23.895279,61.540722],[23.895287,61.540863],[23.895428,61.540947],[23.895597,61.54113],[23.895803,61.541256],[23.895859,61.541348],[23.895798,61.541519],[23.895067,61.541626],[23.89464,61.541618],[23.894587,61.541637],[23.894009,61.541515],[23.893553,61.541313],[23.893345,61.541256],[23.893196,61.541012],[23.893059,61.540905],[23.892559,61.540833],[23.892218,61.54073],[23.891804,61.540722],[23.891571,61.540749],[23.891636,61.540482],[23.891487,61.540394],[23.891336,61.540356],[23.890903,61.540333],[23.890121,61.540382],[23.889544,61.540314],[23.889242,61.540329],[23.889082,61.540295],[23.889017,61.54023],[23.888903,61.54023],[23.888844,61.540184],[23.888332,61.54015],[23.888088,61.540009],[23.888029,61.539829],[23.888077,61.53978],[23.888094,61.539547],[23.887972,61.539356],[23.88748,61.539146],[23.887348,61.539139],[23.887175,61.539188],[23.886972,61.539131],[23.887129,61.538902],[23.887314,61.53886],[23.887548,61.53886],[23.888027,61.539104],[23.888666,61.539192],[23.889341,61.539055],[23.889833,61.539055],[23.890175,61.539009],[23.890364,61.538937],[23.890471,61.53883],[23.890676,61.538746],[23.891346,61.53857],[23.89147,61.538506],[23.891594,61.538395],[23.891539,61.538284],[23.891602,61.538269],[23.891697,61.538116],[23.8919392,61.5379719],[23.892048,61.537979],[23.89206,61.5379929],[23.892084,61.538021],[23.892336,61.538109],[23.892363,61.538185],[23.892273,61.538391],[23.892355,61.538456],[23.892534,61.538506],[23.892677,61.53867],[23.892664,61.538773],[23.892521,61.538902],[23.892467,61.539013],[23.892529,61.539154],[23.892456,61.539383],[23.892279,61.539558],[23.892422,61.53978],[23.892424,61.539948],[23.892603,61.539997],[23.892632,61.540058],[23.892418,61.540325],[23.892416,61.540413],[23.892544,61.540546],[23.89279,61.540607],[23.893076,61.54063],[23.893732,61.540539],[23.894329,61.5406],[23.894512,61.540524],[23.894581,61.540375],[23.89484,61.540352],[23.895149,61.540405],[23.895144,61.54026],[23.895369,61.540039],[23.895514,61.540039],[23.895674,61.5401],[23.895996,61.540077],[23.896339,61.540161]],[[23.8633628,61.5302659],[23.8633041,61.5302732],[23.8632331,61.5302732],[23.863123,61.5302537],[23.8630276,61.530261],[23.8629811,61.5302953],[23.8629762,61.5303369],[23.8630202,61.5303369],[23.8630545,61.5303564],[23.863052,61.5303932],[23.8629297,61.5304666],[23.8628636,61.5304592],[23.8628538,61.5304886],[23.8628758,61.5305253],[23.8627828,61.5305522],[23.8627559,61.53054],[23.862636,61.5304592],[23.862565,61.5304494],[23.8623986,61.530447],[23.8623252,61.5304299],[23.8621368,61.5304274],[23.8619998,61.5304568],[23.8618211,61.5304592],[23.8617453,61.5304372],[23.8617232,61.5303956],[23.8616743,61.5303981],[23.8616229,61.530376],[23.8615715,61.5303369],[23.8615079,61.5303197],[23.8614198,61.5303393],[23.861317,61.5303246],[23.8612681,61.5302806],[23.8612705,61.5302414],[23.8611408,61.5302414],[23.861087,61.5302121],[23.8610674,61.5301803],[23.8610772,61.5301362],[23.8611213,61.5300799],[23.8612314,61.5300236],[23.8613097,61.5300212],[23.8613855,61.5300383],[23.8615617,61.5300114],[23.861618,61.5300285],[23.8616963,61.5300065],[23.8617232,61.5299649],[23.8617771,61.5299404],[23.8619459,61.5299111],[23.8621955,61.5299404],[23.8623497,61.5299869],[23.8624354,61.5300457],[23.8625748,61.5300236],[23.8626947,61.530053],[23.8627926,61.5300555],[23.8629517,61.530102],[23.8631181,61.5300971],[23.8632453,61.530053],[23.8633481,61.5300701],[23.863353,61.5301191],[23.8632992,61.5301533],[23.863309,61.5301925],[23.8633628,61.5302072],[23.8633628,61.5302659]],[[23.9285863,61.5267588],[23.928606,61.526691],[23.928705,61.526608],[23.928558,61.526421],[23.928589,61.526379],[23.928698,61.52636],[23.928766,61.526375],[23.928843,61.526459],[23.928995,61.526516],[23.929035,61.526562],[23.92898,61.52663],[23.928787,61.526661],[23.928738,61.526825],[23.928699,61.52684],[23.928629,61.526817],[23.9285863,61.5267588]],[[23.896564,61.540039],[23.896515,61.54007],[23.89646,61.53997],[23.896584,61.539833],[23.896633,61.539833],[23.896856,61.539513],[23.897017,61.539467],[23.897026,61.539566],[23.896852,61.539833],[23.896646,61.539936],[23.896564,61.540039]],[[23.9295674,61.5244089],[23.9297622,61.5243403],[23.929951,61.524307],[23.930271,61.524418],[23.930658,61.524494],[23.931023,61.524605],[23.931269,61.524723],[23.931618,61.524998],[23.931905,61.525455],[23.9334166,61.5261605],[23.933441,61.526206],[23.9333736,61.5262371],[23.9331997,61.5262941],[23.9330761,61.5263182],[23.931564,61.525627],[23.931143,61.525703],[23.93103,61.525799],[23.930851,61.525806],[23.930801,61.525879],[23.93067,61.525925],[23.930489,61.525936],[23.930195,61.525852],[23.930061,61.525749],[23.930107,61.52573],[23.930037,61.525467],[23.92997,61.525467],[23.92984,61.525574],[23.929705,61.52552],[23.929577,61.52541],[23.929569,61.525158],[23.929749,61.525066],[23.929924,61.525059],[23.929935,61.525024],[23.930004,61.525013],[23.929539,61.524452],[23.9295674,61.5244089]],[[23.7536714,61.6698516],[23.753453,61.6699417],[23.753099,61.6698824],[23.75287,61.6706284],[23.7535675,61.6705494],[23.7537445,61.6707371],[23.7533281,61.6712707],[23.7535155,61.6715326],[23.7532968,61.6720167],[23.7535155,61.6720365],[23.7536092,61.6719327],[23.7540673,61.6719327],[23.7545046,61.6720908],[23.7551293,61.6719525],[23.7552958,61.6721353],[23.7542235,61.6724762],[23.7541298,61.6726096],[23.7544005,61.6727034],[23.7542859,61.6728368],[23.7546295,61.6730344],[23.7555874,61.6729653],[23.7559101,61.6731728],[23.7561704,61.6730987],[23.7560975,61.6728862],[23.7563786,61.6728813],[23.7565244,61.6731332],[23.756743,61.6731085],[23.7566597,61.6727084],[23.7561808,61.6726787],[23.7562329,61.6724465],[23.7558164,61.6721995],[23.7561808,61.6721155],[23.7561288,61.6719871],[23.7557227,61.6719179],[23.7557748,61.6717598],[23.7561392,61.6713843],[23.7564039,61.6713482],[23.7568238,61.6717782],[23.7570581,61.6718293],[23.7572549,61.672019],[23.757363,61.6717967],[23.7576864,61.6715284],[23.7569172,61.6711021],[23.7565012,61.6712165],[23.7557788,61.6709843],[23.7554977,61.6703774],[23.755571,61.6700539],[23.7546559,61.6697109],[23.7541409,61.6697525],[23.7537607,61.6696826],[23.7535108,61.6697709],[23.7536714,61.6698516]],[[23.7601254,61.642756],[23.7613058,61.6427417],[23.76252,61.6429446],[23.7630745,61.6434198],[23.7643107,61.6437345],[23.7639375,61.6443099],[23.7616018,61.644573],[23.7614114,61.6443423],[23.7594546,61.6441235],[23.7590772,61.6437298],[23.7595232,61.6429376],[23.7601254,61.642756]],[[23.7545472,61.6547295],[23.7554279,61.6543444],[23.7555162,61.6540379],[23.7569458,61.6537449],[23.7575748,61.6537989],[23.7577103,61.6539705],[23.7581225,61.6542571],[23.7575483,61.6544948],[23.7575778,61.6548094],[23.757298,61.6549213],[23.7567827,61.6548514],[23.7561201,61.6549492],[23.7559728,61.655096],[23.7554428,61.6549492],[23.7549569,61.6549772],[23.7545472,61.6547295]],[[23.7543335,61.6676082],[23.7548804,61.6672307],[23.7555405,61.6673176],[23.7557051,61.6673058],[23.755714,61.6671187],[23.7559829,61.6670824],[23.7562074,61.6671255],[23.7559773,61.6672824],[23.7559635,61.6673567],[23.7560432,61.6675755],[23.7560842,61.6677617],[23.756372,61.6678539],[23.7565069,61.6679692],[23.7563551,61.6680568],[23.7568407,61.6682659],[23.7572067,61.6682821],[23.7572785,61.6683629],[23.7569812,61.6683918],[23.7568745,61.6686685],[23.7569443,61.6688012],[23.7568891,61.6688304],[23.7565252,61.6688237],[23.7562832,61.668913],[23.7562888,61.6687059],[23.7560722,61.6687552],[23.7560412,61.6689623],[23.7558893,61.6690824],[23.7555978,61.6691808],[23.7551293,61.669077],[23.7549731,61.6691561],[23.753982,61.6691373],[23.7540124,61.6689831],[23.754533,61.6688214],[23.7545254,61.6686225],[23.7542026,61.6685483],[23.7543068,61.6684792],[23.7547857,61.6685187],[23.7551005,61.6684094],[23.7550668,61.6682914],[23.7543794,61.6681807],[23.7544589,61.6679307],[23.7545046,61.6678368],[23.7543335,61.6676082]],[[23.8942861,61.5274123],[23.8942121,61.5274279],[23.8941244,61.5274338],[23.8940621,61.5274454],[23.8940348,61.5274649],[23.8940329,61.5274941],[23.8940387,61.527537],[23.8940309,61.5275662],[23.8940095,61.5275935],[23.8939472,61.5276305],[23.8938537,61.5276402],[23.8937563,61.5276441],[23.8936648,61.5276558],[23.8935713,61.5276636],[23.8934836,61.5276753],[23.8934135,61.527687],[23.8933687,61.5276811],[23.8933337,61.5276772],[23.893322,61.5276928],[23.8932908,61.5277142],[23.8931973,61.5277259],[23.8931058,61.5277356],[23.8930162,61.5277415],[23.8929305,61.5277415],[23.892874,61.5277123],[23.8928701,61.5276675],[23.8928838,61.5276285],[23.8928682,61.5275915],[23.8928448,61.5275701],[23.8928058,61.5275681],[23.8927552,61.5275857],[23.8926929,61.5276013],[23.8926539,61.5275915],[23.8926539,61.5275604],[23.8926383,61.5275292],[23.8926228,61.5275156],[23.8925819,61.5275156],[23.8925195,61.5275136],[23.8924533,61.5274922],[23.8924007,61.527463],[23.8923754,61.5274513],[23.8923813,61.5274221],[23.8924027,61.5274084],[23.8924494,61.527387],[23.8925137,61.5273734],[23.8925994,61.5273831],[23.8926695,61.5273636],[23.8927338,61.5273325],[23.8927825,61.5273033],[23.8928234,61.5272741],[23.8928993,61.5272546],[23.8929811,61.5272429],[23.8930707,61.5272429],[23.8931662,61.5272507],[23.8932597,61.5272448],[23.8933512,61.5272448],[23.8934525,61.5272487],[23.8934778,61.5272779],[23.893509,61.5272994],[23.8935401,61.5272877],[23.8936024,61.5272838],[23.8936648,61.5272585],[23.8937544,61.5272546],[23.8938381,61.5272546],[23.8939102,61.5272448],[23.8940017,61.5272487],[23.8940601,61.5272838],[23.89414,61.5272955],[23.8942296,61.5273052],[23.8942802,61.5273344],[23.8942978,61.5273812],[23.8942861,61.5274123]],[[23.8487248,61.5307226],[23.8486257,61.5307185],[23.8486279,61.5305046],[23.8487248,61.5305057],[23.8487248,61.5307226]],[[23.932304,61.527321],[23.9323288,61.5273226],[23.932537,61.527336],[23.932781,61.527401],[23.932747,61.527431],[23.932518,61.527447],[23.932344,61.527428],[23.932188,61.527344],[23.932304,61.527321]],[[23.9189903,61.5226925],[23.9189903,61.5226736],[23.9190323,61.5226614],[23.919095,61.5226621],[23.919179,61.5226748],[23.9192813,61.5226578],[23.9193714,61.5226663],[23.9194427,61.5226998],[23.9194938,61.5227351],[23.9195077,61.5227511],[23.9195121,61.522771],[23.9195004,61.5227964],[23.9194816,61.5228161],[23.9194305,61.5228599],[23.9193556,61.522891],[23.9192661,61.5229099],[23.9191553,61.5228995],[23.919056,61.522877],[23.9189775,61.5228331],[23.9189531,61.5227777],[23.9189854,61.5227248],[23.9189903,61.5226925]],[[23.9163698,61.5337575],[23.916227,61.533737],[23.916124,61.533737],[23.916042,61.533772],[23.915634,61.533691],[23.91559,61.533592],[23.915659,61.533478],[23.915873,61.533398],[23.916235,61.53339],[23.916471,61.533428],[23.916557,61.533634],[23.91654,61.53373],[23.9164576,61.5337559],[23.9163698,61.5337575]],[[23.7303377,61.6489846],[23.730438,61.6487852],[23.7307791,61.6487873],[23.7308251,61.6492326],[23.7319904,61.649265],[23.732871,61.6495421],[23.7327826,61.6499416],[23.7329662,61.6501223],[23.7337685,61.6500871],[23.7337646,61.6503152],[23.7333626,61.6504705],[23.7329219,61.6504997],[23.7328559,61.6502594],[23.7323094,61.6501499],[23.7322647,61.6503278],[23.7318605,61.6504166],[23.7314187,61.6503626],[23.7308477,61.6498458],[23.7304697,61.6498642],[23.7298989,61.6502049],[23.7293301,61.6496587],[23.7303377,61.6489846]],[[23.7515546,61.6573293],[23.7516355,61.6570768],[23.7527351,61.6569187],[23.7536688,61.6565557],[23.7544905,61.6564457],[23.7562028,61.6563135],[23.7563477,61.656961],[23.7558798,61.6571999],[23.7547359,61.6573931],[23.7545537,61.6573572],[23.7542208,61.6572068],[23.753319,61.657319],[23.7525732,61.6573562],[23.752276,61.6572916],[23.7515546,61.6573293]],[[23.7895323,61.8687653],[23.7887704,61.868459],[23.7886287,61.8681054],[23.7890539,61.8675234],[23.7904654,61.8670166],[23.7915402,61.8668105],[23.7919948,61.8668482],[23.7927155,61.8666267],[23.7930226,61.8667297],[23.7925078,61.8669398],[23.7925383,61.8670723],[23.792771,61.8671168],[23.7948121,61.8665181],[23.7945109,61.8674705],[23.7940526,61.867676],[23.7937845,61.8676459],[23.7937789,61.8673607],[23.7935701,61.8673607],[23.7933356,61.8680525],[23.7926151,61.8680692],[23.7920009,61.8687263],[23.7915402,61.8687542],[23.7911859,61.8685983],[23.7903414,61.8690772],[23.7899398,61.8691023],[23.7895323,61.8687653]],[[23.8326495,61.8362627],[23.8321205,61.8363592],[23.8312464,61.8360888],[23.8295219,61.8363202],[23.8289313,61.8358463],[23.829392,61.8348818],[23.8287777,61.8338392],[23.8279864,61.8337863],[23.8263397,61.8346284],[23.8251929,61.8358045],[23.8255709,61.8363063],[23.825252,61.8365404],[23.8254173,61.8367105],[23.8251161,61.837739],[23.8261437,61.838146],[23.8260079,61.8388149],[23.8275021,61.8391522],[23.8288781,61.8389738],[23.8295021,61.8393876],[23.8277678,61.8404538],[23.8273308,61.8407688],[23.8274489,61.8410725],[23.8268761,61.8411924],[23.8267107,61.8417777],[23.8270748,61.842158],[23.8276456,61.8422954],[23.8274844,61.8425775],[23.8279568,61.8430541],[23.8274548,61.8440183],[23.8291144,61.8441047],[23.8290849,61.8445116],[23.8295858,61.8447382],[23.8297876,61.8450439],[23.8316066,61.84469],[23.831524,61.8451247],[23.8319846,61.8456012],[23.8330004,61.8444001],[23.8336535,61.8442107],[23.8345631,61.8434037],[23.8345086,61.8430088],[23.8351738,61.8428813],[23.8350616,61.8424688],[23.8343448,61.8420815],[23.8351442,61.8417916],[23.8357639,61.841824],[23.8363643,61.8413088],[23.8365735,61.8410837],[23.8372194,61.8411371],[23.8374003,61.8407688],[23.836916,61.8405904],[23.836727,61.8402281],[23.8366372,61.839128],[23.8363394,61.8385737],[23.8348464,61.8386591],[23.8343233,61.8384108],[23.8372054,61.8374463],[23.8375154,61.8366787],[23.8380038,61.8365507],[23.8385161,61.8366777],[23.8399634,61.8362338],[23.8401583,61.835417],[23.8392783,61.8351494],[23.8384043,61.8352749],[23.8380322,61.8356456],[23.8375007,61.8356345],[23.8353391,61.836493],[23.8349493,61.8367383],[23.83466,61.8366352],[23.8345359,61.8359829],[23.8338095,61.8358742],[23.8326495,61.8362627]],[[23.6961218,61.6225548],[23.6955527,61.6225444],[23.6952898,61.6227383],[23.6952322,61.6228918],[23.6945009,61.6230655],[23.6941093,61.6233099],[23.6937742,61.6233511],[23.6936515,61.6234596],[23.6934557,61.6236564],[23.6931631,61.6237809],[23.6927984,61.6237756],[23.6926035,61.6236761],[23.6923483,61.6236419],[23.69222,61.6235533],[23.6922621,61.6234489],[23.6923892,61.623321],[23.6921159,61.6231691],[23.6920761,61.623057],[23.6918735,61.6230222],[23.6916481,61.6228742],[23.6912916,61.6229384],[23.6909518,61.6228925],[23.6909178,61.6227779],[23.6907533,61.6228188],[23.690553,61.6227579],[23.6905079,61.6225784],[23.6905996,61.6224],[23.6907771,61.6223007],[23.6907569,61.6222062],[23.6904899,61.6221473],[23.6902456,61.6221061],[23.6899956,61.6221661],[23.6897762,61.6221818],[23.689663,61.6220858],[23.6897781,61.621976],[23.6900487,61.6219019],[23.6898492,61.6217163],[23.6900482,61.6216278],[23.6904628,61.6215565],[23.690646,61.6215283],[23.690679,61.6216276],[23.6908565,61.6216852],[23.6915749,61.621506],[23.691963,61.6214282],[23.6924155,61.6211974],[23.6928296,61.6210656],[23.6933172,61.6209789],[23.6933515,61.6210738],[23.693521,61.6211516],[23.693719,61.6211336],[23.6939009,61.6210621],[23.694204,61.6210611],[23.6946651,61.621068],[23.6949759,61.620996],[23.6951501,61.6207765],[23.6952385,61.6205112],[23.6960016,61.6200762],[23.6968924,61.6196506],[23.6974095,61.6194758],[23.6983275,61.6192136],[23.6984325,61.6190487],[23.6984255,61.6189059],[23.6985271,61.6187158],[23.6984886,61.6186544],[23.6985668,61.6186152],[23.698561,61.618545],[23.6987178,61.6184445],[23.6989386,61.6183909],[23.698954,61.6183107],[23.6991555,61.6181763],[23.6993524,61.6181138],[23.6994839,61.6180292],[23.699817,61.6179198],[23.70001,61.6178771],[23.7000815,61.6177811],[23.7002677,61.6178238],[23.7003886,61.6179331],[23.7003512,61.6180208],[23.7004073,61.6181128],[23.7004774,61.618206],[23.700638,61.6181566],[23.7006817,61.6180272],[23.7008906,61.617924],[23.7008322,61.6178062],[23.7009742,61.617716],[23.7012563,61.6177812],[23.7014261,61.6177565],[23.7015117,61.6176386],[23.7015803,61.6174827],[23.7018699,61.617441],[23.7021642,61.6174414],[23.702295,61.6175088],[23.7026035,61.6175016],[23.7027822,61.6174365],[23.70269,61.6173271],[23.7026524,61.6172599],[23.7023859,61.6172371],[23.7023479,61.6171604],[23.7027133,61.6169964],[23.7029806,61.6168901],[23.7029969,61.6167966],[23.7030506,61.6167609],[23.7031532,61.6168249],[23.7033212,61.6168464],[23.7035545,61.6169114],[23.703702,61.6168165],[23.7036813,61.6166417],[23.7042378,61.6164435],[23.704516,61.6162977],[23.7048876,61.6161786],[23.7050829,61.6160885],[23.705344,61.6160523],[23.7054836,61.6159895],[23.7056579,61.6159804],[23.7058042,61.6159003],[23.7061061,61.6158955],[23.7062211,61.6158373],[23.7064551,61.6160491],[23.706633,61.6160566],[23.7066473,61.6161414],[23.7068296,61.616164],[23.7068766,61.6162333],[23.7070681,61.6162634],[23.7069982,61.6163158],[23.7070561,61.6163991],[23.7071948,61.61642],[23.7073241,61.616381],[23.7074613,61.6163206],[23.7075283,61.6164073],[23.7074412,61.6164873],[23.7072811,61.616502],[23.7072145,61.6165544],[23.7070998,61.6165971],[23.7071007,61.6166807],[23.7071295,61.6167687],[23.7072563,61.616762],[23.7074439,61.6167088],[23.7077069,61.6166866],[23.7078733,61.6167092],[23.7081471,61.6166053],[23.7083252,61.6166044],[23.7083586,61.6166723],[23.7082293,61.6167015],[23.7083815,61.6167733],[23.7088728,61.6167766],[23.7096583,61.6167864],[23.7110141,61.6166731],[23.7119913,61.6166406],[23.7122601,61.6165648],[23.7122983,61.6165095],[23.7124565,61.6164821],[23.7124028,61.6164335],[23.7124518,61.6164086],[23.7127252,61.6164077],[23.7133572,61.6161645],[23.713765,61.6162163],[23.71391,61.6161865],[23.7144146,61.6161575],[23.7147048,61.6161812],[23.7150815,61.6161877],[23.7152449,61.6162415],[23.715525,61.6162443],[23.7158563,61.6162363],[23.7163325,61.616213],[23.7168664,61.6162327],[23.7173979,61.6161804],[23.7176775,61.6161216],[23.7182958,61.6161406],[23.7184956,61.6161852],[23.7187558,61.6162079],[23.7189543,61.6162891],[23.7192441,61.6163088],[23.7193515,61.6163736],[23.7205749,61.616498],[23.7209051,61.6165094],[23.7212138,61.6165463],[23.7213616,61.6165296],[23.7216596,61.6165741],[23.7227764,61.6167063],[23.7233974,61.6168155],[23.7241739,61.6168838],[23.7245886,61.6169617],[23.7255665,61.6170269],[23.7257092,61.6170807],[23.7263907,61.6171351],[23.7270025,61.6172354],[23.7281772,61.6175173],[23.7286223,61.6176793],[23.7290941,61.6177636],[23.7297353,61.6178521],[23.7298615,61.6178284],[23.730189,61.6179696],[23.730608,61.6180787],[23.7306106,61.6181286],[23.730683,61.6181605],[23.730774,61.6181429],[23.7313801,61.6183879],[23.7314389,61.6185308],[23.731676,61.6185738],[23.731881,61.6187289],[23.732264,61.6188428],[23.7329059,61.6190973],[23.7332421,61.6192525],[23.7332281,61.6194283],[23.7333866,61.6195134],[23.7333834,61.6196088],[23.7334588,61.6196608],[23.7333986,61.6196894],[23.7332329,61.6196483],[23.7330611,61.6196628],[23.7327359,61.6195892],[23.7326219,61.6195376],[23.7325913,61.6194872],[23.7325275,61.6194886],[23.7325203,61.619522],[23.7325018,61.6195967],[23.7322794,61.6197576],[23.7321494,61.6199067],[23.7322856,61.6201934],[23.7323109,61.6203248],[23.7316649,61.6202688],[23.7313627,61.6203152],[23.7313255,61.6203996],[23.7316455,61.6205969],[23.7319901,61.6206858],[23.731891,61.6212554],[23.7315202,61.6213397],[23.7314144,61.6214681],[23.7310445,61.6215651],[23.7308904,61.6215798],[23.7306623,61.6216825],[23.730502,61.6217998],[23.7297772,61.6217779],[23.7296009,61.6218527],[23.7293714,61.6218087],[23.7291666,61.6218818],[23.7289864,61.6218553],[23.7286214,61.6218932],[23.7281964,61.6220655],[23.7281798,61.6221862],[23.7277708,61.6221755],[23.7274974,61.6223465],[23.727234,61.6224189],[23.72704,61.6224115],[23.7268065,61.6223744],[23.7264252,61.6221498],[23.7250472,61.6220315],[23.7246561,61.6218474],[23.7243389,61.621798],[23.7239633,61.621705],[23.7230157,61.6213133],[23.7229119,61.6211572],[23.7226726,61.6210831],[23.7217994,61.6207298],[23.7217088,61.6206128],[23.7214703,61.6205426],[23.7211041,61.6204666],[23.7209132,61.6206408],[23.7207438,61.6207206],[23.7209071,61.620771],[23.7208937,61.6209239],[23.7211457,61.6210552],[23.7217612,61.621292],[23.7219694,61.6213086],[23.7224619,61.6214922],[23.7230192,61.6217197],[23.7233732,61.621959],[23.7235847,61.6220642],[23.7235924,61.6221643],[23.7239081,61.6224411],[23.7240245,61.6224387],[23.7242935,61.6226103],[23.724484,61.622771],[23.7247749,61.6229689],[23.7252458,61.6232203],[23.7255987,61.6234463],[23.725537,61.6239079],[23.7254606,61.6239744],[23.7255022,61.6240917],[23.7253185,61.6241514],[23.725301,61.6242339],[23.7251695,61.6243532],[23.724971,61.6244183],[23.7246556,61.6243209],[23.7246256,61.6242603],[23.7243702,61.6241691],[23.7242029,61.6241856],[23.7239325,61.6241471],[23.7237117,61.6240253],[23.7236947,61.6239545],[23.7234999,61.6239099],[23.7230458,61.6237287],[23.7227088,61.6236181],[23.7223932,61.6236094],[23.7217728,61.6234289],[23.7214431,61.6232352],[23.7211028,61.6231588],[23.7209644,61.6230838],[23.7207046,61.6230488],[23.7202347,61.6229975],[23.7200178,61.6230484],[23.719857,61.6231303],[23.7199561,61.6232432],[23.7198888,61.6233152],[23.7199897,61.6233961],[23.7201505,61.6235243],[23.720388,61.6236875],[23.7203897,61.6237641],[23.7205455,61.6237875],[23.7207432,61.6238908],[23.7207425,61.6240368],[23.7205025,61.6240941],[23.7204914,61.6241757],[23.7206597,61.6241681],[23.7207626,61.6242182],[23.720916,61.624336],[23.7209568,61.6245333],[23.7211262,61.6245703],[23.721235,61.6246384],[23.7211176,61.624735],[23.7209162,61.6247895],[23.7209111,61.6248871],[23.7208078,61.6249212],[23.7206578,61.6249065],[23.720626,61.6247724],[23.7203695,61.6246915],[23.7203931,61.6246417],[23.7200995,61.6245221],[23.7202387,61.6243594],[23.720348,61.6243135],[23.7203513,61.6242284],[23.7202799,61.624201],[23.7202629,61.624084],[23.7203299,61.6240779],[23.7201792,61.6238247],[23.71986,61.6237268],[23.7195728,61.6237009],[23.7191426,61.623878],[23.7192168,61.623933],[23.7191597,61.6239675],[23.7187757,61.6238589],[23.7185037,61.6237724],[23.718274,61.623626],[23.7179928,61.6235561],[23.717792,61.6235027],[23.7175984,61.6235065],[23.7174434,61.6234432],[23.7173522,61.6234574],[23.7171549,61.6233697],[23.7167114,61.6233101],[23.7162442,61.6231869],[23.7157444,61.623172],[23.715119,61.6229101],[23.7150563,61.6226447],[23.7147904,61.6223444],[23.7144087,61.6222016],[23.7140846,61.6219144],[23.714109,61.6216701],[23.7142632,61.621385],[23.7142404,61.6212445],[23.7143796,61.6211578],[23.7144338,61.6210207],[23.7145423,61.6209414],[23.7145469,61.6207965],[23.7146964,61.6206942],[23.7148253,61.6204155],[23.7147748,61.6203297],[23.7145969,61.620264],[23.7142934,61.6201408],[23.7135034,61.6201075],[23.7133961,61.6201876],[23.7130664,61.6201419],[23.7126801,61.6201365],[23.7117574,61.6199197],[23.7113434,61.6197529],[23.7108304,61.6195659],[23.7106248,61.6195656],[23.7105324,61.6196831],[23.7106851,61.6198114],[23.7109453,61.6198739],[23.710683,61.6199269],[23.7102367,61.6198554],[23.7100312,61.6197209],[23.7098033,61.6197588],[23.7098948,61.6200517],[23.7099227,61.6204118],[23.7099217,61.6206207],[23.7096567,61.6207396],[23.7089811,61.620845],[23.7086916,61.6207867],[23.7081227,61.6206543],[23.7076023,61.6206241],[23.7072943,61.6204829],[23.7068666,61.6204764],[23.706215,61.6205488],[23.705822,61.6206708],[23.705698,61.6206381],[23.7049178,61.6207269],[23.7041501,61.6208217],[23.7038142,61.6207987],[23.703472,61.6208271],[23.703352,61.6209435],[23.7031145,61.6209229],[23.7028982,61.6209831],[23.7021716,61.6210305],[23.7014169,61.621038],[23.7006906,61.621118],[23.700251,61.6212997],[23.6999375,61.6215102],[23.6998802,61.6217671],[23.7001864,61.6220026],[23.7002909,61.6221344],[23.7005347,61.6221948],[23.7005543,61.6222996],[23.7007687,61.6223971],[23.7011186,61.6225168],[23.7015569,61.6225388],[23.7019898,61.6226103],[23.7021612,61.6225353],[23.7024627,61.6225482],[23.7026427,61.6224501],[23.7027226,61.6223205],[23.7028263,61.6222345],[23.7031431,61.6221658],[23.7033572,61.6220483],[23.7036007,61.6220164],[23.7037739,61.6220626],[23.703947,61.6220733],[23.7041539,61.6221382],[23.7043657,61.6221261],[23.7045682,61.6221651],[23.7048143,61.6221143],[23.705049,61.6220493],[23.7052229,61.6221019],[23.7055801,61.6221494],[23.7057435,61.6222711],[23.7057675,61.6224483],[23.7058196,61.6225834],[23.7056706,61.6228765],[23.7057058,61.6230027],[23.7058624,61.6231045],[23.7058394,61.6231528],[23.7060116,61.623285],[23.7060111,61.6234084],[23.7059167,61.6234399],[23.7057972,61.6234938],[23.7054723,61.6234656],[23.7053171,61.6235347],[23.7048957,61.6234108],[23.7048555,61.6232389],[23.7043769,61.6231187],[23.7037676,61.6230539],[23.7037433,61.6228095],[23.7035806,61.6227372],[23.7033526,61.6228292],[23.7031486,61.6228267],[23.7031826,61.6229066],[23.703366,61.6229732],[23.7035461,61.6230908],[23.703598,61.6232063],[23.703571,61.6232374],[23.7033413,61.6231707],[23.7031022,61.6231884],[23.7029603,61.6233525],[23.7028347,61.6233663],[23.7025966,61.6233387],[23.7024519,61.6233909],[23.7023586,61.623482],[23.7022187,61.6235133],[23.7020339,61.6233767],[23.7017696,61.6233244],[23.7016352,61.6232261],[23.7014914,61.623261],[23.7013719,61.6232287],[23.7011889,61.6230532],[23.700978,61.6230951],[23.7007723,61.6231833],[23.700343,61.6230734],[23.7000024,61.6231433],[23.6997229,61.6230256],[23.6997037,61.622933],[23.6995023,61.622847],[23.6994546,61.6227251],[23.6992963,61.6227196],[23.6992653,61.6227916],[23.6990083,61.6227856],[23.6986085,61.6227002],[23.6981436,61.6227076],[23.6976361,61.6224396],[23.6975868,61.6222229],[23.6979671,61.62201],[23.6978335,61.6217686],[23.6973309,61.6217561],[23.6966781,61.6218558],[23.696283,61.6219263],[23.6961025,61.622007],[23.6963512,61.6220545],[23.6965009,61.622149],[23.6967294,61.6221766],[23.6967758,61.6222521],[23.6965054,61.6224489],[23.6961218,61.6225548]],[[23.710764,61.6215785],[23.7109789,61.6214774],[23.7115053,61.6214435],[23.711795,61.6214118],[23.7120917,61.6214306],[23.7122606,61.6215018],[23.7124284,61.6215097],[23.7126633,61.6217711],[23.7127353,61.6219081],[23.712752,61.6221955],[23.7126087,61.6224382],[23.7122673,61.6226373],[23.7120804,61.6226417],[23.7119472,61.6226768],[23.7118622,61.6226485],[23.7117987,61.6225437],[23.7114661,61.6224914],[23.7112539,61.6224069],[23.7110243,61.6221831],[23.7108371,61.6220434],[23.7107176,61.6217437],[23.710764,61.6215785]],[[23.8205901,61.8427522],[23.8209593,61.8429251],[23.821163,61.8430838],[23.8214169,61.8432538],[23.8216236,61.8435046],[23.8215646,61.8440063],[23.8208604,61.8444551],[23.8197515,61.8446166],[23.8198696,61.8452074],[23.8193676,61.8467233],[23.8190369,61.8474199],[23.8175781,61.8474255],[23.8170998,61.8470075],[23.8171529,61.8467985],[23.8164501,61.8464223],[23.8156292,61.8463582],[23.8157476,61.8457088],[23.816293,61.8453626],[23.8165151,61.8447726],[23.815517,61.8446249],[23.8164738,61.8439254],[23.8171588,61.8440536],[23.8183872,61.8434656],[23.8184995,61.8430894],[23.8201472,61.8421084],[23.8207968,61.8423425],[23.8205901,61.8427522]],[[23.8134996,61.8501363],[23.8140211,61.8498792],[23.8144126,61.8495894],[23.8148964,61.8494622],[23.8150406,61.8495303],[23.8153047,61.8504138],[23.815302,61.8505828],[23.8154688,61.8508422],[23.8152344,61.8510379],[23.815266,61.8511761],[23.8155048,61.8513377],[23.8152389,61.8515992],[23.8152699,61.8518118],[23.8149595,61.8519096],[23.8145584,61.8518395],[23.814624,61.8516573],[23.8142874,61.851417],[23.8141874,61.8511724],[23.8134747,61.8508215],[23.8135172,61.8506998],[23.8134631,61.850602],[23.81308,61.8506487],[23.8128551,61.8508899],[23.8128547,61.850889],[23.8126368,61.8507784],[23.8126023,61.8507763],[23.8128637,61.8504765],[23.8131521,61.8505424],[23.8134181,61.8505424],[23.8134996,61.8501363]],[[23.7890274,61.5154419],[23.789067,61.5154431],[23.789102,61.5154441],[23.7890788,61.5155276],[23.7906616,61.5155961],[23.790902,61.5155186],[23.7909631,61.5155183],[23.7909911,61.5155337],[23.7909786,61.5155711],[23.7907397,61.5156552],[23.7889428,61.5155773],[23.7889372,61.5155468],[23.7889635,61.5155301],[23.789007,61.5155243],[23.7890274,61.5154419]],[[23.9294091,61.5273648],[23.9294867,61.5273957],[23.92968,61.527416],[23.9297302,61.5274483],[23.9297416,61.5275356],[23.929825,61.527584],[23.929665,61.527699],[23.929688,61.527901],[23.929945,61.528057],[23.930021,61.528145],[23.929909,61.52824],[23.929771,61.528278],[23.929527,61.528252],[23.928944,61.527817],[23.928843,61.527569],[23.928862,61.527443],[23.929092,61.5274235],[23.929325,61.5274096],[23.9294091,61.5273648]],[[23.7370885,61.7635628],[23.7376296,61.7635363],[23.7378615,61.7634266],[23.7390598,61.7632905],[23.7391887,61.7633413],[23.7394592,61.7633433],[23.7394249,61.7634815],[23.7399231,61.7635932],[23.739936,61.7638675],[23.7390126,61.7641825],[23.7382266,61.764345],[23.7378315,61.7645645],[23.7377241,61.7647982],[23.7379179,61.7649389],[23.7377782,61.7651889],[23.7374381,61.7653182],[23.7368125,61.7653412],[23.7366121,61.7651573],[23.736984,61.7649353],[23.736794,61.7647384],[23.7365027,61.7646257],[23.7364238,61.7641372],[23.7360411,61.7639504],[23.7364283,61.76382],[23.7366633,61.7637091],[23.7369338,61.7637151],[23.7370885,61.7635628]],[[23.7471328,61.7683263],[23.7469324,61.7679758],[23.7440655,61.7679212],[23.7438286,61.7677459],[23.7429236,61.7676827],[23.7426685,61.7674615],[23.7427596,61.7673063],[23.7425895,61.7670707],[23.7421401,61.766927],[23.7416266,61.7669527],[23.741393,61.7667604],[23.7416724,61.7663437],[23.7397512,61.7649629],[23.7415464,61.7641461],[23.741885,61.7636743],[23.7425288,61.7633869],[23.743446,61.7633754],[23.7447519,61.7636254],[23.7464135,61.7635267],[23.7482079,61.763272],[23.7488457,61.7629156],[23.7491797,61.7631714],[23.7498479,61.7631886],[23.7504735,61.763361],[23.7519494,61.7634013],[23.7524823,61.7632354],[23.7536987,61.763157],[23.7550653,61.763249],[23.7554784,61.7635622],[23.7560736,61.7635737],[23.7562194,61.7638036],[23.7560857,61.7646283],[23.755363,61.7645996],[23.7547495,61.7642777],[23.7545308,61.7643151],[23.7547252,61.7646455],[23.7544579,61.765045],[23.7542454,61.7649789],[23.7535165,61.7650938],[23.7529152,61.7654386],[23.7524293,61.7660076],[23.7516534,61.7663353],[23.7512691,61.7662029],[23.7497689,61.7667029],[23.7496717,61.7669816],[23.7499815,61.7677632],[23.7495806,61.7680964],[23.748955,61.7681769],[23.7484266,61.7684499],[23.7476491,61.7685102],[23.7471328,61.7683263]],[[23.925142,61.532902],[23.9250952,61.5329235],[23.925001,61.532951],[23.924881,61.53294],[23.924858,61.532982],[23.924734,61.532986],[23.9247,61.532955],[23.924236,61.532894],[23.923693,61.532757],[23.923344,61.532619],[23.923376,61.532524],[23.923304,61.532501],[23.923325,61.532482],[23.923447,61.532421],[23.923672,61.532368],[23.923712,61.532398],[23.923832,61.53241],[23.924126,61.532532],[23.924509,61.532639],[23.925142,61.532902]],[[23.7556423,61.5180878],[23.7556181,61.5180762],[23.7556138,61.518067],[23.7556192,61.5180579],[23.7556295,61.5180503],[23.7556483,61.5180418],[23.7556902,61.518029],[23.7557104,61.5180213],[23.7557285,61.5180192],[23.7557737,61.5180261],[23.7557905,61.5180303],[23.7558072,61.5180407],[23.7558106,61.5180458],[23.7558213,61.5180536],[23.7558327,61.5180586],[23.7558535,61.5180629],[23.7558632,61.5180693],[23.7558639,61.518077],[23.7558609,61.5180816],[23.7558371,61.5181022],[23.7558257,61.5181046],[23.7558133,61.5181027],[23.7557868,61.518092],[23.755775,61.5180842],[23.755761,61.5180813],[23.7557506,61.518084],[23.7557321,61.518095],[23.7557217,61.5180968],[23.7557033,61.5180973],[23.7556812,61.5180958],[23.7556591,61.5180928],[23.7556423,61.5180878]],[[23.7890532,61.5153456],[23.7890544,61.5153341],[23.7881578,61.5153375],[23.7881143,61.5153552],[23.7880033,61.515362],[23.7878831,61.5153387],[23.7879188,61.5152995],[23.7879536,61.5152893],[23.7890693,61.5152798],[23.789072,61.5152627],[23.7890971,61.5152647],[23.7891399,61.515267],[23.7891204,61.5153486],[23.7890865,61.5153474],[23.7890532,61.5153456]],[[23.6827734,61.6166146],[23.6829221,61.6165321],[23.6830354,61.6164769],[23.6831876,61.6165005],[23.6835247,61.6164451],[23.6837248,61.6165238],[23.6841832,61.6165762],[23.6842811,61.6165091],[23.6844529,61.6162896],[23.6848405,61.6164102],[23.6848428,61.6165],[23.6849437,61.6165781],[23.6852344,61.6165399],[23.6853895,61.6164783],[23.6857409,61.6164396],[23.6857841,61.6163775],[23.6859569,61.6163588],[23.686089,61.616438],[23.6862766,61.616447],[23.6863851,61.6165218],[23.6865149,61.6165289],[23.6866076,61.6165829],[23.6864789,61.6166644],[23.6860432,61.6167941],[23.6860232,61.6168793],[23.6863012,61.616872],[23.6866,61.6168101],[23.6866727,61.6166702],[23.6868955,61.6165821],[23.6870992,61.6165939],[23.6871579,61.6166965],[23.6870995,61.6167962],[23.6871922,61.6168249],[23.6873416,61.6168064],[23.6875138,61.6166452],[23.6878147,61.6166658],[23.6881103,61.6166593],[23.6886606,61.6167235],[23.6886368,61.6167944],[23.6885186,61.6168451],[23.6885067,61.6169024],[23.6887285,61.6170171],[23.6888486,61.617039],[23.6887653,61.6171694],[23.6885511,61.6172512],[23.6885325,61.6173797],[23.6884244,61.6174831],[23.688581,61.6175928],[23.688709,61.6178144],[23.6888976,61.6178451],[23.6893118,61.6177779],[23.6894346,61.6178417],[23.6894146,61.617962],[23.6894255,61.6180764],[23.6896075,61.6180357],[23.689879,61.6180541],[23.6900479,61.6181263],[23.6904129,61.6184899],[23.6905428,61.6185006],[23.6906525,61.6185542],[23.690632,61.6186581],[23.6907985,61.6187307],[23.6909853,61.6189366],[23.6909983,61.6190242],[23.6909137,61.6190924],[23.6908583,61.6192406],[23.6907251,61.6193502],[23.6907708,61.6194213],[23.6906915,61.6194821],[23.6903052,61.6195922],[23.6903417,61.6196792],[23.6902319,61.6197932],[23.6903619,61.6198724],[23.6902968,61.6199178],[23.6901261,61.6198975],[23.6900624,61.6200257],[23.6899012,61.6200997],[23.6897359,61.6202395],[23.6896126,61.6202823],[23.6895916,61.6203578],[23.6894974,61.6204256],[23.6893277,61.6205156],[23.6891336,61.6206829],[23.6890507,61.6208284],[23.6888405,61.6209874],[23.688655,61.6213346],[23.6884851,61.6214598],[23.6884137,61.621673],[23.6881727,61.6217548],[23.6879883,61.6219374],[23.6877995,61.6219626],[23.687521,61.6219685],[23.6873252,61.6221296],[23.687016,61.6221661],[23.6867746,61.6221064],[23.6864486,61.6221068],[23.6862998,61.6221642],[23.6858573,61.6221694],[23.685068,61.6222519],[23.684868,61.6223204],[23.6846724,61.6222958],[23.6839659,61.6223508],[23.6836345,61.6224529],[23.6822798,61.6226664],[23.6823175,61.6228225],[23.6821046,61.6229626],[23.6817288,61.6230422],[23.6810176,61.6230312],[23.6808408,61.6229259],[23.6808718,61.6226548],[23.6808838,61.6225313],[23.6814115,61.6222478],[23.6814158,61.6219649],[23.6815573,61.6215725],[23.6814705,61.6213037],[23.6812579,61.6208215],[23.6814452,61.6205906],[23.6817173,61.620363],[23.6820362,61.6198408],[23.6829032,61.6193789],[23.6832473,61.6192803],[23.6834499,61.6191278],[23.68394,61.6188969],[23.6841254,61.6188943],[23.6855213,61.6184241],[23.685641,61.6183323],[23.6855202,61.6182303],[23.6856345,61.6180659],[23.6857837,61.6179938],[23.6859471,61.6179755],[23.6861158,61.6177427],[23.6861039,61.6174842],[23.6857186,61.6172282],[23.6855525,61.6171069],[23.6850892,61.6169386],[23.6846716,61.6168278],[23.6845781,61.616803],[23.6838707,61.6168098],[23.6835993,61.6168416],[23.6834564,61.6169315],[23.6832966,61.6168637],[23.6830517,61.6168834],[23.6829434,61.6167446],[23.6827734,61.6166146]],[[23.6801238,61.6119992],[23.6804348,61.6119926],[23.6804295,61.6120283],[23.6805931,61.6120296],[23.6806548,61.6119811],[23.680923,61.6119709],[23.6810651,61.6119913],[23.6811268,61.6120041],[23.6812207,61.6119913],[23.6814755,61.6119735],[23.6816205,61.6119826],[23.6816794,61.6120079],[23.6816981,61.6120755],[23.6816857,61.6121209],[23.6815828,61.6121278],[23.6814299,61.6121214],[23.6812456,61.6121422],[23.6809896,61.6125603],[23.6806333,61.6126047],[23.6805045,61.6125731],[23.6801612,61.6123815],[23.6802819,61.6123496],[23.6800995,61.6122476],[23.6799981,61.6121371],[23.6800942,61.6120972],[23.6800915,61.6120283],[23.6801238,61.6119992]],[[23.6771742,61.6115406],[23.6773959,61.6115514],[23.6775944,61.6115361],[23.67764,61.6115042],[23.6778283,61.6114855],[23.6781469,61.6115373],[23.6782193,61.6115807],[23.6781469,61.6116036],[23.6780902,61.6117156],[23.6778814,61.6117044],[23.6775604,61.6117284],[23.677412,61.6117873],[23.6772725,61.6118459],[23.6771237,61.6118346],[23.6769962,61.6116661],[23.6769587,61.6115985],[23.6768782,61.611596],[23.6768326,61.6115807],[23.6768514,61.6115539],[23.6769399,61.6115156],[23.6768462,61.6114666],[23.6768889,61.6114124],[23.6769962,61.6113766],[23.6770682,61.6113885],[23.6771786,61.6114391],[23.6771742,61.6115406]],[[23.665779,61.609285],[23.6660635,61.6092653],[23.666426,61.6090711],[23.666348,61.6085322],[23.6667564,61.6083096],[23.6666509,61.6082245],[23.6662287,61.6083532],[23.6658891,61.6079299],[23.6656459,61.607943],[23.6652742,61.6087155],[23.6654073,61.609058],[23.665779,61.609285]],[[23.666188,61.6077614],[23.6664588,61.6076217],[23.6664771,61.6079796],[23.6662844,61.6079752],[23.666188,61.6077614]],[[23.6630079,61.6087237],[23.6633658,61.6086713],[23.6634209,61.6087804],[23.6630813,61.6088153],[23.6630079,61.6087237]],[[23.7538918,61.5176461],[23.7538486,61.5176331],[23.7537463,61.5176187],[23.7536963,61.5176059],[23.7536672,61.5175952],[23.7536293,61.5175749],[23.7535632,61.5175239],[23.7535441,61.5174985],[23.7535418,61.517485],[23.7535461,61.5174759],[23.7535579,61.5174649],[23.7535753,61.5174537],[23.7535998,61.5174432],[23.7536336,61.5174328],[23.7536799,61.5174224],[23.7537118,61.5174177],[23.7537406,61.5174173],[23.7537788,61.5174213],[23.7538191,61.5174284],[23.7538522,61.5174396],[23.7538771,61.5174518],[23.7539032,61.5174679],[23.7539391,61.5174982],[23.7539636,61.5175081],[23.7539961,61.5175143],[23.754046,61.5175173],[23.7540829,61.517525],[23.7541178,61.5175365],[23.7541701,61.517558],[23.7542445,61.5175762],[23.7543377,61.5175947],[23.7543729,61.5176042],[23.7543957,61.5176126],[23.754447,61.5176398],[23.7544725,61.5176585],[23.7545355,61.5177255],[23.7545567,61.5177396],[23.7545845,61.5177489],[23.7546147,61.5177549],[23.7546425,61.5177567],[23.7547132,61.5177538],[23.7547531,61.5177573],[23.7548028,61.5177708],[23.7548323,61.5177831],[23.7548507,61.5177941],[23.7548524,61.5178003],[23.75485,61.5178051],[23.7548423,61.5178072],[23.7548309,61.5178072],[23.7548175,61.5178047],[23.7547726,61.5177933],[23.7547562,61.517792],[23.7547444,61.5177941],[23.7547387,61.5177997],[23.7547337,61.5178218],[23.7547069,61.5178565],[23.7546851,61.5178693],[23.7546542,61.5178817],[23.7546368,61.5178916],[23.7546294,61.5179022],[23.7546298,61.5179121],[23.7546375,61.5179199],[23.7546515,61.5179275],[23.7547203,61.5179499],[23.7547334,61.5179586],[23.754737,61.5179686],[23.754731,61.5179751],[23.754722,61.5179788],[23.7547002,61.5179823],[23.7546754,61.5179829],[23.7546432,61.5179799],[23.7545697,61.517966],[23.7544604,61.5179399],[23.7544128,61.5179318],[23.7543501,61.5179259],[23.7542962,61.5179127],[23.7542677,61.5179032],[23.7542559,61.517896],[23.7542519,61.5178908],[23.7542526,61.5178798],[23.7542566,61.5178741],[23.7542653,61.5178686],[23.7542804,61.5178625],[23.7542881,61.5178574],[23.7542931,61.517851],[23.7542962,61.5178397],[23.7542878,61.5178151],[23.7542854,61.5177983],[23.754279,61.5177858],[23.7542569,61.517777],[23.754206,61.5177695],[23.7541322,61.517767],[23.7540876,61.5177605],[23.7540427,61.5177473],[23.754031,61.5177407],[23.7540263,61.5177342],[23.7540209,61.517715],[23.7540122,61.5177035],[23.7540028,61.517698],[23.7539907,61.5176947],[23.7539646,61.517691],[23.7539558,61.5176863],[23.7539458,61.5176744],[23.7538918,61.5176461]],[[23.7550767,61.5177148],[23.7550579,61.5177094],[23.7550425,61.5177025],[23.7550331,61.5176943],[23.7550314,61.5176868],[23.7550458,61.5176587],[23.7550529,61.5176534],[23.7550663,61.5176497],[23.755081,61.5176502],[23.7550941,61.5176542],[23.7551256,61.5176763],[23.7551367,61.5176798],[23.7551628,61.5176824],[23.7551773,61.5176863],[23.7552105,61.5177083],[23.7552239,61.5177138],[23.7552396,61.5177178],[23.7552986,61.5177274],[23.7553151,61.5177332],[23.7553379,61.5177477],[23.7553415,61.5177557],[23.7553392,61.5177682],[23.7553422,61.5177762],[23.7553499,61.517781],[23.7553761,61.5177877],[23.7554311,61.5177906],[23.7554532,61.5177932],[23.7554763,61.5177978],[23.7554995,61.5178055],[23.7555129,61.5178123],[23.7555236,61.5178221],[23.755529,61.5178322],[23.7555286,61.5178434],[23.7555246,61.5178502],[23.7555135,61.5178595],[23.7554991,61.5178645],[23.7554616,61.5178712],[23.7554519,61.5178757],[23.7554321,61.5178888],[23.7554247,61.517898],[23.755425,61.5179038],[23.7554348,61.5179134],[23.7554488,61.5179206],[23.7554807,61.5179313],[23.7554877,61.5179377],[23.7554901,61.5179457],[23.755484,61.5179642],[23.7554897,61.5179722],[23.7555122,61.5179833],[23.7555186,61.5179884],[23.7555204,61.5179946],[23.7555147,61.5179984],[23.7555063,61.5179983],[23.7554803,61.517994],[23.7554411,61.5179933],[23.7554301,61.5179909],[23.7554223,61.5179852],[23.755418,61.5179773],[23.7554193,61.51797],[23.7554314,61.5179541],[23.7554297,61.5179492],[23.7554173,61.5179471],[23.7554073,61.5179478],[23.7553855,61.5179537],[23.7553771,61.517953],[23.7553734,61.517951],[23.7553724,61.5179465],[23.7553788,61.5179363],[23.7553727,61.5179312],[23.7553358,61.5179251],[23.7553255,61.5179199],[23.7553137,61.5179072],[23.7553067,61.5178931],[23.755308,61.5178724],[23.7553147,61.5178562],[23.7553395,61.5178253],[23.755359,61.5178211],[23.75537,61.5178173],[23.7553721,61.5178111],[23.7553657,61.5178069],[23.7553124,61.5177946],[23.7552688,61.5177895],[23.7552145,61.5177864],[23.7551897,61.5177818],[23.7551729,61.5177767],[23.7551424,61.5177599],[23.7551397,61.5177546],[23.7551447,61.5177505],[23.7551652,61.5177505],[23.7551796,61.5177481],[23.7551836,61.5177423],[23.7551799,61.5177364],[23.7551535,61.5177257],[23.7551256,61.5177193],[23.7550767,61.5177148]],[[23.8957943,61.5233571],[23.8957791,61.5233208],[23.8961001,61.5232148],[23.896091,61.5231694],[23.8959396,61.5231845],[23.8957398,61.5231572],[23.8955853,61.5231694],[23.8954309,61.5231663],[23.8952401,61.5231088],[23.8951523,61.523024],[23.8951492,61.522915],[23.8951826,61.5228938],[23.895337,61.5228786],[23.89534,61.5228302],[23.8952704,61.5227999],[23.8952825,61.5227515],[23.8953794,61.5226576],[23.8955005,61.5226182],[23.8954975,61.5225819],[23.8956338,61.5225425],[23.895661,61.5225092],[23.8957337,61.522485],[23.8958488,61.5225304],[23.8961789,61.522485],[23.8962515,61.5225062],[23.8965604,61.5225546],[23.8967179,61.522597],[23.8967058,61.5226424],[23.8969511,61.5227424],[23.896948,61.5227817],[23.8970177,61.5228393],[23.8970207,61.5228696],[23.8970661,61.5229029],[23.897051,61.5229544],[23.8970601,61.5231118],[23.8971328,61.5232118],[23.8972811,61.5232239],[23.8972933,61.5232602],[23.8974719,61.5232572],[23.8975264,61.5232572],[23.8975295,61.5233177],[23.8977566,61.5233632],[23.8977536,61.5233995],[23.8978414,61.5234449],[23.8978505,61.52356],[23.8978868,61.5236721],[23.8978414,61.523775],[23.8977414,61.5238447],[23.8975083,61.5238961],[23.8974477,61.5238871],[23.8972509,61.5239052],[23.8971297,61.5239537],[23.8970692,61.5239537],[23.8968996,61.5239113],[23.8967875,61.5239113],[23.8967633,61.5238689],[23.896618,61.5239052],[23.8965998,61.5238749],[23.8966482,61.5238507],[23.8966482,61.5238174],[23.8966089,61.5238053],[23.8966028,61.5237659],[23.896727,61.5237599],[23.8967512,61.5237235],[23.8966937,61.523669],[23.8965301,61.523669],[23.8963848,61.523669],[23.8962546,61.5236448],[23.8961546,61.5235873],[23.8961122,61.5235903],[23.8960759,61.5235782],[23.8960608,61.5235449],[23.8958912,61.5234782],[23.8958881,61.5234449],[23.8957852,61.523451],[23.8957731,61.5234177],[23.8957943,61.5233571]],[[23.8935642,61.5239208],[23.8935806,61.5239674],[23.8935341,61.5239893],[23.893148,61.5240961],[23.8931425,61.5241317],[23.8931836,61.5241399],[23.8931781,61.5241727],[23.893033,61.5242111],[23.8930248,61.5242439],[23.8930796,61.5242384],[23.8931015,61.5242631],[23.8930713,61.5242959],[23.8928742,61.5243699],[23.8927154,61.5243972],[23.8925511,61.5244],[23.8924745,61.5243753],[23.892343,61.5242932],[23.8922335,61.5242521],[23.8921295,61.5242494],[23.8918201,61.5243014],[23.8916832,61.5242959],[23.8916038,61.524326],[23.8915655,61.5242822],[23.8914313,61.5242357],[23.8912917,61.5242193],[23.8912177,61.5242384],[23.8911657,61.5242247],[23.8910754,61.5241782],[23.8910398,61.5241536],[23.8910343,61.5241125],[23.8910644,61.5240933],[23.8913355,61.5240276],[23.8914997,61.5239345],[23.89156,61.5239154],[23.8916257,61.5238798],[23.8916449,61.5238469],[23.8916339,61.5238086],[23.8915901,61.523762],[23.89156,61.5237127],[23.8915381,61.5236936],[23.8914532,61.5235457],[23.8914368,61.5235019],[23.8914532,61.5234663],[23.8917599,61.5234691],[23.8920857,61.5235156],[23.8922281,61.5235266],[23.8924471,61.5235512],[23.8925922,61.5235895],[23.8927154,61.5236251],[23.8927921,61.5236771],[23.8928359,61.5237045],[23.8928797,61.5237264],[23.8931042,61.5237648],[23.8933561,61.5238113],[23.8935395,61.5238579],[23.893556,61.5238798],[23.8935204,61.5239017],[23.8935259,61.523929],[23.8935642,61.5239208]],[[23.8359121,61.5235293],[23.8359466,61.5235273],[23.8359687,61.523523],[23.8359771,61.5235174],[23.8359801,61.5235096],[23.8359905,61.5235006],[23.8360117,61.5234925],[23.8360187,61.5234835],[23.8360298,61.5234783],[23.8360418,61.5234762],[23.8361072,61.5234736],[23.836124,61.5234716],[23.8361549,61.5234656],[23.8362021,61.5234629],[23.8362685,61.5234544],[23.8362943,61.5234565],[23.8363013,61.5234592],[23.836306,61.5234652],[23.8363034,61.5234763],[23.8362728,61.5234965],[23.8362504,61.5235272],[23.8362293,61.5235432],[23.8362142,61.5235494],[23.8361374,61.5235711],[23.8360921,61.5235894],[23.83607,61.5235937],[23.8359952,61.5236014],[23.8359516,61.5236106],[23.8359268,61.5236143],[23.8358856,61.5236151],[23.835847,61.5236113],[23.8358209,61.5236047],[23.8358098,61.523599],[23.8358068,61.5235942],[23.8358082,61.5235894],[23.8358149,61.5235854],[23.8358343,61.5235801],[23.8358833,61.5235742],[23.8358967,61.5235721],[23.8359027,61.5235695],[23.8359101,61.523559],[23.8359097,61.5235545],[23.835898,61.5235395],[23.8359017,61.5235325],[23.8359121,61.5235293]],[[23.8299978,61.5220303],[23.8299799,61.5220265],[23.8298805,61.5220237],[23.8298545,61.5220211],[23.8298365,61.5220158],[23.8298275,61.5220102],[23.8298267,61.5220067],[23.8298325,61.5220045],[23.8298472,61.5220023],[23.8298476,61.5219962],[23.8298367,61.5219854],[23.8298171,61.5219764],[23.8298087,61.5219692],[23.829802,61.5219537],[23.8298034,61.5219303],[23.8298117,61.521921],[23.8298211,61.5219172],[23.8298436,61.5219127],[23.8298563,61.5219126],[23.8298801,61.5219164],[23.8299026,61.5219177],[23.8299137,61.5219164],[23.8299398,61.5219057],[23.8299623,61.5219014],[23.8299774,61.5219004],[23.8300441,61.521906],[23.8300753,61.521907],[23.8301068,61.5219073],[23.8301433,61.5219041],[23.8301785,61.5219039],[23.8302057,61.5219092],[23.8302245,61.5219148],[23.8302613,61.5219215],[23.830316,61.5219238],[23.8303619,61.5219322],[23.8303727,61.5219329],[23.8303891,61.5219313],[23.8304166,61.5219257],[23.8304528,61.5219247],[23.8304702,61.5219266],[23.8304987,61.5219351],[23.8305094,61.5219402],[23.8305205,61.5219524],[23.8305306,61.5219596],[23.8305601,61.5219684],[23.8305859,61.5219724],[23.8306593,61.5219768],[23.8309235,61.5219843],[23.8309842,61.5219893],[23.8310211,61.521996],[23.8310355,61.5220015],[23.8310784,61.5220243],[23.8311458,61.5220437],[23.8311887,61.5220523],[23.831299,61.5220628],[23.8313245,61.5220678],[23.8313607,61.5220779],[23.8314097,61.5220999],[23.8314382,61.5221076],[23.8315149,61.5221119],[23.8315739,61.5221222],[23.8315954,61.5221242],[23.8316128,61.5221244],[23.8316571,61.5221201],[23.8317297,61.5221033],[23.8317694,61.5220925],[23.8317817,61.5220887],[23.8317902,61.5220836],[23.8317895,61.5220784],[23.8317843,61.522074],[23.8317865,61.5220693],[23.8318412,61.5220528],[23.831879,61.5220504],[23.8319062,61.5220435],[23.8319273,61.5220419],[23.83199,61.5220443],[23.8319981,61.5220459],[23.8320014,61.5220512],[23.831994,61.5220593],[23.8319974,61.522067],[23.8319957,61.5220744],[23.83199,61.5220779],[23.8319702,61.5220841],[23.8319682,61.5220897],[23.8319713,61.522094],[23.831981,61.5220993],[23.8319964,61.5221044],[23.8320222,61.5221087],[23.8320722,61.5221114],[23.832102,61.5221098],[23.8321607,61.5220929],[23.8322155,61.5220823],[23.8322621,61.5220795],[23.8323018,61.5220805],[23.8323075,61.5220834],[23.832306,61.5220884],[23.8322837,61.5220995],[23.8322769,61.5221052],[23.832276,61.5221107],[23.8322804,61.5221145],[23.8322986,61.5221182],[23.832326,61.5221145],[23.83236,61.5221072],[23.8323675,61.5221071],[23.8323717,61.52211],[23.8323676,61.5221124],[23.8323282,61.5221228],[23.832317,61.52213],[23.8322968,61.5221354],[23.8322948,61.522138],[23.8323008,61.5221415],[23.8323461,61.5221485],[23.8323635,61.5221583],[23.8323759,61.5221733],[23.832385,61.5221803],[23.8324075,61.5221852],[23.8324329,61.5221845],[23.8324473,61.5221789],[23.8324594,61.5221771],[23.8324708,61.5221771],[23.8324846,61.5221795],[23.8324866,61.522184],[23.8324745,61.522188],[23.8324695,61.5221915],[23.8324705,61.5221944],[23.8325094,61.522205],[23.8325107,61.5222122],[23.8325204,61.522216],[23.8325694,61.5222273],[23.832615,61.5222326],[23.8326338,61.522236],[23.8326696,61.5222492],[23.8326921,61.5222552],[23.8327467,61.5222638],[23.8327669,61.5222702],[23.8327786,61.5222763],[23.8327843,61.522283],[23.8327843,61.5222919],[23.8327672,61.522322],[23.8327648,61.5223313],[23.8327679,61.5223399],[23.8327752,61.5223464],[23.8327816,61.5223501],[23.8328074,61.5223567],[23.8328715,61.5223655],[23.8329613,61.522387],[23.8329808,61.5223896],[23.8330029,61.5223902],[23.8330458,61.5223872],[23.8330673,61.5223824],[23.8331068,61.5223693],[23.8331947,61.5223221],[23.8332191,61.5223121],[23.8332426,61.5223058],[23.8332647,61.5223023],[23.8332929,61.5223009],[23.8333298,61.5223061],[23.8333482,61.5223106],[23.8333623,61.5223193],[23.8333673,61.5223242],[23.8333683,61.5223356],[23.833364,61.5223552],[23.8333476,61.5223813],[23.8333298,61.5223982],[23.833309,61.5224121],[23.8332842,61.5224241],[23.8332373,61.5224448],[23.8331598,61.5224684],[23.8331021,61.5224892],[23.8330636,61.522499],[23.8330116,61.522505],[23.8329788,61.5225117],[23.8329301,61.5225261],[23.8328879,61.5225316],[23.8328165,61.5225349],[23.8327095,61.5225252],[23.832668,61.5225241],[23.832613,61.5225322],[23.8326012,61.5225375],[23.8325855,61.5225514],[23.8325764,61.5225528],[23.8325422,61.5225507],[23.8325322,61.5225515],[23.8325245,61.5225557],[23.8325214,61.5225611],[23.8325188,61.5225752],[23.8325178,61.5225938],[23.8325208,61.5226139],[23.8325147,61.5226238],[23.832501,61.5226259],[23.8324906,61.5226244],[23.8324742,61.5226187],[23.8324289,61.522596],[23.8323934,61.5225826],[23.8323826,61.5225752],[23.8323793,61.5225647],[23.8323813,61.5225531],[23.8323853,61.5225487],[23.8323954,61.5225437],[23.8324034,61.522544],[23.8324108,61.5225476],[23.8324245,61.5225635],[23.8324316,61.522568],[23.8324413,61.5225706],[23.832447,61.5225701],[23.83245,61.5225679],[23.832448,61.5225485],[23.8324369,61.5225161],[23.8324423,61.52251],[23.8324494,61.5225065],[23.8324752,61.5224978],[23.8324839,61.5224878],[23.8324829,61.5224836],[23.8324698,61.52247],[23.8324333,61.5224571],[23.8324215,61.5224518],[23.8324131,61.5224451],[23.8324128,61.5224356],[23.8324245,61.522423],[23.8324289,61.5224137],[23.8324202,61.5223986],[23.8324192,61.5223918],[23.8324222,61.522388],[23.8324269,61.5223859],[23.8324383,61.5223843],[23.8324779,61.5223847],[23.8324893,61.5223802],[23.8325077,61.5223594],[23.8325167,61.5223551],[23.832558,61.5223522],[23.8325754,61.5223477],[23.8325999,61.5223362],[23.8326086,61.5223287],[23.8326106,61.5223167],[23.8325975,61.5223073],[23.8325483,61.522294],[23.8324986,61.522286],[23.8324688,61.5222839],[23.8324366,61.5222836],[23.8324048,61.5222859],[23.8323887,61.5222886],[23.832382,61.5222929],[23.8323793,61.5222978],[23.832383,61.5223218],[23.8323776,61.5223292],[23.8323632,61.5223399],[23.8323431,61.5223472],[23.8323102,61.5223536],[23.8322123,61.5223596],[23.832045,61.5223632],[23.8319964,61.5223663],[23.8319689,61.5223701],[23.8319491,61.5223746],[23.8319421,61.5223795],[23.8319367,61.5223941],[23.8319387,61.5223994],[23.8319515,61.5224096],[23.8319528,61.5224142],[23.8319481,61.5224181],[23.8319153,61.5224208],[23.8318985,61.5224253],[23.8318965,61.5224285],[23.8319005,61.52245],[23.8318921,61.5224524],[23.831862,61.5224467],[23.8318113,61.522443],[23.8317858,61.5224374],[23.8317811,61.5224304],[23.8317825,61.5224141],[23.8317781,61.5224094],[23.8317667,61.5224056],[23.8317553,61.5224037],[23.8317242,61.5224027],[23.8316849,61.5224054],[23.8316708,61.5224078],[23.8316423,61.522408],[23.8316011,61.5224006],[23.8315595,61.5223821],[23.831532,61.5223741],[23.83147,61.5223671],[23.8314167,61.5223573],[23.8313862,61.5223568],[23.8313513,61.5223602],[23.8313051,61.522357],[23.8312631,61.5223439],[23.8312571,61.5223442],[23.8312554,61.5223479],[23.8312605,61.5223622],[23.8312568,61.5223672],[23.831246,61.5223696],[23.8312293,61.5223706],[23.8312078,61.5223696],[23.8311478,61.5223624],[23.831123,61.5223615],[23.831116,61.5223619],[23.8310767,61.5223747],[23.8310452,61.5223767],[23.8310043,61.5223821],[23.8309456,61.5223839],[23.8308974,61.5223813],[23.8308712,61.5223759],[23.8308219,61.5223588],[23.8307703,61.5223493],[23.8307156,61.5223428],[23.8306338,61.5223367],[23.8305809,61.52233],[23.8304944,61.5223234],[23.8303958,61.5223103],[23.8303918,61.5223089],[23.8303911,61.5223063],[23.8303931,61.522299],[23.8303881,61.522294],[23.8303804,61.5222905],[23.8303666,61.5222887],[23.8303475,61.5222902],[23.8303364,61.5222895],[23.8303301,61.5222873],[23.8303227,61.5222839],[23.830313,61.5222713],[23.8303157,61.522267],[23.8303348,61.5222601],[23.8303468,61.5222529],[23.8303589,61.5222374],[23.8303576,61.5222313],[23.8303462,61.5222237],[23.8303314,61.5222192],[23.8302838,61.5222082],[23.8302231,61.5221971],[23.8302104,61.5221925],[23.8302017,61.5221869],[23.8301953,61.5221739],[23.8302027,61.5221594],[23.8302064,61.5221436],[23.8301986,61.5221277],[23.8301799,61.5221138],[23.8301299,61.5220911],[23.8300907,61.522063],[23.8300297,61.5220454],[23.8299978,61.5220303]],[[23.8336627,61.5221791],[23.8336798,61.5221739],[23.8337583,61.5221461],[23.8337908,61.5221303],[23.8338099,61.5221244],[23.833828,61.522122],[23.8338622,61.5221218],[23.8338806,61.5221257],[23.8338954,61.5221321],[23.8339031,61.5221385],[23.8339102,61.5221503],[23.8339115,61.5221592],[23.8339088,61.5221701],[23.8339021,61.5221819],[23.833889,61.5221943],[23.8338719,61.5222051],[23.8338589,61.5222109],[23.8338387,61.5222158],[23.8337814,61.5222237],[23.8337442,61.5222345],[23.8337274,61.5222352],[23.8337097,61.5222329],[23.8336939,61.5222337],[23.8336614,61.5222456],[23.8336486,61.5222476],[23.8336349,61.5222459],[23.8336185,61.5222421],[23.8335745,61.5222405],[23.8335601,61.5222382],[23.8335484,61.5222334],[23.8335407,61.5222281],[23.833539,61.5222221],[23.8335427,61.5222171],[23.8335544,61.5222104],[23.8335691,61.5222086],[23.8335866,61.5222104],[23.8336057,61.5222093],[23.8336134,61.5222059],[23.8336178,61.5222011],[23.8336181,61.5221962],[23.8336252,61.5221877],[23.8336627,61.5221791]],[[23.8360413,61.5221359],[23.8360844,61.5221255],[23.8361104,61.5221135],[23.8361332,61.5221112],[23.8361563,61.5221143],[23.8361714,61.5221208],[23.8361731,61.522128],[23.8361538,61.5221345],[23.836149,61.5221377],[23.8361438,61.5221488],[23.836131,61.5221614],[23.8361312,61.5221648],[23.8361397,61.5221696],[23.8361612,61.5221692],[23.8362137,61.522158],[23.8363193,61.5221293],[23.8363593,61.5221145],[23.8363803,61.5221095],[23.8364189,61.5221031],[23.8364703,61.5220966],[23.8366113,61.5220906],[23.8366195,61.5220884],[23.836638,61.5220795],[23.836666,61.522074],[23.8367875,61.5220693],[23.8368376,61.5220703],[23.8368487,61.5220683],[23.8368678,61.522062],[23.8368894,61.5220584],[23.8368956,61.5220584],[23.8369057,61.5220631],[23.8369025,61.5220695],[23.8368827,61.5220799],[23.8368566,61.5221022],[23.8368495,61.5221046],[23.8368291,61.5221073],[23.8367674,61.5221241],[23.8367463,61.5221273],[23.8367243,61.5221275],[23.8367201,61.5221261],[23.8367159,61.5221212],[23.8367107,61.5221198],[23.836695,61.5221204],[23.8366872,61.5221223],[23.8366499,61.5221373],[23.8366121,61.522148],[23.8366096,61.5221532],[23.8366185,61.5221604],[23.8366111,61.5221646],[23.8365166,61.5221869],[23.8364304,61.5222114],[23.8363714,61.5222259],[23.8363456,61.5222345],[23.8363262,61.5222436],[23.8363141,61.522251],[23.8362973,61.5222676],[23.8362784,61.5223031],[23.8362755,61.5223184],[23.8362804,61.5223282],[23.8363303,61.5223488],[23.836336,61.5223564],[23.8363302,61.5223626],[23.8362604,61.5223844],[23.8362383,61.5223839],[23.8361763,61.5223677],[23.8361515,61.5223656],[23.836135,61.5223667],[23.8360868,61.5223789],[23.8360579,61.522381],[23.8360472,61.5223789],[23.8360338,61.5223706],[23.836019,61.5223653],[23.8359952,61.5223661],[23.8359724,61.5223624],[23.835961,61.5223572],[23.8359523,61.5223479],[23.8359305,61.522338],[23.8359104,61.5223247],[23.8359066,61.5223173],[23.8359077,61.5223134],[23.8359176,61.5223029],[23.8359243,61.5222904],[23.8359342,61.5222881],[23.8359411,61.5222891],[23.8359454,61.5222922],[23.8359516,61.5223043],[23.835958,61.5223088],[23.835975,61.5223149],[23.8359853,61.5223154],[23.8360004,61.5223116],[23.8360003,61.5223065],[23.8359873,61.5222861],[23.8359931,61.5222808],[23.8360103,61.5222795],[23.836014,61.5222765],[23.8360107,61.5222684],[23.8360001,61.52226],[23.8359952,61.522251],[23.8359959,61.5222473],[23.8360061,61.5222375],[23.836005,61.5222273],[23.8360138,61.5222239],[23.8360366,61.5222216],[23.8360541,61.5222135],[23.8360745,61.5221941],[23.8360816,61.5221839],[23.8360796,61.5221755],[23.8360677,61.522172],[23.8360559,61.5221718],[23.8360091,61.5221773],[23.8359993,61.5221769],[23.8359796,61.5221715],[23.8359644,61.5221694],[23.8359459,61.5221591],[23.8359426,61.5221559],[23.8359438,61.5221503],[23.8359562,61.5221442],[23.8359674,61.5221423],[23.8360097,61.5221401],[23.8360413,61.5221359]],[[23.8373994,61.5227925],[23.8374255,61.5227893],[23.8374361,61.5227842],[23.8374443,61.5227701],[23.8374634,61.5227611],[23.8374664,61.5227549],[23.8374597,61.5227482],[23.8374597,61.5227426],[23.8374735,61.5227399],[23.8374929,61.5227389],[23.8375016,61.5227341],[23.8375011,61.5227299],[23.8374905,61.5227263],[23.8374651,61.5227202],[23.83743,61.522718],[23.8374245,61.5227169],[23.83742,61.5227125],[23.8374192,61.5227037],[23.8374275,61.5226826],[23.8374242,61.5226696],[23.8374265,61.522666],[23.8374327,61.522664],[23.8374451,61.5226641],[23.8374654,61.5226721],[23.8374827,61.5226718],[23.8374892,61.5226684],[23.8374909,61.5226649],[23.8374887,61.5226573],[23.8374892,61.5226531],[23.8374923,61.5226515],[23.8375038,61.5226519],[23.8375256,61.5226595],[23.8375484,61.5226631],[23.8375704,61.5226693],[23.8375844,61.5226789],[23.8375893,61.5226856],[23.8376066,61.5226925],[23.837624,61.5226957],[23.8376753,61.5227005],[23.8376974,61.5227041],[23.8377408,61.5227151],[23.837759,61.5227168],[23.8377792,61.5227161],[23.8378339,61.5227103],[23.8378552,61.5227101],[23.8378756,61.5227113],[23.8378895,61.5227137],[23.8379165,61.5227208],[23.8379249,61.5227263],[23.8379284,61.5227313],[23.8379313,61.5227445],[23.8379165,61.5227643],[23.83791,61.5227776],[23.8379147,61.5227925],[23.8379234,61.5227981],[23.8379361,61.5228014],[23.837968,61.5228035],[23.8379754,61.522807],[23.8379764,61.5228139],[23.837966,61.5228182],[23.8379583,61.522824],[23.8379566,61.5228305],[23.8379579,61.5228387],[23.837976,61.5228511],[23.838032,61.5228593],[23.8380418,61.5228633],[23.8380485,61.5228695],[23.8380481,61.5228794],[23.8380418,61.5228833],[23.8380146,61.5228868],[23.8380082,61.5228917],[23.8380099,61.5229007],[23.8380169,61.5229052],[23.838029,61.522908],[23.8380632,61.5229104],[23.8380733,61.522916],[23.8380739,61.5229199],[23.8380709,61.5229228],[23.8380491,61.5229258],[23.8380431,61.522928],[23.8380394,61.5229319],[23.8380404,61.5229351],[23.8380525,61.5229431],[23.8380542,61.522947],[23.8380448,61.5229713],[23.8380454,61.5229835],[23.8380511,61.5229963],[23.8380682,61.5230129],[23.8380703,61.5230201],[23.8380672,61.5230243],[23.8380636,61.5230265],[23.838026,61.5230367],[23.8380169,61.523042],[23.8379978,61.5230585],[23.8379858,61.5230647],[23.837972,61.5230689],[23.8379227,61.5230772],[23.8378634,61.523081],[23.8378382,61.5230852],[23.8378225,61.52309],[23.8378154,61.5230951],[23.8378097,61.5231056],[23.8378034,61.5231104],[23.8377903,61.5231123],[23.8377739,61.5231115],[23.83774,61.5231074],[23.8377048,61.523106],[23.837685,61.5231004],[23.8376807,61.5230965],[23.83768,61.5230912],[23.8376837,61.5230868],[23.8376951,61.5230809],[23.8377222,61.5230716],[23.8377289,61.5230658],[23.8377276,61.5230537],[23.8377155,61.5230398],[23.8376854,61.523022],[23.8376337,61.5230052],[23.837616,61.5229971],[23.8375878,61.5229789],[23.837572,61.5229713],[23.8375348,61.5229627],[23.8374617,61.5229509],[23.8373729,61.5229397],[23.8372944,61.5229322],[23.8372488,61.522936],[23.837168,61.5229589],[23.8371425,61.5229642],[23.837113,61.5229682],[23.8370809,61.5229704],[23.837056,61.5229694],[23.8370326,61.5229666],[23.8370202,61.5229629],[23.8370051,61.5229547],[23.8369984,61.5229463],[23.836996,61.5229311],[23.8370001,61.5229218],[23.8370078,61.5229144],[23.8370312,61.5229037],[23.8370386,61.522897],[23.8370517,61.5228759],[23.8370799,61.5228521],[23.8370916,61.5228492],[23.837103,61.5228487],[23.8371194,61.5228515],[23.8371637,61.5228679],[23.8371771,61.52287],[23.8371905,61.5228702],[23.8372022,61.5228678],[23.8372109,61.5228574],[23.8372103,61.5228391],[23.8372146,61.5228318],[23.8372213,61.522827],[23.8372391,61.5228225],[23.8372435,61.522823],[23.8372639,61.5228319],[23.837271,61.5228331],[23.8372938,61.5228307],[23.8373018,61.5228272],[23.8373035,61.522824],[23.8373001,61.5228216],[23.837285,61.5228184],[23.837277,61.5228148],[23.8372773,61.5228091],[23.8372985,61.5228009],[23.8373035,61.5227969],[23.8373135,61.5227931],[23.837341,61.5227909],[23.8373994,61.5227925]],[[23.7310407,61.5041543],[23.7310405,61.5041347],[23.7310404,61.5041174],[23.7310565,61.5040986],[23.7311488,61.5040714],[23.7311815,61.50403],[23.7311473,61.5039239],[23.7310054,61.5038588],[23.730882,61.5037946],[23.7306823,61.5035251],[23.7307446,61.5033784],[23.7308735,61.5033471],[23.7309355,61.5033793],[23.7309239,61.5034106],[23.7309046,61.503463],[23.7308641,61.5035182],[23.7308159,61.5035421],[23.7308275,61.5035761],[23.7309316,61.5036856],[23.7310645,61.5038096],[23.7311788,61.5038652],[23.7313241,61.5039028],[23.7313124,61.5039999],[23.7312909,61.5041784],[23.7311173,61.5041719],[23.7310407,61.5041543]],[[23.5874007,61.6524742],[23.5882349,61.652474],[23.5895199,61.6518325],[23.5896523,61.6516564],[23.5899901,61.6514928],[23.5898997,61.6513316],[23.5905129,61.6509855],[23.5908313,61.6510399],[23.5912287,61.6510179],[23.5913343,61.6508811],[23.5916698,61.6508097],[23.5919109,61.650455],[23.5915201,61.6504518],[23.5915996,61.6502065],[23.5911095,61.6502285],[23.5906458,61.6506625],[23.5899113,61.6508482],[23.5895179,61.6512052],[23.5883378,61.6515678],[23.5881753,61.6517664],[23.5872481,61.6522382],[23.5874007,61.6524742]],[[23.6066281,61.6525138],[23.6065818,61.652816],[23.6056794,61.6531236],[23.6052861,61.6537828],[23.6034003,61.6542277],[23.6015723,61.6552659],[23.6003575,61.6551231],[23.5997096,61.6554911],[23.5990733,61.6556669],[23.5987031,61.6554636],[23.5992469,61.6552055],[23.5988651,61.6549418],[23.5996634,61.654365],[23.6003459,61.6541783],[23.6004269,61.6536015],[23.6013409,61.6529368],[23.6019309,61.6528215],[23.6020351,61.6525029],[23.602359,61.6522721],[23.6019657,61.6521568],[23.6018847,61.6519425],[23.6025904,61.6516129],[23.6031226,61.6515745],[23.6032151,61.6517942],[23.6034581,61.6518546],[23.6035854,61.6516294],[23.603782,61.6516349],[23.6040134,61.6518052],[23.6038515,61.651981],[23.6042911,61.6522612],[23.6049158,61.6521238],[23.6052745,61.6522392],[23.6054712,61.6527281],[23.6057373,61.652761],[23.6059455,61.6525908],[23.6066281,61.6525138]],[[23.554831,61.710193],[23.5548779,61.7100799],[23.554953,61.7100081],[23.5552669,61.7099127],[23.5554546,61.7098949],[23.555519,61.7099738],[23.5562271,61.7099941],[23.5569942,61.7100119],[23.5575092,61.7099483],[23.5577291,61.7101543],[23.5572463,61.7102992],[23.5564309,61.7109932],[23.5561037,61.7111254],[23.5558301,61.7111165],[23.5552025,61.7104543],[23.5550751,61.7104263],[23.5549678,61.7102852],[23.554831,61.710193]],[[23.5733421,61.7105622],[23.5738122,61.7110552],[23.5757289,61.711303],[23.5776778,61.7107648],[23.578593,61.710805],[23.5791217,61.7113327],[23.5792373,61.7120522],[23.5826094,61.7122748],[23.5856873,61.7118185],[23.5860957,61.7116103],[23.586928,61.7114533],[23.5868663,61.7113437],[23.5863886,61.7114058],[23.5858723,61.7111684],[23.5848782,61.7113072],[23.5844158,61.7110917],[23.5833524,61.7109128],[23.5823506,61.7108689],[23.58205,61.7106863],[23.5813873,61.7105987],[23.5814721,61.7104088],[23.5820808,61.7103722],[23.5827513,61.7100034],[23.5819267,61.7096856],[23.5818651,61.7094665],[23.5815029,61.709335],[23.5811792,61.7094044],[23.5810713,61.709262],[23.5804857,61.7092035],[23.5802707,61.709287],[23.5807014,61.709503],[23.5804934,61.7101641],[23.5792604,61.7101677],[23.5782278,61.7099486],[23.5756925,61.7100947],[23.5750374,61.7099559],[23.5736426,61.710018],[23.5733421,61.7105622]],[[23.6710688,61.6418104],[23.6714295,61.6420929],[23.6719267,61.6420975],[23.6721607,61.6422365],[23.6715953,61.6424726],[23.6708154,61.6425328],[23.6707471,61.6422411],[23.6702987,61.6421068],[23.6710688,61.6418104]],[[23.6733579,61.6422545],[23.6734703,61.64225],[23.6735827,61.6422016],[23.6737212,61.6422204],[23.6737395,61.6421907],[23.6737823,61.6421605],[23.673948,61.6421587],[23.6739236,61.6422179],[23.6742167,61.6422141],[23.6743837,61.6422563],[23.6743542,61.6423846],[23.6743039,61.6424134],[23.6741673,61.6424071],[23.6740913,61.6423682],[23.6740071,61.6423957],[23.6739374,61.6424361],[23.6738287,61.6424408],[23.6735681,61.6424034],[23.6734475,61.6424133],[23.67327,61.6423863],[23.6732651,61.6423242],[23.6733579,61.6422545]],[[23.7080157,61.652158],[23.7091734,61.6523026],[23.7089754,61.6526715],[23.7076501,61.6532573],[23.7069342,61.6530042],[23.7069647,61.6525847],[23.7080157,61.652158]],[[23.6823197,61.657766],[23.6825955,61.6575885],[23.6834536,61.6574605],[23.6839624,61.6576205],[23.683282,61.6579813],[23.6824361,61.6579202],[23.6823197,61.657766]],[[23.6264702,61.64505],[23.6270356,61.6449852],[23.6271623,61.6451519],[23.6275425,61.6451473],[23.6270356,61.6456195],[23.6265579,61.6453093],[23.6264702,61.64505]],[[23.6220913,61.6511869],[23.6223011,61.6511977],[23.6223625,61.6509289],[23.6223802,61.6508511],[23.6234878,61.6503598],[23.623517,61.6498784],[23.6261687,61.6496237],[23.626393,61.6494247],[23.6279528,61.6489756],[23.628567,61.6489849],[23.6301853,61.6482395],[23.6309652,61.6474988],[23.6311352,61.6473348],[23.6311816,61.6471601],[23.6309598,61.6470982],[23.6310042,61.6469571],[23.6317743,61.6466932],[23.6318718,61.6462441],[23.6316281,61.6460867],[23.6311992,61.6461654],[23.6308287,61.6460404],[23.6307897,61.6458506],[23.6305362,61.6458876],[23.6302633,61.6460543],[23.6301268,61.6463876],[23.6291909,61.6465589],[23.628255,61.646971],[23.6281478,61.646758],[23.6283817,61.6465404],[23.628177,61.6464663],[23.627943,61.6466377],[23.6275823,61.6466515],[23.6274946,61.646846],[23.6261785,61.6467071],[23.6256813,61.6469664],[23.6254766,61.6468136],[23.6251549,61.6468691],[23.6251841,61.6467256],[23.6247454,61.6469108],[23.6245017,61.6468969],[23.6243457,61.6468182],[23.6231813,61.6466253],[23.6230378,61.646502],[23.6228509,61.6465034],[23.6227876,61.6464702],[23.6225878,61.6464802],[23.6224719,61.6465401],[23.6223251,61.6465938],[23.6220569,61.6465713],[23.621655,61.6463738],[23.6208946,61.6462719],[23.6191983,61.6466654],[23.619793,61.647596],[23.6192568,61.6478692],[23.6196955,61.6485358],[23.6188473,61.6489201],[23.6179797,61.6489108],[23.617346,61.6484756],[23.6165369,61.6484062],[23.6157082,61.6487117],[23.6151038,61.648559],[23.6134562,61.6490543],[23.613076,61.649471],[23.6134952,61.6496469],[23.6141971,61.6494478],[23.615094,61.6495034],[23.6158739,61.6496793],[23.6159617,61.6498922],[23.6148016,61.6503089],[23.6147821,61.6506514],[23.6151233,61.6506468],[23.6153182,61.6505403],[23.6161372,61.6505218],[23.6166831,61.6502811],[23.6176677,61.6503367],[23.6182722,61.6501885],[23.6186329,61.6503644],[23.6182429,61.6506885],[23.6185256,61.6507348],[23.619364,61.6502672],[23.6196857,61.6504246],[23.619871,61.65067],[23.6211286,61.6507903],[23.622156,61.6507457],[23.6221291,61.6509292],[23.6220913,61.6511869]],[[23.6142556,61.6508505],[23.6144603,61.6509523],[23.6149673,61.6508598],[23.6151135,61.6509986],[23.6146261,61.6512208],[23.6138852,61.6512162],[23.6137974,61.6509662],[23.6142556,61.6508505]],[[23.6832554,61.6625497],[23.6844375,61.6623936],[23.6847543,61.6630298],[23.6842791,61.6630761],[23.683487,61.6629315],[23.6825608,61.6629373],[23.6832554,61.6625497]],[[23.6388446,61.6466351],[23.6391288,61.646902],[23.6385022,61.6471229],[23.6382632,61.6468376],[23.6380435,61.64681],[23.6382115,61.6467026],[23.6388446,61.6466351]],[[23.6884662,61.6668952],[23.6884734,61.6668082],[23.688575,61.6667863],[23.6886238,61.6667304],[23.6887469,61.6667042],[23.68886,61.6667723],[23.6888873,61.6668648],[23.6890018,61.666895],[23.6890164,61.6669759],[23.6889373,61.6670842],[23.6887723,61.6671518],[23.6886353,61.6671304],[23.6885499,61.667052],[23.6885506,61.6669481],[23.6884662,61.6668952]],[[23.6725773,61.685756],[23.6748335,61.6857861],[23.674881,61.6853225],[23.6745851,61.6852949],[23.674564,61.6850944],[23.6734967,61.6846683],[23.6730687,61.6847535],[23.6731532,61.6845631],[23.6729418,61.6842548],[23.6734227,61.6841345],[23.6733434,61.6840518],[23.6727622,61.6841871],[23.672387,61.6840969],[23.6718586,61.6841871],[23.6705482,61.6851094],[23.6725773,61.685756]],[[23.6580008,61.6951921],[23.6575674,61.6954955],[23.6572887,61.6960827],[23.6566282,61.6959848],[23.656525,61.6953927],[23.6576706,61.694874],[23.6572165,61.6946293],[23.6594766,61.6935919],[23.6606428,61.6937094],[23.6633466,61.6936213],[23.6640175,61.6938415],[23.6618812,61.6949915],[23.6602919,61.6951578],[23.658909,61.6952655],[23.6580008,61.6951921]],[[23.6648534,61.6921238],[23.6676605,61.6918742],[23.6691878,61.6920014],[23.6689814,61.6923538],[23.669611,61.6924125],[23.6701992,61.6927453],[23.6715305,61.6928725],[23.6720775,61.6925544],[23.6735842,61.6923293],[23.674317,61.6924859],[23.674028,61.6930389],[23.6726141,61.693357],[23.6728721,61.6936555],[23.6722839,61.6942477],[23.671675,61.6942819],[23.6716853,61.6939687],[23.6719949,61.6936702],[23.6717782,61.6932738],[23.6709629,61.6930193],[23.6700444,61.6929117],[23.6698587,61.6931319],[23.6690434,61.6929851],[23.6669071,61.6937289],[23.6665872,61.6946391],[23.6653694,61.6949034],[23.664905,61.6939785],[23.6651836,61.6938513],[23.6648224,61.6935919],[23.6650701,61.6927502],[23.6646986,61.6923538],[23.6648534,61.6921238]],[[23.6274589,61.7033715],[23.6277314,61.7033245],[23.6283919,61.7033832],[23.6292505,61.7038255],[23.6302825,61.7048234],[23.6310834,61.7052422],[23.6314466,61.7057314],[23.6323631,61.7058292],[23.6333703,61.7064866],[23.6344601,61.7068701],[23.6345674,61.7070267],[23.6342289,61.7070462],[23.6335354,61.7066392],[23.6330648,61.7065766],[23.6320989,61.7059075],[23.6311824,61.705884],[23.6306045,61.7055357],[23.6306706,61.7053244],[23.6298862,61.7049487],[23.6295808,61.7045182],[23.6287882,61.7041699],[23.6275332,61.7039585],[23.6278965,61.7036454],[23.6274589,61.7033715]],[[23.6183344,61.7029378],[23.6194572,61.7035249],[23.6212405,61.7042802],[23.6211167,61.704335],[23.6204314,61.7041276],[23.6199691,61.7038379],[23.619515,61.7038027],[23.6190362,61.7039945],[23.6188793,61.703881],[23.6193169,61.7036892],[23.6189288,61.7034074],[23.6180784,61.7034153],[23.617484,61.7036931],[23.6175831,61.7040336],[23.6179876,61.704108],[23.6177647,61.7042724],[23.616741,61.7042919],[23.6151228,61.7047889],[23.6144458,61.7051686],[23.6138761,61.7051803],[23.6129927,61.7056382],[23.6120267,61.7056029],[23.6105736,61.7060608],[23.6093104,61.7061039],[23.6089885,61.705916],[23.6084683,61.7059395],[23.6073207,61.7064795],[23.606363,61.7059512],[23.6066767,61.7056969],[23.6065199,61.7054542],[23.607717,61.7045698],[23.6088976,61.7041784],[23.6084518,61.7038849],[23.60865,61.7031452],[23.6095086,61.7026638],[23.610103,61.7027656],[23.6130257,61.7026912],[23.614842,61.7024173],[23.6171785,61.7024329],[23.6179629,61.7025699],[23.6183839,61.702836],[23.6183344,61.7029378]],[[23.6997251,61.6682691],[23.7009119,61.6680683],[23.7015208,61.6683034],[23.7012731,61.6689254],[23.6998799,61.6692143],[23.6993226,61.6690919],[23.6990233,61.6691311],[23.698755,61.6692192],[23.6985073,61.6691262],[23.6987963,61.668994],[23.699271,61.6690184],[23.6996528,61.6685679],[23.6997251,61.6682691]],[[23.6921183,61.6830638],[23.6929518,61.6829987],[23.6935216,61.6835542],[23.6930573,61.6838245],[23.6928357,61.6842299],[23.6925825,61.6842149],[23.6918756,61.6836543],[23.6924348,61.6834742],[23.6921183,61.6830638]],[[23.6894561,61.687048],[23.6895827,61.6878187],[23.6893189,61.6881139],[23.6894772,61.6882941],[23.6899203,61.6883241],[23.6900047,61.6881289],[23.6922837,61.6877786],[23.6931489,61.6878587],[23.6933177,61.6881639],[23.6931173,61.6882941],[23.693265,61.6885042],[23.6936026,61.6885142],[23.6937609,61.6886193],[23.6943412,61.6885943],[23.6938664,61.6889646],[23.6930434,61.6890246],[23.6928219,61.6892348],[23.6912498,61.6893299],[23.6910282,61.6896351],[23.6912498,61.6898052],[23.6916085,61.6898002],[23.6911442,61.6899603],[23.6905639,61.6899754],[23.6896249,61.6906559],[23.6888547,61.6905908],[23.6883377,61.6909561],[23.6874619,61.6907359],[23.6881372,61.6902556],[23.6877363,61.6901205],[23.6879684,61.6898603],[23.6877152,61.6898202],[23.6872826,61.6900054],[23.6872298,61.6899053],[23.687789,61.6896851],[23.6874725,61.6894049],[23.6869344,61.68947],[23.6866495,61.6892748],[23.6857316,61.6897852],[23.6852357,61.6894299],[23.6855944,61.6891647],[23.6849825,61.6889045],[23.6840118,61.6889946],[23.6840329,61.6887144],[23.6848664,61.6885092],[23.6850563,61.6886093],[23.6853412,61.6885142],[23.6851302,61.6881639],[23.6857421,61.6880088],[23.6856999,61.6877886],[23.6861536,61.6875484],[23.6883693,61.6871131],[23.6894561,61.687048]],[[23.7150175,61.6896777],[23.7156084,61.6898298],[23.7155577,61.6903101],[23.7163596,61.6903982],[23.716444,61.69011],[23.7170096,61.6899939],[23.7168745,61.6898818],[23.7161908,61.6900099],[23.7160811,61.69017],[23.715946,61.690122],[23.7156337,61.6896577],[23.7156506,61.6894775],[23.715237,61.6894695],[23.7150175,61.6896777]],[[23.7171784,61.6906024],[23.7177101,61.6903862],[23.717803,61.6908986],[23.7171531,61.6909666],[23.7171784,61.6906024]],[[23.7147176,61.6898997],[23.7146585,61.6900638],[23.7149962,61.6900678],[23.7147176,61.6904081],[23.7135781,61.6909444],[23.7135866,61.6911446],[23.7145657,61.6913647],[23.7149033,61.6912206],[23.7153,61.6914008],[23.7150384,61.6914808],[23.7144138,61.6914808],[23.7140592,61.691721],[23.7141774,61.6918531],[23.714802,61.691741],[23.7150553,61.6919251],[23.7145573,61.6920932],[23.7144306,61.6925856],[23.713097,61.6923814],[23.7127594,61.6926816],[23.7124049,61.6926496],[23.7124724,61.6925215],[23.7118815,61.6924455],[23.7105479,61.6927617],[23.7082351,61.6927417],[23.7068592,61.6926176],[23.7051036,61.6921253],[23.7047744,61.691797],[23.7053315,61.6915169],[23.7055087,61.6911566],[23.7062853,61.6907803],[23.707315,61.6910045],[23.7082013,61.6910005],[23.7090285,61.6905081],[23.7093915,61.6905682],[23.7092396,61.6907283],[23.7094759,61.6907763],[23.7100752,61.6905442],[23.7103031,61.6906202],[23.7115777,61.6904561],[23.7117718,61.6906282],[23.7107758,61.6909565],[23.7107336,61.6911846],[23.7120925,61.6911846],[23.7124724,61.6908804],[23.7132489,61.6906482],[23.7131054,61.6904961],[23.71346,61.6904241],[23.7135866,61.6905362],[23.7140846,61.6904161],[23.7138651,61.690288],[23.7147176,61.6898997]],[[23.7010074,61.7017723],[23.7012712,61.7021024],[23.7009547,61.7031378],[23.6989078,61.7031328],[23.6974729,61.7029377],[23.6975151,61.7026926],[23.6992138,61.7018673],[23.6998363,61.7017823],[23.7002794,61.7019424],[23.7005537,61.7018023],[23.7010074,61.7017723]],[[23.6944975,61.7012271],[23.6938328,61.7015622],[23.694814,61.7018974],[23.6926722,61.7025926],[23.6927671,61.7031778],[23.6917015,61.7032928],[23.6911739,61.7029127],[23.690256,61.7027176],[23.6913955,61.7021875],[23.6912794,61.7020374],[23.6909101,61.7020274],[23.6911423,61.7018473],[23.6905936,61.7017273],[23.6912583,61.7015172],[23.6913638,61.7017123],[23.6927988,61.7013822],[23.6929465,61.7011321],[23.6938539,61.700967],[23.6944975,61.7012271]],[[23.6951411,61.703743],[23.695637,61.7042531],[23.6963017,61.7043531],[23.69627,61.7049383],[23.6955631,61.7049933],[23.6954576,61.7051183],[23.6960485,61.7053334],[23.695753,61.7054184],[23.6952044,61.7052834],[23.6945924,61.7054734],[23.6943287,61.7052834],[23.6910156,61.7058885],[23.6910684,61.7056035],[23.6900766,61.7051484],[23.689011,61.7054734],[23.6885362,61.7053434],[23.688188,61.7054084],[23.6879875,61.7052534],[23.68995,61.7045432],[23.6904459,61.7046532],[23.6906991,61.7048383],[23.6909523,61.7048333],[23.6911317,61.7045682],[23.6916804,61.7042381],[23.6924506,61.7040481],[23.6928937,61.7036529],[23.6932208,61.703788],[23.6939383,61.703768],[23.6945608,61.7036429],[23.6951411,61.703743]],[[23.7287105,61.6928452],[23.7290651,61.6935216],[23.7295124,61.6936377],[23.7299682,61.6935536],[23.7303059,61.6936937],[23.72985,61.6939259],[23.7291157,61.6937097],[23.727436,61.6942701],[23.7268536,61.694206],[23.7264737,61.6943901],[23.726077,61.6942621],[23.7262627,61.694094],[23.7259673,61.6939659],[23.7250557,61.694214],[23.7240681,61.6937497],[23.7240259,61.6935136],[23.7252076,61.6933575],[23.7253849,61.6931133],[23.7260179,61.6930813],[23.7272334,61.692589],[23.7287105,61.6928452]],[[23.7246837,61.6978126],[23.7238903,61.6978767],[23.7240676,61.6982568],[23.7254941,61.6983689],[23.7263804,61.6981088],[23.727292,61.698505],[23.7265407,61.6988131],[23.7254687,61.698693],[23.7220249,61.6993573],[23.721434,61.6998616],[23.7205984,61.7001737],[23.7202861,61.7001097],[23.7204211,61.6996735],[23.7208347,61.6993774],[23.7201595,61.6992773],[23.7202608,61.6987411],[23.7216535,61.6982809],[23.7211555,61.6979007],[23.7206744,61.6980047],[23.7211977,61.6976045],[23.7247513,61.696688],[23.7255025,61.6967001],[23.7256798,61.6968201],[23.7252071,61.6970562],[23.7253168,61.6971963],[23.7247175,61.6975925],[23.7246837,61.6978126]],[[23.7208403,61.7013305],[23.720739,61.7016226],[23.720089,61.7017786],[23.7196079,61.7016186],[23.7201312,61.7013905],[23.7204857,61.7013985],[23.7208403,61.7013305]],[[23.7283188,61.6988254],[23.7288337,61.6988294],[23.7293992,61.6987694],[23.7294667,61.6988935],[23.7290109,61.6989775],[23.7284792,61.6992536],[23.7283104,61.6992296],[23.7284454,61.6990976],[23.7282428,61.6990535],[23.7276773,61.6992576],[23.7275085,61.6991616],[23.7283188,61.6988254]],[[23.7115009,61.6364057],[23.7117024,61.6363318],[23.7121924,61.636357],[23.7123639,61.6364461],[23.7125091,61.6364514],[23.7128736,61.6363625],[23.7131895,61.6363245],[23.7135563,61.6363492],[23.7136965,61.6364008],[23.7138387,61.6363807],[23.7139277,61.6363084],[23.7142353,61.6362921],[23.7145782,61.6362288],[23.7152569,61.636203],[23.7154056,61.6362037],[23.715618,61.6363187],[23.7157243,61.6363739],[23.7159439,61.6363733],[23.716015,61.6364528],[23.7158992,61.6365717],[23.7156205,61.6366672],[23.715304,61.636821],[23.7150742,61.6368127],[23.7149213,61.6369392],[23.714655,61.6369918],[23.7146251,61.6370969],[23.7140556,61.6373206],[23.7136696,61.6372976],[23.7133611,61.63711],[23.7131209,61.6371153],[23.7129906,61.6372153],[23.7126147,61.6371893],[23.7123026,61.6370894],[23.7122643,61.6370126],[23.7121127,61.6369694],[23.7120319,61.6368556],[23.7120836,61.6367516],[23.7118945,61.6367082],[23.7118263,61.6366449],[23.711754,61.636576],[23.7114869,61.6365844],[23.7114267,61.6365018],[23.7115009,61.6364057]],[[23.7117455,61.6358873],[23.7122587,61.6360259],[23.7124748,61.6359515],[23.71194,61.6357179],[23.7117455,61.6358873]],[[23.6410489,61.6283145],[23.6409156,61.6286646],[23.6404457,61.6288154],[23.6402869,61.6290206],[23.641322,61.6290598],[23.6410807,61.6293223],[23.6427316,61.6294641],[23.6427951,61.6293495],[23.6419951,61.6292348],[23.6422681,61.6290749],[23.642865,61.6290659],[23.6424205,61.6288486],[23.6429856,61.6284533],[23.6426491,61.6282482],[23.6417157,61.6280158],[23.6415252,61.6282059],[23.6410489,61.6283145]],[[23.6272951,61.6310285],[23.6275205,61.6308354],[23.6278888,61.6307992],[23.6281206,61.6308973],[23.6279555,61.6309938],[23.6277047,61.6309983],[23.6277491,61.6310874],[23.6273332,61.6310964],[23.6272951,61.6310285]],[[23.6263479,61.6304969],[23.6269848,61.6304387],[23.6269834,61.6306055],[23.6264017,61.6305716],[23.6263479,61.6304969]],[[23.630484,61.6344861],[23.6291229,61.6351127],[23.6306106,61.6360099],[23.6310221,61.6359247],[23.6308849,61.6356239],[23.6314547,61.6354284],[23.6317184,61.6355838],[23.6322566,61.6355638],[23.6327947,61.6351026],[23.6336387,61.6351878],[23.6339658,61.6353432],[23.6341241,61.635243],[23.6334594,61.6347016],[23.6346411,61.6342154],[23.6358228,61.6342104],[23.6362448,61.6338745],[23.6358439,61.6338144],[23.6353374,61.6338645],[23.6349049,61.6337342],[23.6354746,61.6335487],[23.6348415,61.6334835],[23.6341979,61.6330724],[23.6336704,61.6331727],[23.6330373,61.6329822],[23.631518,61.6330875],[23.6309799,61.6328619],[23.6299248,61.6331527],[23.6283843,61.633303],[23.6282155,61.6339347],[23.6289857,61.6340149],[23.6294711,61.6338444],[23.6297665,61.6339347],[23.6294183,61.6343808],[23.6303363,61.6343507],[23.630484,61.6344861]],[[23.6385555,61.6346365],[23.6392308,61.634456],[23.6396634,61.6346114],[23.6392941,61.6349322],[23.6393363,61.6351427],[23.638967,61.6351277],[23.6388298,61.6348319],[23.6385027,61.6347517],[23.6385555,61.6346365]],[[23.6537615,61.6342682],[23.6542856,61.6340911],[23.6546583,61.6341835],[23.6546043,61.6343837],[23.6543774,61.6344119],[23.6541235,61.6343554],[23.6539398,61.6344427],[23.6539236,61.6346326],[23.6537075,61.6346788],[23.6536751,61.6345967],[23.6537615,61.6342682]],[[23.6197814,61.719399],[23.6205474,61.719571],[23.6214406,61.7190484],[23.6217008,61.7191141],[23.6214175,61.7197852],[23.6214869,61.7200783],[23.6211573,61.7204316],[23.6206081,61.7207055],[23.6201688,61.7204974],[23.619793,61.7203111],[23.6193883,61.7202508],[23.619157,61.7203768],[23.6195675,61.7204179],[23.6193047,61.7204827],[23.6185558,61.7205686],[23.618232,61.7204535],[23.6180817,61.7206425],[23.6178273,61.7204919],[23.6175903,61.7200701],[23.6178447,61.7197907],[23.6181483,61.7198122],[23.618459,61.7196732],[23.6187093,61.7197345],[23.6195617,61.7196565],[23.6197814,61.719399]],[[23.6157555,61.7201541],[23.6162411,61.7205376],[23.615478,61.7208279],[23.6145645,61.72131],[23.6141367,61.7213647],[23.6137783,61.7212333],[23.6139402,61.7207403],[23.6149345,61.7202144],[23.6157555,61.7201541]],[[23.6137899,61.718095],[23.6144084,61.718073],[23.6148709,61.7183661],[23.6142639,61.7185661],[23.6140731,61.7187195],[23.6137089,61.7186702],[23.6128706,61.7187387],[23.6129169,61.7184976],[23.6134834,61.7184237],[23.6137899,61.718095]],[[23.7340847,61.7138489],[23.7348632,61.7138045],[23.7349159,61.7139931],[23.7344125,61.714215],[23.7343247,61.7143177],[23.7339442,61.7142705],[23.7337803,61.7140736],[23.7340847,61.7138489]],[[23.7452557,61.7136335],[23.7459593,61.7141787],[23.7458931,61.7146887],[23.745264,61.7147711],[23.7448669,61.7149037],[23.743716,61.7149633],[23.7431614,61.7152496],[23.7424826,61.7153163],[23.7418038,61.7155634],[23.7407506,61.7153658],[23.7403468,61.7151202],[23.7394032,61.7140375],[23.7389975,61.7138257],[23.7392128,61.7137041],[23.7395687,61.7138061],[23.7398667,61.7137786],[23.740082,61.7135942],[23.7411167,61.7135079],[23.7413899,61.7136452],[23.742019,61.7135668],[23.742524,61.7139159],[23.7423253,61.7144886],[23.7418369,61.7148652],[23.7421846,61.7150064],[23.7425488,61.7149044],[23.7425985,61.7146848],[23.7429461,61.7145945],[23.742971,61.7147867],[23.7432964,61.7147401],[23.7438236,61.7143317],[23.7445521,61.7142258],[23.7447673,61.7138649],[23.7452557,61.7136335]],[[23.7512898,61.712213],[23.7513307,61.7125403],[23.7521444,61.7130341],[23.7521034,61.7133531],[23.7523024,61.7135805],[23.7521678,61.7140687],[23.75232,61.7141547],[23.7526302,61.7141408],[23.7527883,61.7140215],[23.7538594,61.7141325],[23.7543687,61.7144432],[23.754275,61.7145402],[23.7529053,61.7144376],[23.7521912,61.7142545],[23.7518868,61.7143794],[23.7514654,61.7142573],[23.7501015,61.7144903],[23.7493991,61.7145014],[23.7490655,61.7142629],[23.7492235,61.7140964],[23.7501366,61.7136998],[23.7497445,61.7134085],[23.7500079,61.7132671],[23.7497679,61.7126374],[23.7502362,61.7123656],[23.7509269,61.7124571],[23.7510791,61.7122213],[23.7512898,61.712213]],[[23.753367,61.7101371],[23.7537416,61.7102481],[23.754327,61.7101344],[23.7550352,61.7103119],[23.7562235,61.7103369],[23.7569259,61.7105532],[23.7570078,61.7108418],[23.7567913,61.7113688],[23.7572186,61.7114049],[23.7572361,61.7115935],[23.7569844,61.7116157],[23.7573239,61.7119319],[23.7567971,61.7122371],[23.7564518,61.7120512],[23.7563991,61.7118404],[23.7560771,61.7117905],[23.7559015,61.7118654],[23.7550791,61.7114112],[23.7540167,61.7112329],[23.7533436,61.7108556],[23.7535777,61.7106809],[23.7533377,61.7105865],[23.7533085,61.710348],[23.7527056,61.7101871],[23.7529865,61.7099485],[23.7533026,61.7099041],[23.7535602,61.7099568],[23.753367,61.7101371]],[[23.7518513,61.7062391],[23.7524727,61.7062391],[23.7530854,61.7066809],[23.7542417,61.7068527],[23.753957,61.7071144],[23.7524899,61.7069017],[23.7519635,61.7067054],[23.7513335,61.7066604],[23.7513163,61.7065254],[23.7518513,61.7062391]],[[23.7523048,61.7341794],[23.7531333,61.7341099],[23.7537028,61.7343797],[23.7544795,61.7345309],[23.7540394,61.7350989],[23.7535561,61.7352338],[23.7524429,61.7351357],[23.7520546,61.7346208],[23.7523048,61.7341794]],[[23.739075,61.7567406],[23.7398711,61.7565051],[23.740316,61.7565411],[23.7402457,61.7570425],[23.7399238,61.7575162],[23.7391453,61.7578153],[23.7387004,61.7574358],[23.7388819,61.7571422],[23.739075,61.7567406]],[[23.7409106,61.7536743],[23.7410277,61.753871],[23.7410101,61.7543419],[23.7413438,61.7545137],[23.7412852,61.7549264],[23.7409984,61.7551037],[23.7403019,61.7549514],[23.7397165,61.7548904],[23.7391468,61.7549463],[23.7394297,61.7546827],[23.7393536,61.7544777],[23.740015,61.7539042],[23.7403463,61.7539008],[23.7409106,61.7536743]],[[23.7416316,61.7470402],[23.7411656,61.7477673],[23.7413813,61.7481309],[23.7408635,61.7483882],[23.7395604,61.7485393],[23.739362,61.7482289],[23.7385076,61.7478367],[23.7395691,61.7471546],[23.7404666,61.7469871],[23.7408549,61.7470157],[23.7413382,61.7469095],[23.7416316,61.7470402]],[[23.7526633,61.7445705],[23.7536449,61.7445705],[23.7553061,61.7442897],[23.7550256,61.7446369],[23.7555218,61.7446471],[23.7554679,61.7449995],[23.7557268,61.7451884],[23.7556297,61.7461587],[23.7543568,61.7461893],[23.7542166,61.745454],[23.7535586,61.7454387],[23.7531379,61.7452344],[23.7521994,61.7452752],[23.7522102,61.7448667],[23.7526633,61.7445705]],[[23.7580999,61.744402],[23.7589197,61.7441824],[23.7591678,61.7442437],[23.758909,61.7446574],[23.7583372,61.7449535],[23.7580999,61.744402]],[[23.7282422,61.7528559],[23.7280725,61.7527658],[23.7280063,61.7524563],[23.7283829,61.7524955],[23.7284615,61.7526052],[23.7287637,61.7525719],[23.7286271,61.7528285],[23.7282422,61.7528559]],[[23.7296163,61.7658798],[23.7302753,61.7656225],[23.7308766,61.7656873],[23.7310861,61.7659086],[23.7306063,61.7665364],[23.7306276,61.7668094],[23.7302646,61.766934],[23.7301629,61.7671154],[23.7299807,61.7671139],[23.7298531,61.7670119],[23.729598,61.7668209],[23.7295202,61.7664696],[23.7298774,61.7660982],[23.7296163,61.7658798]],[[23.7357026,61.7636629],[23.7359732,61.7638479],[23.7349983,61.7641913],[23.7345516,61.7641059],[23.7345774,61.7639759],[23.7348265,61.7638235],[23.7350069,61.7638844],[23.7357026,61.7636629]],[[23.7276989,61.7747144],[23.7300252,61.7745449],[23.730991,61.7743294],[23.7326734,61.7741858],[23.7353034,61.7740881],[23.7353702,61.7739043],[23.7356618,61.7738871],[23.7357408,61.7737377],[23.7354128,61.7736716],[23.7349572,61.7733096],[23.7346718,61.7734044],[23.7344288,61.7734131],[23.7344956,61.7732522],[23.7340279,61.7733412],[23.7339307,61.7732608],[23.7341069,61.7731287],[23.7338518,61.7730425],[23.733293,61.7730655],[23.7326613,61.7728816],[23.7314708,61.7723444],[23.7298916,61.7723559],[23.728774,61.7728759],[23.728446,61.7732378],[23.7278568,61.7738497],[23.7278204,61.774091],[23.7274256,61.7745851],[23.7276989,61.7747144]],[[23.7265399,61.7719707],[23.7274758,61.7720577],[23.7278524,61.7715981],[23.7271478,61.7716297],[23.7265399,61.7719707]],[[23.7339648,61.7722874],[23.7343041,61.7720294],[23.7351974,61.7720761],[23.7353821,61.7723117],[23.7350385,61.7725332],[23.7344243,61.7725149],[23.7339648,61.7722874]],[[23.7348916,61.7707427],[23.7354322,61.7705861],[23.735748,61.7706795],[23.7360609,61.7706292],[23.7362248,61.7709022],[23.7358156,61.7710423],[23.7350192,61.7710142],[23.7348916,61.7707427]],[[23.7325107,61.7691252],[23.7326321,61.7697544],[23.7321037,61.7700216],[23.732371,61.7703118],[23.7321402,61.7706852],[23.7330816,61.7710444],[23.7340352,61.7707714],[23.7346487,61.7707226],[23.7349098,61.7702917],[23.7347216,61.7701509],[23.734509,61.7702055],[23.7333246,61.7690907],[23.7328933,61.769016],[23.7325107,61.7691252]],[[23.736805,61.7706756],[23.7369209,61.7705131],[23.7376768,61.7705151],[23.7393304,61.7699341],[23.7396482,61.7700357],[23.7391843,61.7702896],[23.7393347,61.7704724],[23.7396396,61.7705476],[23.7396181,61.7707203],[23.7389739,61.7708239],[23.7387205,61.7711002],[23.7379216,61.7711123],[23.736805,61.7706756]],[[23.7390765,61.7730841],[23.740844,61.77259],[23.7416822,61.7725958],[23.7415364,61.7729089],[23.7402366,61.7731674],[23.7401698,61.7732795],[23.7405039,61.7733743],[23.7400787,61.7736414],[23.7392891,61.7736817],[23.7388457,61.773515],[23.7392368,61.7733321],[23.7390765,61.7730841]],[[23.7364393,61.7739804],[23.7361356,61.7739072],[23.736497,61.7735466],[23.7371955,61.7733355],[23.7371985,61.7734949],[23.7367399,61.7737492],[23.7364393,61.7739804]],[[23.7617932,61.7722094],[23.7620072,61.7722061],[23.762311,61.7725],[23.7618139,61.7724608],[23.7617932,61.7723171],[23.7617932,61.7722094]],[[23.7591843,61.7795443],[23.7594346,61.7793689],[23.7601163,61.7795443],[23.7598488,61.7796749],[23.7591843,61.7795443]],[[23.7189862,61.8185631],[23.7189701,61.8183376],[23.7190559,61.8181818],[23.7193644,61.8180349],[23.7195414,61.8180754],[23.7195524,61.8182868],[23.7194502,61.8184744],[23.7192383,61.8186062],[23.7189862,61.8185631]],[[23.7417749,61.8236104],[23.7419379,61.8243569],[23.7414142,61.8248468],[23.7404706,61.825094],[23.739685,61.8250964],[23.7390823,61.8247534],[23.739606,61.8241283],[23.7413698,61.823594],[23.7413945,61.8234797],[23.7409251,61.8233747],[23.7413401,61.8231251],[23.7411573,61.8229711],[23.7415377,61.8224625],[23.7421751,61.8221919],[23.7425753,61.8222479],[23.7430446,61.8219796],[23.7430594,61.8215643],[23.7428915,61.8214104],[23.7430644,61.8211467],[23.7429804,61.8209437],[23.7431088,61.8208574],[23.742931,61.8204351],[23.7436227,61.8198985],[23.7434498,61.8196185],[23.7437758,61.8195509],[23.744176,61.8197142],[23.7440772,61.8198612],[23.7437561,61.8199498],[23.743845,61.8200945],[23.7443638,61.8201038],[23.7449517,61.8204445],[23.745006,61.8206778],[23.7454062,61.8208667],[23.7455693,61.8213124],[23.7459744,61.8216367],[23.7456829,61.8221289],[23.7461127,61.8224182],[23.7460386,61.8225885],[23.7463598,61.8228078],[23.7460287,61.8230108],[23.7463301,61.8233677],[23.7455149,61.8238553],[23.7450851,61.8237643],[23.7453173,61.82351],[23.7438944,61.8231974],[23.7436671,61.8233934],[23.7432027,61.8232418],[23.7429645,61.8230526],[23.7425145,61.8230192],[23.7423628,61.8233911],[23.7419083,61.8234704],[23.7417749,61.8236104]],[[23.7341348,61.8286313],[23.7348265,61.8283561],[23.7357256,61.8285544],[23.7357948,61.8290792],[23.7350834,61.8291468],[23.7343917,61.8289229],[23.734446,61.8288296],[23.7341348,61.8286313]],[[23.7360122,61.8294361],[23.7363729,61.8291118],[23.7366644,61.8290372],[23.7369213,61.8291422],[23.7372375,61.8291258],[23.7373066,61.8292798],[23.737025,61.8298069],[23.7366742,61.8297999],[23.7360122,61.8294361]],[[23.7260004,61.8288418],[23.7275963,61.8282563],[23.7289203,61.8283449],[23.7290439,61.8284592],[23.7289599,61.8286668],[23.7293008,61.8286972],[23.7287622,61.829054],[23.7255657,61.8299287],[23.7254026,61.8298447],[23.725872,61.8296325],[23.7257139,61.8293782],[23.7262524,61.8290914],[23.7260004,61.8288418]],[[23.7197961,61.8284634],[23.7199638,61.8281665],[23.7205018,61.8281863],[23.7204459,61.8283249],[23.7197961,61.8284634]],[[23.7459591,61.8285381],[23.7466538,61.8283247],[23.7470067,61.8286735],[23.746698,61.8287412],[23.7459591,61.8285381]],[[23.7374699,61.8385587],[23.7380433,61.8384546],[23.7381845,61.8386503],[23.7377522,61.8391416],[23.7374787,61.8390916],[23.7373022,61.8387086],[23.7374699,61.8385587]],[[23.7799735,61.8003887],[23.7800176,61.8010714],[23.7796757,61.8013788],[23.780194,61.8015039],[23.7801609,61.8018687],[23.7793669,61.8023377],[23.77747,61.8029109],[23.7769407,61.8029526],[23.7758378,61.80289],[23.7761907,61.8024575],[23.7772053,61.8020094],[23.7772274,61.8018478],[23.7778009,61.8015508],[23.7778891,61.8017228],[23.7781317,61.8016967],[23.7788045,61.8009359],[23.7782861,61.8007847],[23.778253,61.8006492],[23.7785177,61.8005033],[23.779422,61.800519],[23.7799735,61.8003887]],[[23.7820101,61.8027276],[23.7829488,61.8023601],[23.7832546,61.802175],[23.7836033,61.8021522],[23.783614,61.8022916],[23.7833512,61.8022562],[23.7830561,61.802426],[23.7826753,61.8028087],[23.7820584,61.8028974],[23.7820101,61.8027276]],[[23.7861239,61.8045372],[23.7865298,61.8047456],[23.7860975,61.8054126],[23.786318,61.8057794],[23.7861328,61.8060337],[23.785127,61.8061379],[23.7845447,61.8063463],[23.7838565,61.8062963],[23.7830889,61.8058628],[23.7825243,61.8057002],[23.7827537,61.805596],[23.7825331,61.8051792],[23.783186,61.8045789],[23.7839183,61.8044705],[23.7844476,61.8045705],[23.7847564,61.8047665],[23.7850564,61.804779],[23.7856122,61.8045705],[23.7861239,61.8045372]],[[23.759737,61.814223],[23.7599409,61.8137112],[23.761003,61.8131943],[23.7616038,61.8125507],[23.7621617,61.812125],[23.7635377,61.8113952],[23.7635967,61.8108314],[23.7640715,61.810322],[23.7645516,61.8102536],[23.7645864,61.8099305],[23.7650317,61.809653],[23.7651304,61.8097954],[23.7678323,61.8086596],[23.7688138,61.8079927],[23.7701042,61.8075655],[23.7715268,61.8065443],[23.7721003,61.8065808],[23.7729818,61.8062228],[23.7728423,61.8057375],[23.7725633,61.805759],[23.7724185,61.8056564],[23.7726411,61.8055043],[23.7729174,61.8055296],[23.7730139,61.805778],[23.7732956,61.8057248],[23.7732392,61.8054954],[23.773545,61.805398],[23.773883,61.8055867],[23.7754923,61.8053104],[23.7757391,61.8056424],[23.7762541,61.8059744],[23.7745053,61.8061519],[23.774355,61.8064763],[23.7755996,61.8067779],[23.7760127,61.8070592],[23.7757617,61.8078937],[23.7747252,61.8083441],[23.7729715,61.8084148],[23.7722146,61.8083998],[23.7719947,61.808747],[23.7722951,61.8091094],[23.7727833,61.8091196],[23.7729549,61.8093324],[23.7733734,61.8094262],[23.7733948,61.8096999],[23.7731212,61.8101155],[23.7714904,61.8105894],[23.7707072,61.8112533],[23.7709057,61.8127787],[23.7701306,61.8137821],[23.7696049,61.8141989],[23.7685025,61.8147728],[23.7680626,61.8147361],[23.7674779,61.8150047],[23.7662977,61.8151225],[23.7656928,61.8150099],[23.7646672,61.815187],[23.7636745,61.8150946],[23.7628591,61.8146386],[23.7617005,61.8147182],[23.7602627,61.8145524],[23.759737,61.814223]],[[23.7593626,61.8159896],[23.7600404,61.8156576],[23.7610334,61.8152657],[23.76178,61.8152687],[23.7623872,61.8156113],[23.7630481,61.8158122],[23.7634166,61.8161949],[23.763227,61.8166688],[23.7628035,61.816998],[23.7627241,61.8172647],[23.7621947,61.8174647],[23.7622035,61.8181731],[23.7616742,61.8186022],[23.7604213,61.8184147],[23.7600596,61.8181897],[23.7602184,61.8174605],[23.759699,61.8173104],[23.7595126,61.8174022],[23.7592468,61.8173128],[23.7593185,61.8169522],[23.7594276,61.8164599],[23.7593626,61.8159896]],[[23.7589644,61.8106459],[23.7597033,61.8109584],[23.7603871,61.8108543],[23.7609054,61.8111564],[23.760773,61.811271],[23.7609164,61.81137],[23.7613465,61.8111981],[23.7617546,61.81137],[23.7614347,61.8114846],[23.7616112,61.8115732],[23.7620303,61.8115471],[23.7615891,61.8121097],[23.7600672,61.8128182],[23.7580601,61.8145164],[23.758016,61.8149539],[23.7591629,61.8154905],[23.7583909,61.8166155],[23.7578836,61.8168291],[23.7574425,61.8164957],[23.7562404,61.8160999],[23.7566595,61.8156519],[23.7568028,61.8152509],[23.756461,61.8150581],[23.7569021,61.8148133],[23.7568359,61.8146049],[23.7575638,61.8138288],[23.7569462,61.8135527],[23.7578616,61.8128859],[23.7572219,61.8125421],[23.7567256,61.8126151],[23.7563507,61.8124223],[23.7570234,61.8121514],[23.7570785,61.8119691],[23.7564168,61.8117347],[23.7571116,61.8115628],[23.7573432,61.8113596],[23.7577733,61.8114638],[23.7579829,61.8111199],[23.7581593,61.8108022],[23.7589644,61.8106459]],[[23.7593945,61.8098071],[23.7606407,61.8099842],[23.7600011,61.8106771],[23.7594166,61.8106459],[23.7586887,61.8102864],[23.7593945,61.8098071]],[[23.7873561,61.8186191],[23.7875043,61.8183924],[23.7879913,61.8183224],[23.7880055,61.8186724],[23.7873561,61.8186191]],[[23.7779857,61.8236625],[23.7776416,61.8233209],[23.776724,61.8232959],[23.776177,61.8229584],[23.7754888,61.8219294],[23.7744831,61.8217753],[23.7741743,61.8214878],[23.7733185,61.8216419],[23.7711657,61.8210587],[23.7712892,61.8207629],[23.7706452,61.8205962],[23.7708481,61.8201837],[23.7701158,61.8200296],[23.76911,61.8203629],[23.7696129,61.8194921],[23.7689071,61.8188421],[23.768863,61.8181629],[23.7681131,61.8181379],[23.7682167,61.8173723],[23.7678418,61.8170806],[23.7678529,61.8162162],[23.7681571,61.8157519],[23.7678754,61.8152968],[23.7680994,61.8150731],[23.7682458,61.8153208],[23.7689878,61.8151746],[23.7692322,61.8150496],[23.7700769,61.8149084],[23.771531,61.8142948],[23.7723478,61.8140536],[23.7726154,61.8139007],[23.7738112,61.8135944],[23.7782636,61.8138772],[23.7795539,61.8141897],[23.7809986,61.8148357],[23.7816383,61.8148773],[23.7826088,61.8152367],[23.7833697,61.8153045],[23.7837557,61.8156847],[23.7846049,61.8156587],[23.784252,61.8163723],[23.7848144,61.8165598],[23.785818,61.8165598],[23.7872407,61.8173046],[23.7867995,61.8176275],[23.7868657,61.8179817],[23.7871304,61.8181171],[23.7867554,61.8183098],[23.7861268,61.8184036],[23.7853769,61.8180911],[23.7837778,61.8186223],[23.7840755,61.8188932],[23.7832594,61.8193046],[23.7808442,61.820315],[23.7812412,61.8205337],[23.7809545,61.8206431],[23.7801384,61.8206014],[23.7787819,61.8213722],[23.7770505,61.8217628],[23.7768409,61.8223252],[23.7774034,61.8229761],[23.7776791,61.8227835],[23.7785944,61.8226585],[23.7788812,61.8229137],[23.7793664,61.8229553],[23.7790576,61.8234448],[23.7779857,61.8236625]],[[23.7884114,61.8242609],[23.788053,61.8245083],[23.7867847,61.8247621],[23.7840828,61.8245669],[23.7830213,61.8246385],[23.7822769,61.8244106],[23.7818909,61.8244367],[23.7812292,61.8242609],[23.7808156,61.8244302],[23.7807743,61.8242479],[23.7820425,61.8236881],[23.7829662,61.8238313],[23.7837657,61.8237402],[23.7842206,61.8239355],[23.7857095,61.8238183],[23.7861506,61.8235449],[23.7868812,61.8236491],[23.786771,61.8238899],[23.7884114,61.8242609]],[[23.773409,61.8231372],[23.7743883,61.8231455],[23.7741677,61.8234421],[23.7745401,61.8234946],[23.7753447,61.823223],[23.7754911,61.8233063],[23.7754788,61.8235629],[23.7772998,61.8235929],[23.7773755,61.8237563],[23.7780648,61.8239319],[23.7785879,61.8238995],[23.7788791,61.8244036],[23.7786408,61.8252493],[23.7781115,61.8255909],[23.7771939,61.8258075],[23.7773616,61.8260907],[23.7762234,61.8260574],[23.7757735,61.8262407],[23.7757029,61.8266031],[23.7754911,61.8266781],[23.77505,61.8265573],[23.7753412,61.8263573],[23.7747147,61.8263032],[23.7752265,61.8257367],[23.7750324,61.8255992],[23.7744589,61.825645],[23.7743971,61.8253409],[23.7736296,61.8252784],[23.7733472,61.8254242],[23.7727826,61.8254034],[23.771715,61.8254825],[23.7725708,61.8247785],[23.7723767,61.8245952],[23.7713092,61.8246244],[23.7719356,61.8239995],[23.7725532,61.8237621],[23.7727914,61.8232871],[23.773409,61.8231372]],[[23.7179381,61.5314249],[23.7177231,61.531425],[23.7177184,61.531558],[23.7174207,61.531737],[23.7171986,61.5317358],[23.7171991,61.5318665],[23.7168862,61.532058],[23.7164678,61.5320705],[23.7164647,61.532179],[23.7168503,61.5321751],[23.7171426,61.5322778],[23.7174975,61.5324251],[23.7178794,61.5326279],[23.7180643,61.5327793],[23.7183144,61.5328699],[23.7185697,61.5329755],[23.7189317,61.533156],[23.7189642,61.5331913],[23.7189339,61.5332332],[23.7187432,61.5333438],[23.7180716,61.5336603],[23.7174592,61.5339716],[23.7174844,61.5340106],[23.7175593,61.5340187],[23.7186365,61.5335152],[23.7191339,61.5332958],[23.7192131,61.533245],[23.719194,61.5332014],[23.7191159,61.5331486],[23.7187425,61.5329679],[23.7186393,61.5328804],[23.7186952,61.5327467],[23.7186647,61.5327009],[23.718721,61.53266],[23.7188281,61.5326546],[23.7189333,61.5326659],[23.719432,61.5325459],[23.7197512,61.5323647],[23.7198809,61.5322776],[23.7197669,61.5320724],[23.7195636,61.5319558],[23.7193142,61.5319252],[23.7192568,61.5318761],[23.7193396,61.5318162],[23.7195057,61.5318093],[23.7195928,61.5317458],[23.7197478,61.5316729],[23.7196402,61.5315922],[23.7190707,61.5313301],[23.7188624,61.531438],[23.7186886,61.5314021],[23.7186714,61.5311268],[23.7184879,61.5310596],[23.7184359,61.5310586],[23.7183696,61.5310573],[23.7183339,61.5310691],[23.718327,61.5311137],[23.7182761,61.5311137],[23.7182734,61.5311039],[23.7178653,61.531102],[23.7178796,61.5313077],[23.7179378,61.5313178],[23.7179381,61.5314249]],[[23.7374407,61.6049038],[23.738138,61.6049478],[23.7386753,61.6049498],[23.7390167,61.6050644],[23.7392133,61.6050662],[23.7394024,61.6049876],[23.739816,61.6049421],[23.7400537,61.6048512],[23.7400446,61.6047657],[23.7403393,61.6047266],[23.7406346,61.6045665],[23.740956,61.604596],[23.7411368,61.6043759],[23.7416249,61.6042584],[23.7426474,61.6041716],[23.7429722,61.6043487],[23.7433611,61.6042613],[23.7437492,61.6043201],[23.743967,61.6042774],[23.7443297,61.6043176],[23.7445649,61.6043174],[23.7446612,61.6042579],[23.7448186,61.6043245],[23.7450343,61.6043253],[23.7450305,61.6044009],[23.7453752,61.6045487],[23.7453744,61.6047182],[23.7454991,61.6048194],[23.7450399,61.604916],[23.7449852,61.6052232],[23.7442846,61.6052859],[23.7447202,61.6057329],[23.7449315,61.6057765],[23.7455817,61.6058067],[23.7465505,61.6060074],[23.7474198,61.6060571],[23.7477776,61.6060261],[23.7479783,61.6061701],[23.748044,61.6063864],[23.7480204,61.6067772],[23.7478283,61.6068342],[23.7475161,61.6069675],[23.7457739,61.6067552],[23.7452397,61.606608],[23.7450705,61.6066526],[23.74492,61.6065971],[23.7448138,61.6066286],[23.7446365,61.6066165],[23.744217,61.606433],[23.7440633,61.6062706],[23.7439221,61.6063657],[23.7437082,61.6062906],[23.7436795,61.6062025],[23.7431752,61.6058492],[23.7426012,61.6057813],[23.7422472,61.6058788],[23.7410445,61.6053609],[23.7406958,61.6054756],[23.740507,61.6056645],[23.7400741,61.6055357],[23.739653,61.6055109],[23.739426,61.6054097],[23.7393764,61.6052836],[23.7389529,61.6051945],[23.7387276,61.6052445],[23.7385208,61.6051348],[23.7379404,61.6050299],[23.7376705,61.6051456],[23.7376665,61.6049926],[23.7374407,61.6049038]],[[23.7128663,61.5957769],[23.7130261,61.5950159],[23.714297,61.5947128],[23.714643,61.5947071],[23.7150981,61.5946234],[23.715145,61.5945066],[23.7154401,61.5944402],[23.7162701,61.5944821],[23.7167104,61.5946117],[23.7178455,61.5945617],[23.7192564,61.5948623],[23.7190697,61.5950756],[23.7197295,61.5953864],[23.7200342,61.5952849],[23.7203368,61.5953813],[23.7204451,61.5958218],[23.7199602,61.5963454],[23.719045,61.5966884],[23.7176149,61.5967843],[23.7144659,61.5964725],[23.7131956,61.5960172],[23.7128663,61.5957769]],[[23.7192837,61.5922509],[23.7195238,61.5921949],[23.7195788,61.5922382],[23.7198577,61.5922535],[23.7200616,61.5923581],[23.7200562,61.5924576],[23.7201474,61.5925112],[23.7202641,61.5925037],[23.7203352,61.5925393],[23.720244,61.5925852],[23.720024,61.5926848],[23.7191657,61.592621],[23.7191443,61.5925852],[23.7191657,61.592501],[23.7193266,61.5924219],[23.7194554,61.5924143],[23.7194876,61.592376],[23.7194554,61.5923198],[23.7193749,61.5923198],[23.7192837,61.5923326],[23.7192194,61.5922739],[23.7192837,61.5922509]],[[23.7185917,61.5922586],[23.7182323,61.5922177],[23.717889,61.5921846],[23.7178072,61.5921439],[23.7177441,61.592131],[23.7177441,61.5921131],[23.7176798,61.5919957],[23.7177012,61.5919676],[23.7178675,61.5919702],[23.7180499,61.5919855],[23.7182538,61.5920085],[23.7183664,61.5919778],[23.7184898,61.5920263],[23.7186762,61.5921388],[23.7187312,61.592205],[23.7185917,61.5922586]],[[23.7039428,61.6009389],[23.7036735,61.6009499],[23.7041016,61.6014479],[23.7044299,61.6015216],[23.7046032,61.6016367],[23.704593,61.6017334],[23.7044144,61.6017104],[23.7038688,61.60149],[23.7035496,61.6014984],[23.703106,61.601215],[23.7026929,61.6010956],[23.7023088,61.6007141],[23.702282,61.6004633],[23.7028458,61.6004034],[23.7039428,61.6009389]],[[23.7277166,61.6120896],[23.728123,61.6121611],[23.7281136,61.6122018],[23.7287935,61.6122708],[23.7291422,61.6123014],[23.7293098,61.6123599],[23.7296049,61.6123319],[23.7296947,61.6123473],[23.7299482,61.6124186],[23.7301132,61.612508],[23.7298999,61.6125946],[23.72992,61.6126865],[23.7302003,61.6127425],[23.7302848,61.6128038],[23.7301199,61.6129669],[23.7298946,61.6130562],[23.729739,61.6130485],[23.7295459,61.6129924],[23.729224,61.612921],[23.7287948,61.6128828],[23.7284408,61.6128471],[23.7281672,61.6128216],[23.7278614,61.6127705],[23.7275288,61.6126838],[23.7272646,61.6125896],[23.7271748,61.6125589],[23.7270675,61.6125487],[23.7271104,61.6125053],[23.7271694,61.6124926],[23.7273196,61.6125053],[23.7274269,61.6124186],[23.7275879,61.612286],[23.7274323,61.6122732],[23.7272915,61.6122376],[23.7273505,61.6121892],[23.7272539,61.6121611],[23.7273196,61.6121431],[23.7274792,61.6121433],[23.7274859,61.61211],[23.7275074,61.6120998],[23.7276402,61.6121178],[23.7277166,61.6120896]],[[23.7256513,61.6108016],[23.7259624,61.610646],[23.7261542,61.6106257],[23.7264278,61.6105645],[23.7265847,61.6105873],[23.7270192,61.6104879],[23.7271641,61.6104292],[23.7276576,61.610419],[23.7276254,61.6105389],[23.7274323,61.610544],[23.7272713,61.6105389],[23.7272767,61.6105771],[23.727443,61.6106281],[23.7273196,61.6106894],[23.7272606,61.610697],[23.7271265,61.610748],[23.727093,61.6108731],[23.7271198,61.6109547],[23.7269656,61.6110082],[23.7269012,61.6110592],[23.7268368,61.611049],[23.7267886,61.6110847],[23.7267818,61.6111792],[23.7266705,61.6112454],[23.7264828,61.6112454],[23.7262575,61.6111944],[23.7261019,61.6111969],[23.7260053,61.6111255],[23.7259893,61.6110668],[23.7259021,61.6109904],[23.7257371,61.6109546],[23.7256406,61.6109138],[23.7256768,61.6108629],[23.7256513,61.6108016]],[[23.7394432,61.6142037],[23.7394754,61.6141119],[23.7393949,61.614043],[23.7392179,61.6140379],[23.7393252,61.6139155],[23.7392273,61.6138571],[23.7391053,61.6138237],[23.7389282,61.6137294],[23.7386064,61.6135153],[23.7385205,61.6134897],[23.738424,61.6134923],[23.7383811,61.6134566],[23.7382094,61.6133954],[23.7381665,61.6133189],[23.7383207,61.6133216],[23.7383422,61.6133649],[23.7384669,61.6133648],[23.7387016,61.6133904],[23.7387244,61.6133622],[23.7390677,61.6133852],[23.7390677,61.6133418],[23.7392501,61.6133163],[23.7393306,61.6133495],[23.7393842,61.6133928],[23.7395398,61.6134209],[23.7397275,61.6134209],[23.7398657,61.6134261],[23.7399636,61.6134056],[23.7402197,61.6134618],[23.7402747,61.6135127],[23.7402143,61.6135919],[23.7400601,61.613635],[23.7399314,61.6136477],[23.7398187,61.6137013],[23.7397436,61.6137523],[23.7397812,61.6138059],[23.7398603,61.6138469],[23.7398992,61.6140175],[23.7398938,61.6141068],[23.7399797,61.6141757],[23.7398134,61.6142471],[23.7397544,61.6141986],[23.7395398,61.614242],[23.7395398,61.6142216],[23.7394378,61.6142292],[23.7394432,61.6142037]],[[23.7510518,61.6157289],[23.7509713,61.6156065],[23.7509874,61.6155351],[23.7510732,61.6154585],[23.7510464,61.6153489],[23.7509391,61.6153157],[23.7509391,61.6152163],[23.750982,61.6151449],[23.751084,61.6151245],[23.7510786,61.6150352],[23.7511537,61.6149766],[23.7513415,61.6149434],[23.7516204,61.6148312],[23.7516175,61.6148941],[23.7516794,61.6149562],[23.751835,61.6149536],[23.7519154,61.6149511],[23.7520925,61.6149919],[23.7522749,61.6149358],[23.7524787,61.6150072],[23.7525163,61.6151143],[23.75235,61.615178],[23.7523095,61.6152358],[23.7521568,61.6153183],[23.7520359,61.6152919],[23.7518296,61.6153489],[23.7516765,61.6154857],[23.7517921,61.6155045],[23.7519262,61.6155784],[23.7519637,61.6156549],[23.7517838,61.6158453],[23.7516175,61.6158912],[23.7514863,61.6158309],[23.7513439,61.615807],[23.7511966,61.6157952],[23.7510518,61.6157289]],[[23.7529225,61.6148894],[23.75296,61.6148588],[23.7530619,61.6148231],[23.753137,61.6147823],[23.7533272,61.614812],[23.7534023,61.6148681],[23.753357,61.614943],[23.7532199,61.6150135],[23.7530912,61.6150517],[23.7530107,61.6150313],[23.7529332,61.6149736],[23.7529225,61.6148894]],[[23.7109317,61.6048863],[23.7111141,61.6049322],[23.7111194,61.6050444],[23.7111462,61.6052332],[23.7110068,61.6053174],[23.7109073,61.6052625],[23.7108804,61.6053569],[23.7109048,61.6053812],[23.7108941,61.6055368],[23.7109156,61.6057153],[23.7112935,61.6059309],[23.7116019,61.6060214],[23.711897,61.6061592],[23.7124308,61.6060712],[23.7124656,61.6060087],[23.7123691,61.6058939],[23.7123154,61.6057689],[23.7125783,61.6055801],[23.7125515,61.6055138],[23.712412,61.6054296],[23.7123905,61.6053939],[23.712412,61.6053633],[23.7124549,61.6053684],[23.7125515,61.6053914],[23.7125246,61.6053429],[23.7126695,61.6053327],[23.7128304,61.6055929],[23.7129887,61.6055993],[23.7131684,61.6055444],[23.7131952,61.6055138],[23.7131415,61.6054908],[23.7131791,61.6054577],[23.7132461,61.6054488],[23.7133373,61.6054539],[23.7135278,61.6054347],[23.7135707,61.6055189],[23.713686,61.6055253],[23.7138067,61.6056005],[23.7138496,61.6056567],[23.7141715,61.6057587],[23.7144505,61.6058327],[23.7146168,61.6057893],[23.7145792,61.6057434],[23.7145577,61.6056439],[23.7146168,61.6055776],[23.7146007,61.6055266],[23.714547,61.6054857],[23.7145685,61.6054296],[23.7146382,61.6053965],[23.7146892,61.6053697],[23.714775,61.6053569],[23.7149386,61.6053786],[23.7150003,61.6054156],[23.7150191,61.6053735],[23.715121,61.6053658],[23.7151425,61.6053939],[23.7152658,61.6054322],[23.7154107,61.6054347],[23.7154965,61.6054373],[23.7156119,61.6054232],[23.7157379,61.6054067],[23.715872,61.6054424],[23.7160759,61.6055521],[23.7163226,61.6056643],[23.7164407,61.6057817],[23.7165104,61.6058735],[23.7165319,61.6059679],[23.7164836,61.6060317],[23.7163924,61.6060878],[23.7162744,61.6060699],[23.7161993,61.6061031],[23.71621,61.6061643],[23.7161081,61.6061541],[23.7159525,61.6061515],[23.7158667,61.6061388],[23.7156628,61.606223],[23.7156574,61.6063021],[23.7157674,61.6063569],[23.7158533,61.6064742],[23.7159391,61.6066554],[23.7161966,61.6067982],[23.7163682,61.6068926],[23.7165104,61.6069117],[23.7165372,61.6068837],[23.7165855,61.6068633],[23.7166525,61.6068747],[23.7168644,61.6068148],[23.7168859,61.6067816],[23.7172239,61.606853],[23.7173338,61.6068926],[23.7173794,61.6068607],[23.7174465,61.6069053],[23.7174438,61.6069576],[23.7175109,61.6069717],[23.7175725,61.6069321],[23.7176476,61.6069806],[23.7176208,61.6070597],[23.7175565,61.6070469],[23.7174921,61.607052],[23.7174599,61.6071081],[23.717476,61.6071464],[23.7173848,61.6071617],[23.7172936,61.6072102],[23.7173928,61.6072676],[23.7175377,61.6073186],[23.7175082,61.6073964],[23.7176074,61.6074232],[23.7175135,61.6074857],[23.7173687,61.6074908],[23.7172721,61.6075112],[23.7170522,61.6074933],[23.71713,61.6075456],[23.7172641,61.607566],[23.7172614,61.6076055],[23.7171595,61.6076183],[23.7170468,61.6076081],[23.7169342,61.6076515],[23.7169878,61.6076974],[23.7170361,61.6076999],[23.7169771,61.6077356],[23.7169127,61.6077586],[23.7169235,61.60783],[23.7170763,61.6078543],[23.71702,61.6079014],[23.7169503,61.6079627],[23.7168484,61.6080723],[23.7168966,61.6081285],[23.7169637,61.608117],[23.7170683,61.6081565],[23.7169664,61.6081871],[23.7168966,61.6082713],[23.7169074,61.6083172],[23.7169583,61.6083389],[23.716851,61.6084333],[23.7168591,61.6084754],[23.7167303,61.6085417],[23.7165372,61.6085315],[23.7162958,61.6085697],[23.7161563,61.6086335],[23.7159471,61.6086641],[23.7158398,61.6086335],[23.7157379,61.6086157],[23.7155984,61.6086335],[23.7154697,61.6086565],[23.7154375,61.6087202],[23.715357,61.6087534],[23.7152766,61.6087713],[23.7151264,61.6086896],[23.7149654,61.6085876],[23.7148903,61.6085723],[23.7147187,61.6084346],[23.7147079,61.6083988],[23.7146275,61.6083886],[23.7145524,61.6083529],[23.7143485,61.6083555],[23.7142734,61.6083733],[23.7141286,61.6083631],[23.7140642,61.6084218],[23.7139569,61.6084346],[23.7139033,61.6084983],[23.7138657,61.608557],[23.7137316,61.6085825],[23.7136458,61.6085672],[23.7134259,61.6085493],[23.7132917,61.6085187],[23.7130933,61.6085366],[23.7128948,61.6085136],[23.7126212,61.6084779],[23.7124173,61.6084295],[23.7121706,61.6083937],[23.7120365,61.6083631],[23.7119506,61.6082892],[23.7118755,61.6082101],[23.7116502,61.6080468],[23.7115027,61.607941],[23.7113203,61.6078619],[23.7110682,61.6077981],[23.7108107,61.6077344],[23.7105103,61.6076987],[23.7103738,61.6076515],[23.7103225,61.6076017],[23.7102796,61.6075226],[23.7102421,61.6074385],[23.7102128,61.6074015],[23.7101914,61.6073326],[23.7101509,61.6073262],[23.7100734,61.6073454],[23.7100114,61.6073594],[23.7099095,61.607339],[23.7096734,61.6072803],[23.7095798,61.6072408],[23.7095071,61.6071426],[23.7094964,61.6070482],[23.7094886,61.6069474],[23.7094672,61.6068403],[23.7093223,61.6067689],[23.7092151,61.6066949],[23.7093599,61.6066388],[23.7093438,61.6065929],[23.7092794,61.6064628],[23.708979,61.6062791],[23.7087829,61.6061834],[23.7086113,61.6061197],[23.7085445,61.6060495],[23.7085391,61.6059092],[23.7085338,61.605774],[23.708625,61.6056771],[23.708625,61.605524],[23.7084801,61.6054577],[23.7085201,61.6053467],[23.7087001,61.6052613],[23.7087698,61.6051337],[23.7086757,61.6051044],[23.7085445,61.605075],[23.7084372,61.6050291],[23.7084504,61.6049845],[23.7083538,61.6048926],[23.7083943,61.6048556],[23.7085201,61.6048289],[23.7087132,61.604811],[23.7088664,61.6047715],[23.708979,61.604751],[23.7088795,61.6046809],[23.7090809,61.6047434],[23.7092818,61.6047447],[23.709435,61.6047306],[23.7094135,61.6048429],[23.7095476,61.6048761],[23.7096496,61.6048761],[23.7096496,61.6049118],[23.7098641,61.6049424],[23.7101592,61.6049475],[23.7102879,61.6049628],[23.7103279,61.604936],[23.7105454,61.6049322],[23.7107117,61.6049398],[23.7109317,61.6048863]],[[23.7117253,61.6051822],[23.7119211,61.6052013],[23.7120418,61.6052587],[23.7119345,61.6052766],[23.7118487,61.6053199],[23.7116556,61.6052357],[23.7117253,61.6051822]],[[23.7173687,61.608358],[23.7175404,61.6083351],[23.7176262,61.6083784],[23.7175484,61.608469],[23.7176369,61.608483],[23.7176637,61.6085544],[23.7175967,61.6086246],[23.7175135,61.6086182],[23.7174384,61.6085825],[23.717425,61.6085404],[23.7173553,61.6085481],[23.7172346,61.6085544],[23.7171997,61.6085149],[23.7172453,61.6084218],[23.7173687,61.608358]],[[23.7225346,61.6116279],[23.7227063,61.6115055],[23.722776,61.6114035],[23.722937,61.611355],[23.7230067,61.611378],[23.7229906,61.6113142],[23.7231945,61.6113066],[23.7231301,61.6112709],[23.7232642,61.6112556],[23.7233286,61.6112938],[23.7234895,61.6111994],[23.7237094,61.6112096],[23.7238891,61.6113002],[23.7238784,61.6114354],[23.7237765,61.6115527],[23.7237041,61.6115871],[23.7237658,61.611619],[23.723688,61.6116381],[23.7237872,61.6117083],[23.7237094,61.611781],[23.7234949,61.6119442],[23.72335,61.6119136],[23.7232052,61.6119391],[23.723165,61.6120118],[23.7230496,61.6119161],[23.7231998,61.6118498],[23.7232588,61.6117886],[23.7234198,61.6117223],[23.7235324,61.6116509],[23.7234949,61.6116126],[23.7233125,61.6115922],[23.7233393,61.6115081],[23.7231784,61.6114673],[23.7230845,61.6115093],[23.7231247,61.6115999],[23.7232481,61.6116228],[23.7231086,61.6116483],[23.7229236,61.611721],[23.7228189,61.611809],[23.7227117,61.6117606],[23.7226258,61.611684],[23.7225346,61.6116279]],[[23.7218748,61.6108526],[23.7218748,61.610799],[23.7219982,61.6107327],[23.7223415,61.6107914],[23.7223362,61.6107352],[23.7226312,61.6107531],[23.72265,61.610859],[23.7227492,61.6108985],[23.7226285,61.6109737],[23.7225239,61.6109699],[23.7224729,61.6110324],[23.7224649,61.6111153],[23.7222932,61.6111051],[23.7221913,61.6110719],[23.7220411,61.6110209],[23.7219124,61.6109546],[23.7218748,61.6108526]],[[23.6857832,61.6004469],[23.686003,61.6005126],[23.6870865,61.6006095],[23.6873869,61.6006153],[23.6875641,61.600554],[23.687736,61.6005994],[23.6878756,61.6007123],[23.6883955,61.6007734],[23.6885028,61.6007301],[23.6888894,61.6007939],[23.6893561,61.6009107],[23.6893882,61.600954],[23.6905093,61.6011709],[23.6906703,61.6012505],[23.6909326,61.6011913],[23.6911906,61.6011919],[23.6913998,61.6012245],[23.6914861,61.6013069],[23.691513,61.6013734],[23.6913464,61.6014603],[23.6910889,61.6015471],[23.6905953,61.6016899],[23.6902415,61.6017588],[23.6902201,61.6018506],[23.6900581,61.6018712],[23.6900207,61.6018],[23.6898015,61.6019169],[23.6896298,61.6019986],[23.6892167,61.6021083],[23.6889593,61.602195],[23.688879,61.6022477],[23.689007,61.6022908],[23.6891408,61.6022661],[23.689221,61.6021889],[23.6893126,61.602153],[23.6894097,61.6021894],[23.6895217,61.6021863],[23.6895968,61.6021717],[23.689688,61.6020951],[23.689806,61.6020638],[23.6900269,61.6020587],[23.6900054,61.6020956],[23.6898924,61.6020982],[23.6897851,61.6021128],[23.6896515,61.6022077],[23.6896833,61.6022807],[23.6901763,61.6023878],[23.6903103,61.60234],[23.6904285,61.6022839],[23.6905836,61.6022756],[23.6906749,61.6021922],[23.6907071,61.6021131],[23.6907985,61.602044],[23.6910775,61.6020306],[23.6912015,61.602021],[23.691266,61.6020747],[23.6913406,61.6020925],[23.6915445,61.6020312],[23.6921079,61.6021914],[23.6923332,61.6023445],[23.6923971,61.6023495],[23.6925046,61.6023144],[23.6934435,61.6024338],[23.6936096,61.6024822],[23.6937656,61.6024547],[23.6940341,61.6025876],[23.6942376,61.6027323],[23.6944632,61.6027987],[23.6943455,61.6029498],[23.6944626,61.6029675],[23.6945481,61.6029159],[23.6947471,61.6029312],[23.6949513,61.6030284],[23.6948118,61.6034952],[23.695144,61.603643],[23.695525,61.6036436],[23.6957933,61.6036692],[23.6960887,61.6036947],[23.6961369,61.6038272],[23.6960343,61.6038381],[23.6959698,61.6037947],[23.695874,61.6037922],[23.6958042,61.6038585],[23.6955944,61.6038636],[23.6955462,61.6038432],[23.6954182,61.6038534],[23.6953967,61.6039351],[23.6951813,61.6039121],[23.6947415,61.6037463],[23.6944307,61.6037386],[23.6942911,61.6037762],[23.6941627,61.6037896],[23.693975,61.6039197],[23.6937117,61.6039956],[23.6934328,61.6040039],[23.6930036,61.6039733],[23.6927355,61.6039606],[23.692521,61.6039963],[23.6922423,61.6040141],[23.6919312,61.6043151],[23.6917914,61.6043585],[23.6913406,61.604333],[23.6908951,61.6042845],[23.6905249,61.6041033],[23.6903266,61.604034],[23.690134,61.6041314],[23.689951,61.6041691],[23.6897847,61.6041238],[23.689608,61.6040881],[23.6893771,61.6041283],[23.6891895,61.6041289],[23.6889585,61.6040983],[23.6888512,61.604037],[23.6886367,61.6039503],[23.6883258,61.6039146],[23.6879075,61.6039172],[23.6876283,61.6039197],[23.687172,61.6037513],[23.6869897,61.6035446],[23.6866891,61.6034573],[23.6863887,61.6033221],[23.6860456,61.6032717],[23.6859865,61.6032181],[23.6851552,61.6029885],[23.6846935,61.6028527],[23.6844414,61.6027506],[23.6843775,61.6027283],[23.6842058,61.602736],[23.6840174,61.6026331],[23.6840284,61.6025623],[23.6838244,61.6024245],[23.6839206,61.6023169],[23.6838084,61.6023022],[23.6838192,61.6022279],[23.6840125,61.6021411],[23.6841574,61.6020747],[23.6844528,61.6020185],[23.6845333,61.6020465],[23.6848549,61.6019701],[23.6850529,61.6019344],[23.6849565,61.6017205],[23.6846565,61.6016721],[23.6844636,61.6016696],[23.6841952,61.6017283],[23.6841089,61.6016919],[23.6839323,61.6016874],[23.6834492,61.6016108],[23.6829394,61.6011208],[23.6829878,61.6010466],[23.6832077,61.6009879],[23.6832398,61.6008554],[23.6832183,61.6007176],[23.6832826,61.6006607],[23.6833635,61.6006281],[23.6837393,61.6006],[23.6840019,61.6006019],[23.68419,61.6006127],[23.6843991,61.6006153],[23.6848013,61.6005821],[23.6849946,61.6005591],[23.6851393,61.600584],[23.6852356,61.6005948],[23.6852889,61.6005228],[23.6854074,61.6005183],[23.6855523,61.6004673],[23.6856329,61.6004749],[23.6857832,61.6004469]],[[23.6943446,61.6123317],[23.6944679,61.6123904],[23.6946021,61.6124006],[23.6947201,61.612347],[23.6947469,61.6123164],[23.6951975,61.6122348],[23.6954979,61.6122093],[23.6956052,61.612222],[23.6957018,61.6122974],[23.6958305,61.6123189],[23.6958734,61.6123751],[23.6959217,61.6124082],[23.6958359,61.6125128],[23.6958091,61.6126264],[23.6959432,61.6127066],[23.6960826,61.6127386],[23.6963562,61.6127678],[23.6962382,61.6127857],[23.6960183,61.6127882],[23.6955837,61.6128545],[23.6953531,61.6128239],[23.6952136,61.6128214],[23.6948864,61.6128571],[23.6947496,61.6128923],[23.6944752,61.6129539],[23.6942641,61.6129617],[23.694012,61.6130178],[23.693674,61.613079],[23.693497,61.6130892],[23.6933468,61.6131682],[23.6930947,61.6132651],[23.6929874,61.61326],[23.6929445,61.6131784],[23.6929445,61.6130662],[23.6929659,61.6129999],[23.6931376,61.6129617],[23.6932985,61.612931],[23.6935667,61.6128406],[23.6935614,61.612801],[23.6937277,61.6127551],[23.6936204,61.6126684],[23.6937438,61.6125714],[23.6938349,61.6124847],[23.6939476,61.612421],[23.6939959,61.6123827],[23.6941354,61.6123343],[23.6943446,61.6123317]],[[23.7202556,61.5459882],[23.7207357,61.5457817],[23.7207496,61.5456559],[23.7209003,61.5456098],[23.7209494,61.545514],[23.7208352,61.5454244],[23.720241,61.5453138],[23.7193079,61.5453232],[23.7191856,61.5453994],[23.7190415,61.5454162],[23.718758,61.5453425],[23.7182114,61.5450236],[23.7182929,61.5448984],[23.7190067,61.5445567],[23.7189285,61.544391],[23.7184726,61.5442505],[23.7183371,61.5441278],[23.7181121,61.5441153],[23.7177283,61.5443591],[23.7175472,61.5443553],[23.7176478,61.5441546],[23.7181145,61.5440754],[23.7181848,61.5439809],[23.7187478,61.5440076],[23.7195252,61.5437514],[23.7200858,61.5436709],[23.7204934,61.5435278],[23.7207672,61.543359],[23.7206705,61.5432609],[23.7202842,61.5432213],[23.720153,61.5430996],[23.7198229,61.543023],[23.7198089,61.5429314],[23.7210754,61.5423647],[23.7218849,61.5421404],[23.7221472,61.5421493],[23.7223162,61.541943],[23.7230268,61.5418995],[23.7234226,61.5420209],[23.7236559,61.5420087],[23.7239106,61.5420772],[23.7244727,61.5421372],[23.7246916,61.5421098],[23.7250121,61.5421776],[23.7248627,61.542388],[23.7250264,61.5425577],[23.725284,61.5425935],[23.7253377,61.5426893],[23.7252586,61.5427117],[23.7254061,61.54275],[23.7254906,61.5428427],[23.7253992,61.5428877],[23.7254798,61.543106],[23.7259331,61.5433092],[23.7258471,61.5433759],[23.7259208,61.5435271],[23.7262055,61.543613],[23.7263117,61.5437403],[23.7262184,61.5438359],[23.7252597,61.5439523],[23.7252449,61.544044],[23.7253037,61.5440717],[23.7254112,61.5440349],[23.7257478,61.5443881],[23.725493,61.5445402],[23.7255317,61.5446654],[23.7249564,61.5454107],[23.7247305,61.5455789],[23.7233685,61.5456949],[23.7225293,61.5457131],[23.7222282,61.5458781],[23.7220535,61.5458632],[23.7219069,61.5458706],[23.7216081,61.5458333],[23.7215127,61.545877],[23.7217926,61.5460681],[23.7224208,61.5463217],[23.7223277,61.5465179],[23.7220895,61.5465591],[23.7220491,61.5466588],[23.7217777,61.5467211],[23.7215636,61.5466885],[23.7212329,61.5467188],[23.7206991,61.546595],[23.7204471,61.5464687],[23.7204451,61.5462246],[23.7203062,61.5461852],[23.7202556,61.5459882]],[[23.7193696,61.5455342],[23.7195144,61.5455866],[23.7196861,61.5456812],[23.719611,61.5458013],[23.7194769,61.5458921],[23.7193052,61.54591],[23.7192355,61.5458537],[23.7192194,61.5457694],[23.7192194,61.5456978],[23.7193106,61.545662],[23.7193535,61.5456096],[23.7192623,61.5456084],[23.719155,61.5456339],[23.7191604,61.5455917],[23.7192408,61.5455406],[23.7193696,61.5455342]],[[23.7171165,61.5448096],[23.7171487,61.5447048],[23.7172506,61.5446742],[23.7172453,61.5446077],[23.7173204,61.5445259],[23.7173901,61.5445285],[23.7174813,61.5445847],[23.7174706,61.5446678],[23.7174008,61.5447457],[23.717374,61.5447879],[23.7173311,61.5448326],[23.717197,61.5448531],[23.7171165,61.5448096]],[[23.7172828,61.545377],[23.7170843,61.5454294],[23.7170092,61.5454013],[23.7170629,61.5453413],[23.7171702,61.5452978],[23.7172721,61.5453004],[23.7173483,61.5453368],[23.7172828,61.545377]],[[23.7167464,61.5446128],[23.7167088,61.5445745],[23.7167893,61.5445515],[23.7168805,61.544563],[23.7168805,61.5446154],[23.7167464,61.5446128]],[[23.7348441,61.5242454],[23.7348555,61.5242405],[23.7348723,61.5242395],[23.7348857,61.5242433],[23.7348951,61.5242501],[23.7349018,61.5242638],[23.7348977,61.5242769],[23.7348897,61.5242903],[23.7348904,61.5243034],[23.7349038,61.5243214],[23.7349387,61.5243546],[23.7349849,61.5243751],[23.7350325,61.5243863],[23.7351573,61.5244042],[23.7352096,61.5244157],[23.735235,61.5244249],[23.7352518,61.5244352],[23.7352585,61.5244496],[23.7352538,61.5244767],[23.7352444,61.5244895],[23.7352444,61.5244972],[23.7352578,61.5245036],[23.7352766,61.5245049],[23.7353222,61.5244994],[23.7353343,61.5245026],[23.7353363,61.5245068],[23.7353323,61.5245108],[23.7353202,61.5245132],[23.7353121,61.524518],[23.7353014,61.5245359],[23.7352773,61.5245496],[23.735227,61.524564],[23.7351921,61.5245675],[23.7351499,61.5245662],[23.7351085,61.5245633],[23.7350634,61.5245544],[23.735005,61.5245356],[23.7349769,61.5245298],[23.734936,61.5245288],[23.7348957,61.5245343],[23.7348575,61.5245432],[23.7348186,61.524556],[23.7347831,61.524573],[23.734767,61.5245861],[23.7347717,61.5245937],[23.7348059,61.52461],[23.7348092,61.52462],[23.7348025,61.5246276],[23.7347884,61.5246311],[23.7347234,61.5246299],[23.7346932,61.5246318],[23.7346785,61.5246363],[23.7346724,61.524643],[23.7346711,61.5246558],[23.7346637,61.5246692],[23.7346443,61.5246861],[23.7346376,61.5247008],[23.7346262,61.5247111],[23.7346061,61.5247175],[23.7345531,61.5247178],[23.7345256,61.5247232],[23.7344968,61.5247325],[23.7344451,61.5247619],[23.7344364,61.524775],[23.7344337,61.5247849],[23.7344384,61.5247894],[23.7344673,61.5247955],[23.7344686,61.5248009],[23.7344605,61.5248041],[23.7344062,61.5248092],[23.7343774,61.5248156],[23.7343499,61.5248278],[23.7343271,61.5248444],[23.7343164,61.5248617],[23.7343204,61.5248812],[23.7343466,61.5249157],[23.7343526,61.5249345],[23.7343492,61.5249528],[23.7343392,61.524963],[23.7342654,61.5249895],[23.7342527,61.5250007],[23.73425,61.5250106],[23.7342527,61.5250183],[23.7342963,61.5250241],[23.7343117,61.5250282],[23.7343144,61.525034],[23.734313,61.5250416],[23.7342963,61.5250468],[23.7342788,61.5250471],[23.7342386,61.525041],[23.7342272,61.5250416],[23.7342185,61.5250445],[23.7342185,61.5250506],[23.7342292,61.5250583],[23.7342507,61.5250618],[23.7342674,61.5250621],[23.7342889,61.5250589],[23.734303,61.5250586],[23.7343097,61.5250615],[23.7343103,61.5250656],[23.7342346,61.5251101],[23.7341876,61.5251273],[23.7341554,61.5251331],[23.7341293,61.525134],[23.7340951,61.5251302],[23.7340636,61.5251235],[23.7340274,61.5251075],[23.7339254,61.5250257],[23.733857,61.5249617],[23.7338457,61.5249393],[23.733847,61.5249067],[23.7338611,61.5248639],[23.7339482,61.5247747],[23.733963,61.5247213],[23.7339563,61.5246765],[23.7339409,61.5246558],[23.7339241,61.524643],[23.733898,61.5246347],[23.7338785,61.5246331],[23.7338503,61.5246379],[23.7338282,61.5246471],[23.7338108,61.5246618],[23.7337893,61.5246999],[23.7337384,61.5247568],[23.7336861,61.5247961],[23.7336358,61.5248268],[23.7335318,61.5248738],[23.7335245,61.5248834],[23.7335305,61.5248933],[23.7335587,61.5249144],[23.7335613,61.5249246],[23.733558,61.5249339],[23.733566,61.5249489],[23.7335566,61.5249585],[23.7335359,61.524963],[23.7334963,61.5249659],[23.7334312,61.5249752],[23.7333743,61.5249867],[23.7333293,61.5250007],[23.7332864,61.5250193],[23.7332636,61.5250346],[23.7332549,61.5250493],[23.7332562,61.5250628],[23.733275,61.5250749],[23.7333012,61.5250823],[23.7333266,61.5250835],[23.7333535,61.5250807],[23.7333675,61.5250813],[23.7333769,61.5250848],[23.7333803,61.5250925],[23.7333796,61.525105],[23.7333716,61.5251177],[23.7333508,61.5251267],[23.7333293,61.5251331],[23.7333126,61.5251436],[23.7333072,61.5251551],[23.7333112,61.5251657],[23.7333394,61.5251894],[23.7333394,61.525197],[23.73333,61.5252021],[23.7333085,61.5252037],[23.7332844,61.5251989],[23.7332422,61.5251778],[23.7332234,61.5251775],[23.7332173,61.5251804],[23.733218,61.5251878],[23.7332341,61.5251993],[23.7332556,61.5252105],[23.7332663,61.525221],[23.7332696,61.5252335],[23.7332623,61.5252479],[23.7332455,61.52526],[23.7332408,61.5252731],[23.7332368,61.5253096],[23.7332247,61.5253236],[23.7332046,61.5253339],[23.7331724,61.5253396],[23.7331268,61.5253399],[23.7330376,61.5253329],[23.7330135,61.5253291],[23.7329974,61.525323],[23.732994,61.525316],[23.7329994,61.5253086],[23.7330242,61.5252862],[23.7330256,61.5252808],[23.7330142,61.525275],[23.732994,61.5252728],[23.7329692,61.5252766],[23.7329471,61.5252865],[23.7329203,61.5253044],[23.732878,61.5253207],[23.7328425,61.5253323],[23.7328003,61.5253425],[23.7327674,61.5253444],[23.7327265,61.5253406],[23.732701,61.5253348],[23.7326521,61.5253307],[23.7324905,61.5253265],[23.7324529,61.5253319],[23.7324174,61.5253422],[23.7323691,61.5253495],[23.7323175,61.5253505],[23.7322873,61.5253479],[23.7322631,61.5253387],[23.7322216,61.525316],[23.7321706,61.5252977],[23.7320083,61.5252658],[23.7319332,61.5252558],[23.7318742,61.5252552],[23.7318139,61.5252619],[23.7316684,61.5252849],[23.7316261,61.5252901],[23.7315939,61.5252907],[23.7315617,61.5252856],[23.7315215,61.525269],[23.7314598,61.5252354],[23.7314256,61.5252239],[23.731374,61.5252133],[23.7313324,61.5252005],[23.7312996,61.5251849],[23.7312721,61.5251596],[23.7312345,61.52512],[23.7312023,61.5251011],[23.7311587,61.525088],[23.7310568,61.5250637],[23.7310032,61.5250538],[23.7309717,61.5250528],[23.7309086,61.525058],[23.7308892,61.5250564],[23.7308771,61.5250525],[23.7308718,61.5250464],[23.7308764,61.5250391],[23.7309133,61.5250241],[23.7310595,61.5249806],[23.7311098,61.5249694],[23.731258,61.5249285],[23.7313472,61.5248812],[23.7313901,61.5248485],[23.731439,61.5247932],[23.7314538,61.5247686],[23.7314605,61.524751],[23.7314578,61.5247293],[23.7314364,61.5247063],[23.7313747,61.5246695],[23.7312821,61.524634],[23.7309998,61.5245595],[23.7309583,61.5245515],[23.7309133,61.524549],[23.7308791,61.524549],[23.730849,61.5245448],[23.7308282,61.5245388],[23.7308188,61.5245301],[23.7308201,61.5245196],[23.7308268,61.52451],[23.7308429,61.524495],[23.7308443,61.5244771],[23.7308496,61.5244703],[23.7308664,61.5244636],[23.7308818,61.5244601],[23.7308939,61.5244534],[23.7309026,61.5244444],[23.730918,61.5244374],[23.7309583,61.5244304],[23.7309851,61.5244297],[23.731024,61.524431],[23.7310608,61.5244285],[23.7311031,61.5244147],[23.731138,61.5243952],[23.731205,61.5243706],[23.7315457,61.5242341],[23.7315752,61.5242184],[23.7315899,61.5241995],[23.7315953,61.5241746],[23.7315926,61.5241497],[23.731549,61.5240812],[23.7314826,61.5240307],[23.7313861,61.523994],[23.7313324,61.5239841],[23.731264,61.5239799],[23.7311795,61.5239898],[23.7310548,61.5240128],[23.7310146,61.5240128],[23.7309408,61.5239994],[23.7308999,61.5239968],[23.7307966,61.5239991],[23.7305767,61.5239748],[23.7303957,61.5239451],[23.7302629,61.5239067],[23.7302133,61.5238849],[23.7301885,61.5238651],[23.730165,61.5238501],[23.7300953,61.5238268],[23.7300389,61.5238009],[23.73,61.523773],[23.729986,61.5237379],[23.7299719,61.5237299],[23.7299598,61.5237276],[23.7299377,61.5237264],[23.7299236,61.5237225],[23.7299135,61.5237152],[23.7299122,61.5237043],[23.7299169,61.5236979],[23.7299269,61.5236946],[23.7299806,61.5236917],[23.7300148,61.5236798],[23.7300322,61.5236781],[23.7300453,61.5236797],[23.7300694,61.5236859],[23.7300795,61.5236866],[23.7301016,61.523684],[23.7301288,61.5236763],[23.730175,61.5236592],[23.7302052,61.5236448],[23.7303299,61.523602],[23.7303749,61.5235755],[23.7304118,61.5235585],[23.7304533,61.5235441],[23.7305184,61.5235253],[23.7305566,61.5235099],[23.7305874,61.5234939],[23.730623,61.5234706],[23.7306505,61.5234562],[23.7306954,61.5234367],[23.7307236,61.5234284],[23.7307665,61.5234223],[23.7308677,61.5234201],[23.7309194,61.5234233],[23.7309697,61.5234297],[23.7310528,61.5234377],[23.7311373,61.5234396],[23.7311963,61.5234393],[23.7313532,61.5234322],[23.7313948,61.5234316],[23.7314491,61.5234364],[23.7315215,61.5234476],[23.7315731,61.5234604],[23.7318112,61.5235304],[23.731901,61.523555],[23.731948,61.5235646],[23.7320694,61.5235796],[23.7321257,61.5235943],[23.7321646,61.5235978],[23.7321934,61.5235982],[23.7322283,61.523594],[23.7322739,61.523593],[23.732298,61.5235972],[23.7323503,61.5236145],[23.7323865,61.5236215],[23.7324187,61.5236305],[23.7325146,61.5236707],[23.7325387,61.5236759],[23.7326011,61.5236765],[23.7326273,61.523681],[23.7326514,61.523688],[23.7327003,61.5236986],[23.7327513,61.5237065],[23.7327815,61.5237078],[23.7328224,61.5237145],[23.7328264,61.523719],[23.7328264,61.5237232],[23.732819,61.5237264],[23.7327667,61.523726],[23.7327614,61.5237286],[23.7327634,61.5237324],[23.7328029,61.523751],[23.7328586,61.5237839],[23.7328841,61.5238031],[23.7329069,61.5238287],[23.7329203,61.5238367],[23.7329344,61.5238408],[23.7329572,61.5238421],[23.7330041,61.5238399],[23.733043,61.523836],[23.7330712,61.5238354],[23.7330973,61.5238389],[23.7331127,61.523844],[23.7331329,61.523853],[23.7331436,61.5238622],[23.7331449,61.5238712],[23.7331375,61.5238798],[23.7331,61.5239038],[23.7330933,61.5239124],[23.7330933,61.5239319],[23.7330866,61.5239518],[23.733094,61.5239585],[23.7331275,61.5239783],[23.7331342,61.5239892],[23.7331389,61.5240026],[23.7331389,61.5240346],[23.7331422,61.5240582],[23.7331523,61.5240793],[23.7331744,61.5240966],[23.733224,61.5241235],[23.7333132,61.5241784],[23.7333561,61.5241983],[23.7334581,61.5242309],[23.7335184,61.5242628],[23.7335526,61.5242788],[23.7335801,61.5242887],[23.7336016,61.5242939],[23.7336317,61.5242945],[23.7336431,61.5242897],[23.7336713,61.5242708],[23.7337055,61.5242587],[23.7337605,61.524251],[23.7338034,61.5242485],[23.7338349,61.524244],[23.733855,61.5242341],[23.7338638,61.524219],[23.7338617,61.5241957],[23.7338403,61.5241749],[23.7338182,61.5241586],[23.7338047,61.5241401],[23.7338061,61.5241225],[23.7338148,61.5241036],[23.7338316,61.5240809],[23.7338517,61.5240614],[23.7338872,61.5240397],[23.7339261,61.5240295],[23.7339576,61.5240256],[23.7339871,61.5240269],[23.7340073,61.5240333],[23.7341601,61.5241113],[23.7342473,61.5241471],[23.7342936,61.5241615],[23.7343284,61.5241682],[23.73437,61.5241695],[23.7344176,61.5241666],[23.7345766,61.5241474],[23.7346148,61.5241407],[23.7346389,61.5241318],[23.7346677,61.52411],[23.7346845,61.524102],[23.734714,61.524095],[23.7347469,61.5240908],[23.7347737,61.5240912],[23.7347938,61.5240963],[23.7348079,61.5241049],[23.7348206,61.524118],[23.7348247,61.5241318],[23.7348233,61.5241519],[23.7348052,61.5241714],[23.7347811,61.5241864],[23.7347502,61.5241944],[23.7347201,61.5241999],[23.7346999,61.5242098],[23.7346926,61.5242222],[23.7346999,61.5242363],[23.7347442,61.5242574],[23.7348005,61.5242708],[23.7348347,61.524275],[23.7348465,61.5242744],[23.7348555,61.5242696],[23.7348609,61.5242649],[23.7348612,61.5242596],[23.7348575,61.5242555],[23.7348428,61.5242499],[23.7348441,61.5242454]],[[23.7320063,61.5255851],[23.7320157,61.5255596],[23.7320372,61.5255202],[23.7320385,61.5255094],[23.7320445,61.5255027],[23.73206,61.5254975],[23.7320821,61.5254969],[23.7321076,61.5255001],[23.7321357,61.5255075],[23.73218,61.525525],[23.7323094,61.525558],[23.7323416,61.5255688],[23.7323765,61.5255771],[23.7324187,61.5255823],[23.7324549,61.5255845],[23.7324824,61.525589],[23.7324985,61.5255947],[23.7325066,61.5256002],[23.7325092,61.5256091],[23.7325039,61.5256206],[23.7324636,61.5256667],[23.7324522,61.5256865],[23.7324475,61.5257044],[23.7324496,61.5257507],[23.7324475,61.5257623],[23.7324261,61.5257923],[23.7324254,61.5258048],[23.7324321,61.5258204],[23.7324308,61.5258351],[23.7324053,61.5258687],[23.7323798,61.5258825],[23.7323456,61.5258914],[23.7323155,61.5258959],[23.732292,61.5258949],[23.7322625,61.5258876],[23.7322229,61.5258735],[23.7322088,61.5258719],[23.7321867,61.5258761],[23.7321538,61.5258873],[23.7320794,61.525908],[23.7320479,61.5259141],[23.7320305,61.5259147],[23.7320157,61.5259135],[23.7320077,61.5259096],[23.7320043,61.5259045],[23.7320177,61.5258927],[23.7320171,61.5258866],[23.7320103,61.5258828],[23.7319788,61.5258809],[23.7319654,61.5258777],[23.731954,61.5258725],[23.7319507,61.5258649],[23.7319554,61.5258518],[23.7319782,61.5258265],[23.7320077,61.5258048],[23.732013,61.5257907],[23.7320124,61.5257779],[23.7319896,61.5257501],[23.7319835,61.5257351],[23.7319815,61.5257191],[23.7319916,61.5256504],[23.7319902,61.5256158],[23.7319949,61.5256021],[23.7320063,61.5255851]],[[23.7280004,61.5242117],[23.7280286,61.5242021],[23.7280595,61.524197],[23.7281024,61.5241957],[23.7281312,61.5241989],[23.7281463,61.5242027],[23.7281533,61.5242079],[23.7281627,61.5242266],[23.7281704,61.5242339],[23.7281808,61.5242389],[23.7281916,61.5242409],[23.7282087,61.5242406],[23.7282328,61.5242353],[23.728261,61.5242251],[23.7283102,61.5241992],[23.7283538,61.5241687],[23.7283709,61.5241628],[23.7284266,61.5241541],[23.7284534,61.5241454],[23.7284658,61.5241382],[23.7284712,61.5241316],[23.7284749,61.5241204],[23.7284843,61.5241065],[23.7285218,61.5240811],[23.7285426,61.5240705],[23.7286023,61.524053],[23.7286311,61.5240496],[23.7286613,61.5240491],[23.7286851,61.524051],[23.7287179,61.5240565],[23.7287847,61.5240646],[23.7288319,61.5240785],[23.7288591,61.5240816],[23.7289369,61.5240817],[23.7289654,61.5240844],[23.7289798,61.5240888],[23.7289945,61.5240964],[23.7289992,61.5241024],[23.7289999,61.5241151],[23.729009,61.5241211],[23.7290368,61.52413],[23.7290421,61.5241345],[23.7290375,61.5241778],[23.7290251,61.5241995],[23.729023,61.5242085],[23.729024,61.5242182],[23.7290308,61.524228],[23.7291374,61.5243349],[23.7291803,61.5243802],[23.7292014,61.5244077],[23.7292078,61.5244232],[23.7292111,61.5244515],[23.7292058,61.5244884],[23.7291739,61.5245429],[23.7291632,61.5245698],[23.7291625,61.5245864],[23.7291692,61.5245944],[23.7291934,61.5246037],[23.7292202,61.5246081],[23.7292383,61.5246177],[23.7292537,61.5246302],[23.7292611,61.5246471],[23.7292624,61.5246586],[23.7292544,61.5246702],[23.7292262,61.5246855],[23.7291759,61.5247021],[23.729129,61.5247232],[23.7291008,61.5247328],[23.7290579,61.5247373],[23.7290331,61.5247351],[23.7289761,61.5247293],[23.728954,61.5247255],[23.7289278,61.5247143],[23.7288923,61.524696],[23.7288239,61.5246686],[23.7287964,61.5246628],[23.7287776,61.5246622],[23.7287313,61.5246638],[23.7286904,61.5246612],[23.7286536,61.5246548],[23.728504,61.5246081],[23.728441,61.5245953],[23.7284296,61.5245909],[23.7284202,61.5245835],[23.7284162,61.524571],[23.7284182,61.5245576],[23.7284383,61.5245343],[23.7284913,61.5244902],[23.7284953,61.5244793],[23.7284953,61.5244675],[23.7284611,61.5244339],[23.7284497,61.524415],[23.7284276,61.5243914],[23.7283981,61.5243719],[23.7283646,61.5243597],[23.728329,61.5243508],[23.7282975,61.5243476],[23.7282506,61.5243498],[23.7281533,61.5243677],[23.7281272,61.524377],[23.7281104,61.5243875],[23.728103,61.5244006],[23.7281057,61.524431],[23.7280997,61.5244419],[23.7280883,61.5244524],[23.7280769,61.52447],[23.7280588,61.5245039],[23.7280481,61.5245372],[23.7280501,61.5245698],[23.7280454,61.5245774],[23.7280246,61.5245858],[23.7279897,61.5245893],[23.7279676,61.5245867],[23.7279354,61.52458],[23.7278992,61.5245678],[23.7278657,61.5245541],[23.7278248,61.524541],[23.7278006,61.5245365],[23.7277664,61.5245327],[23.7276685,61.5245317],[23.7276457,61.5245272],[23.7276303,61.5245218],[23.7276189,61.5245141],[23.7276142,61.5245049],[23.7276142,61.5244921],[23.7276518,61.5244387],[23.7276518,61.5244288],[23.7276451,61.5244189],[23.7276424,61.5244086],[23.7276444,61.5243962],[23.7276544,61.5243831],[23.7277014,61.524346],[23.7277081,61.5243383],[23.7277101,61.5243274],[23.727698,61.524307],[23.7276987,61.52429],[23.7277041,61.5242839],[23.7277202,61.524274],[23.727743,61.524267],[23.7277805,61.5242635],[23.7278824,61.5242577],[23.7279126,61.5242523],[23.7279394,61.5242433],[23.7280004,61.5242117]],[[23.7297747,61.525408],[23.7298471,61.5254077],[23.729876,61.5254055],[23.7299159,61.5253978],[23.7299454,61.5253856],[23.7299564,61.5253751],[23.7299581,61.5253649],[23.7299531,61.5253566],[23.7299518,61.5253465],[23.7299578,61.5253379],[23.7299705,61.5253307],[23.7299833,61.5253289],[23.7299937,61.5253289],[23.730001,61.5253318],[23.7300124,61.5253337],[23.7300262,61.5253323],[23.7300486,61.5253273],[23.7300775,61.5253214],[23.7301144,61.5253174],[23.7301412,61.5253177],[23.7301636,61.5253212],[23.7301844,61.525326],[23.7302237,61.5253369],[23.7302558,61.5253527],[23.730281,61.5253751],[23.7302944,61.5253914],[23.7302971,61.5254071],[23.7302911,61.5254231],[23.7302864,61.5254371],[23.7302864,61.5254486],[23.7302957,61.5254678],[23.7302991,61.5254793],[23.7302931,61.5254895],[23.7302783,61.5254982],[23.73023,61.5255094],[23.7301871,61.5255193],[23.7301449,61.5255321],[23.7301194,61.5255429],[23.7300912,61.5255503],[23.7300678,61.5255513],[23.7300416,61.5255471],[23.7300201,61.525541],[23.7299853,61.525533],[23.7299343,61.5255238],[23.729874,61.5255145],[23.7298351,61.5255059],[23.7298022,61.5254956],[23.7297707,61.5254838],[23.7297533,61.5254732],[23.7297499,61.5254653],[23.7297519,61.5254544],[23.7297593,61.5254451],[23.72976,61.5254381],[23.7297553,61.5254285],[23.7297466,61.5254224],[23.7297399,61.5254167],[23.7297405,61.5254122],[23.7297492,61.525409],[23.7297747,61.525408]],[[23.7183132,61.5237847],[23.7181914,61.5236225],[23.7182451,61.5234128],[23.7183738,61.5233463],[23.7185991,61.5233156],[23.7187386,61.5233412],[23.7187424,61.5234266],[23.71856,61.5235852],[23.7185385,61.5237028],[23.7185171,61.5237796],[23.7183132,61.5237847]],[[23.7041375,61.5585885],[23.7044567,61.5586434],[23.7047705,61.5586817],[23.7048698,61.5587711],[23.7049047,61.5588516],[23.7049717,61.5589512],[23.7050629,61.5589385],[23.7050644,61.5590208],[23.7050093,61.5591045],[23.7048296,61.5592374],[23.7047142,61.5592693],[23.7046203,61.5593447],[23.7044755,61.55936],[23.7042475,61.5593421],[23.7039873,61.5593064],[23.7039552,61.5592834],[23.7037352,61.5592284],[23.7037567,61.5591952],[23.7038613,61.5591314],[23.7039015,61.558973],[23.7038881,61.5588925],[23.7037915,61.5588542],[23.7036869,61.5588005],[23.7036521,61.5587737],[23.7037581,61.5587359],[23.7037433,61.5586996],[23.7038279,61.5586823],[23.7038613,61.5586613],[23.7039149,61.55866],[23.7039632,61.5586178],[23.7040398,61.558598],[23.7041375,61.5585885]],[[23.7082386,61.5388306],[23.7084827,61.5388638],[23.7084961,61.538906],[23.7085389,61.5389009],[23.7085738,61.5388523],[23.7086301,61.5388676],[23.708614,61.5389303],[23.7086317,61.5390126],[23.7086596,61.5390453],[23.7086355,61.5390798],[23.7085845,61.5391974],[23.708606,61.5392498],[23.7085309,61.5392664],[23.708504,61.5392562],[23.708472,61.5392792],[23.7083325,61.5392716],[23.7083084,61.5392076],[23.7082601,61.5391821],[23.7082413,61.539145],[23.708244,61.5391143],[23.708193,61.5390888],[23.7081287,61.5390785],[23.708016,61.5390594],[23.7078953,61.5390581],[23.7078175,61.5390632],[23.7078095,61.5390325],[23.7078631,61.5390172],[23.7080375,61.5389903],[23.7081033,61.5389679],[23.7081301,61.5389321],[23.7081206,61.5388958],[23.7081743,61.5388638],[23.7082386,61.5388306]],[[23.7051005,61.5383525],[23.705169,61.5383467],[23.7052575,61.5384132],[23.7052828,61.5385251],[23.7053472,61.5385698],[23.705566,61.5386164],[23.7055913,61.5386529],[23.7056503,61.5386721],[23.7057227,61.5386836],[23.7057764,61.538713],[23.7057361,61.5387667],[23.7056315,61.5387692],[23.7056074,61.5387385],[23.7055618,61.5387168],[23.7054786,61.5387539],[23.7053955,61.5387871],[23.7053016,61.5388037],[23.7052238,61.5388063],[23.7050644,61.538803],[23.7049342,61.5387973],[23.7049234,61.5387603],[23.7049503,61.5387142],[23.7050161,61.5387148],[23.7050671,61.5387008],[23.705079,61.5386618],[23.7050683,61.5386401],[23.7051085,61.5386018],[23.7051541,61.5385481],[23.7051326,61.5384982],[23.7050683,61.5384599],[23.7050361,61.5384151],[23.7050495,61.5383896],[23.7051005,61.5383525]],[[23.7109314,61.5399018],[23.7110441,61.5398506],[23.7111997,61.5397982],[23.7112801,61.5397355],[23.711366,61.5396895],[23.7114078,61.5396569],[23.7116304,61.5396032],[23.7117146,61.5396026],[23.7117629,61.5395643],[23.7118772,61.5395444],[23.712007,61.5395425],[23.7120794,61.5395694],[23.7121706,61.5396103],[23.7121331,61.5397177],[23.7120821,61.5397534],[23.7119829,61.5397905],[23.7118863,61.5398186],[23.711779,61.5398583],[23.7116583,61.5399055],[23.71161,61.539949],[23.7115135,61.5399656],[23.7115081,61.5400142],[23.7115242,61.5400755],[23.7114893,61.540096],[23.7114116,61.5401586],[23.7113043,61.5401778],[23.7112372,61.5401561],[23.7111755,61.5401446],[23.7110736,61.5401318],[23.7110146,61.5400909],[23.7109314,61.5400091],[23.7109154,61.5399682],[23.7109073,61.5399349],[23.7109314,61.5399018]],[[23.7130155,61.5401944],[23.7130949,61.5401963],[23.7131781,61.5401771],[23.7132585,61.5401809],[23.7132972,61.5401957],[23.7133535,61.5402277],[23.7132918,61.5402468],[23.7131925,61.5402519],[23.7131174,61.5402686],[23.7130638,61.540289],[23.7130102,61.5402724],[23.7129511,61.5402404],[23.7129699,61.5402123],[23.7130155,61.5401944]],[[23.710344,61.5408067],[23.7104288,61.5407996],[23.7104889,61.5408092],[23.7104942,61.5407939],[23.7105817,61.5407906],[23.7107024,61.5407804],[23.710733,61.5407543],[23.7109234,61.5407568],[23.7110173,61.5407875],[23.7110521,61.5408092],[23.7111675,61.5408016],[23.7112361,61.5408021],[23.7112962,61.5408182],[23.7113434,61.5408047],[23.7114545,61.5408412],[23.7115526,61.5408175],[23.7115848,61.5408149],[23.7116181,61.5408335],[23.7116825,61.5408156],[23.7117189,61.5408175],[23.711771,61.5408169],[23.7118262,61.5408111],[23.7118649,61.5407811],[23.7119094,61.5407766],[23.7120033,61.5407893],[23.7120848,61.5407964],[23.7121706,61.540799],[23.7122151,61.540751],[23.7122565,61.5407491],[23.7122645,61.5407249],[23.7122956,61.5407203],[23.7123772,61.5407287],[23.7123906,61.5407594],[23.7123637,61.5407964],[23.712404,61.5408258],[23.7124512,61.5408302],[23.712463,61.5408501],[23.7124603,61.5408782],[23.7124442,61.5409294],[23.7123691,61.5409843],[23.7122645,61.5410137],[23.7121679,61.5410533],[23.712125,61.5410789],[23.7120097,61.5410891],[23.7119534,61.5411109],[23.7118836,61.5411109],[23.7117495,61.5411006],[23.7116261,61.5410879],[23.71161,61.5410444],[23.7115618,61.5410367],[23.7115054,61.5410329],[23.7115001,61.541061],[23.7114625,61.5411045],[23.7113526,61.5411275],[23.7112292,61.541139],[23.7111353,61.5411377],[23.7110441,61.5411582],[23.7109422,61.5411773],[23.7108537,61.5412323],[23.7107008,61.5412655],[23.7106192,61.541284],[23.7105425,61.5412706],[23.7104138,61.5412463],[23.7103655,61.5411863],[23.7103253,61.5411441],[23.7103226,61.5411032],[23.710277,61.5410163],[23.7102421,61.5409537],[23.7102421,61.5409025],[23.710277,61.5408693],[23.7103081,61.5408456],[23.710344,61.5408067]],[[23.7130933,61.540799],[23.7132167,61.5408246],[23.713332,61.5408156],[23.7134393,61.5408105],[23.713552,61.5408207],[23.7135278,61.5408514],[23.7134071,61.5408706],[23.7133857,61.5409012],[23.7133347,61.5409537],[23.7131389,61.5409792],[23.7130155,61.5409728],[23.7129404,61.5409792],[23.7128133,61.5410207],[23.7127151,61.5410163],[23.712632,61.5410239],[23.7126239,61.5410048],[23.7126883,61.5409869],[23.7126829,61.5409383],[23.7127596,61.5409389],[23.7128117,61.5409537],[23.712906,61.5409328],[23.7129804,61.5408996],[23.7129994,61.5408425],[23.7130343,61.5408156],[23.7130933,61.540799]],[[23.7144988,61.5406213],[23.7145658,61.5406405],[23.7146667,61.5406436],[23.7147053,61.5406622],[23.7147616,61.5406929],[23.7148072,61.5407428],[23.7148421,61.5407926],[23.7148233,61.5408258],[23.7147751,61.5408476],[23.714708,61.5408501],[23.7146758,61.5408399],[23.71459,61.5408284],[23.7145068,61.5408246],[23.7144049,61.5408092],[23.7143808,61.5407709],[23.7143985,61.5407638],[23.7144666,61.5407491],[23.7144693,61.5407185],[23.7144317,61.5407095],[23.7144076,61.5406993],[23.7143942,61.5406763],[23.7144049,61.5406456],[23.714429,61.540629],[23.7144988,61.5406213]],[[23.7142198,61.5405089],[23.7142708,61.5405382],[23.7142601,61.5405587],[23.7142279,61.5405753],[23.7141555,61.5406098],[23.7141099,61.5406009],[23.7140938,61.5405881],[23.7140669,61.5405625],[23.7140643,61.5405267],[23.7140954,61.540503],[23.7141367,61.5404999],[23.7142198,61.5405089]],[[23.7134018,61.5422995],[23.7135428,61.5422707],[23.7137118,61.5422477],[23.7138041,61.5422139],[23.7138685,61.5422267],[23.7139114,61.5422407],[23.7139462,61.5422279],[23.714016,61.5422573],[23.713898,61.5422803],[23.7138765,61.5423417],[23.7137692,61.5423915],[23.713677,61.5424113],[23.7136002,61.5424056],[23.7135627,61.5424197],[23.7134742,61.5423941],[23.7133776,61.5423762],[23.7132703,61.5423609],[23.7132381,61.5423506],[23.7133068,61.5423359],[23.7134018,61.5422995]],[[23.7129056,61.5423583],[23.7130064,61.5423551],[23.7130718,61.5423762],[23.7129914,61.5423992],[23.7128948,61.5423992],[23.7128787,61.5423724],[23.7129056,61.5423583]],[[23.710145,61.5423663],[23.7102797,61.5423775],[23.7104213,61.5424049],[23.7104728,61.5424355],[23.710439,61.5424869],[23.7104111,61.5425623],[23.7103279,61.5425999],[23.7102126,61.5426254],[23.7101032,61.5426742],[23.7099954,61.5426932],[23.7099632,61.5427277],[23.7100211,61.5427494],[23.7101279,61.5427663],[23.7102314,61.5427673],[23.7103897,61.5427362],[23.7105656,61.5427405],[23.7106879,61.542692],[23.7107319,61.5426784],[23.7108354,61.5426838],[23.7109014,61.5426924],[23.7109851,61.5426991],[23.711043,61.5426831],[23.7111492,61.5426438],[23.7111723,61.5426052],[23.7112029,61.5425704],[23.7113064,61.5425631],[23.7114223,61.5425695],[23.7114921,61.5425699],[23.7115451,61.5425618],[23.7115848,61.5425519],[23.7116438,61.5425506],[23.7116986,61.5425833],[23.7118353,61.542619],[23.7119577,61.5426286],[23.7120532,61.5426245],[23.7121422,61.5426554],[23.7120993,61.5427116],[23.7119764,61.542754],[23.7118235,61.542766],[23.7117034,61.5427502],[23.7116052,61.5427915],[23.7114583,61.5428005],[23.711307,61.5428005],[23.711197,61.5427954],[23.7111166,61.5427908],[23.7110323,61.5427916],[23.7109422,61.5428011],[23.7108858,61.5428325],[23.7108644,61.5429079],[23.7108698,61.5429743],[23.7109341,61.5430114],[23.7108966,61.543051],[23.7108295,61.5430523],[23.7107651,61.5430152],[23.7107437,61.5429731],[23.7107598,61.5429424],[23.7107169,61.5429207],[23.7106203,61.5429398],[23.7105211,61.5430012],[23.7104487,61.5430554],[23.710353,61.5431],[23.7102711,61.5431343],[23.7101804,61.5431635],[23.7101251,61.5431806],[23.7100332,61.5431814],[23.7099131,61.5431594],[23.7098605,61.543153],[23.7098096,61.5431566],[23.7098032,61.543185],[23.7098659,61.5432216],[23.7098383,61.5432625],[23.7097647,61.5432913],[23.709652,61.5432926],[23.7095872,61.5432623],[23.7095849,61.5432119],[23.7095817,61.5431871],[23.709534,61.5431661],[23.7094667,61.5431181],[23.7094672,61.5430505],[23.7094721,61.5429996],[23.7094662,61.5429288],[23.709447,61.5428904],[23.7093892,61.5428785],[23.7092953,61.5429033],[23.7092146,61.5428872],[23.7091982,61.5428445],[23.7092374,61.5428203],[23.7093002,61.5427921],[23.7093088,61.542755],[23.7092679,61.5427323],[23.7092181,61.5427126],[23.7092277,61.5426781],[23.7092948,61.5426533],[23.7093168,61.5426267],[23.7092969,61.5425753],[23.7092674,61.5425204],[23.7093511,61.5424764],[23.7093876,61.5424281],[23.7094605,61.5424072],[23.7095469,61.542425],[23.7096493,61.542412],[23.709762,61.5423929],[23.7098398,61.5423813],[23.7098897,61.5423704],[23.7100034,61.5423841],[23.7100736,61.5423859],[23.710145,61.5423663]],[[23.7062894,61.5377908],[23.7064377,61.5377689],[23.7065864,61.5377261],[23.7067032,61.5376372],[23.7067929,61.5376073],[23.7069002,61.5376124],[23.7069753,61.5376316],[23.7070102,61.5376686],[23.7069887,61.5377198],[23.706986,61.5377428],[23.7069297,61.5377901],[23.7069753,61.537854],[23.7070692,61.5378949],[23.7071738,61.5378949],[23.7073937,61.5378527],[23.7074462,61.5378392],[23.707591,61.5378354],[23.7077117,61.5378379],[23.7079075,61.5378418],[23.7079746,61.5378418],[23.7080524,61.5378315],[23.7081141,61.5378226],[23.7081704,61.53782],[23.7082482,61.537829],[23.7082964,61.5378277],[23.7083164,61.5377824],[23.7083715,61.5377791],[23.7084574,61.5377855],[23.7085389,61.5377913],[23.7086006,61.5378067],[23.708606,61.5378386],[23.7085389,61.5378847],[23.7085309,61.5379153],[23.7086854,61.537907],[23.7086945,61.5379524],[23.7088018,61.5379473],[23.7089026,61.5379555],[23.7090003,61.5379729],[23.7090512,61.5379907],[23.7090941,61.5380687],[23.7091907,61.5380751],[23.7092567,61.5380795],[23.7093425,61.5380923],[23.7094739,61.538091],[23.7095276,61.5380846],[23.7095598,61.5380808],[23.7096161,61.5380872],[23.7096145,61.5381288],[23.7095689,61.5381825],[23.7095313,61.5382081],[23.7095018,61.538249],[23.7093704,61.5382873],[23.7091746,61.5383193],[23.7090485,61.5383346],[23.7089493,61.5383448],[23.7088393,61.5383576],[23.7087347,61.5383742],[23.7087374,61.5384394],[23.7086838,61.5384969],[23.7085711,61.5384969],[23.708504,61.5384637],[23.7084827,61.5384254],[23.7084747,61.5383908],[23.7083915,61.5384126],[23.7083084,61.5384381],[23.7082172,61.5384445],[23.7081179,61.5384714],[23.7079409,61.5384612],[23.7078336,61.5384343],[23.7076566,61.5384062],[23.7076217,61.5383602],[23.7076608,61.5383211],[23.7075976,61.5382502],[23.70756,61.5381863],[23.7075842,61.5381365],[23.7075359,61.5381083],[23.7074072,61.5381083],[23.707214,61.5381237],[23.7071443,61.5381083],[23.7070987,61.5380764],[23.7070746,61.5380432],[23.7070638,61.5380099],[23.7070263,61.5379729],[23.7069083,61.5379741],[23.7068251,61.5379831],[23.70675,61.538001],[23.7067286,61.5380291],[23.7066856,61.5380304],[23.7066535,61.5380253],[23.7065649,61.5380189],[23.7064496,61.5380802],[23.7064228,61.5381135],[23.7063772,61.5381352],[23.7063209,61.5381032],[23.7063101,61.5380547],[23.7062458,61.5380457],[23.7062404,61.5379984],[23.7062699,61.5379294],[23.7063235,61.5379038],[23.7063101,61.5378795],[23.7062484,61.5378693],[23.7062458,61.5378386],[23.7062592,61.5378131],[23.7062894,61.5377908]],[[23.7058247,61.5380023],[23.7059871,61.5380105],[23.7060929,61.5380547],[23.7061277,61.5381454],[23.7061438,61.5382298],[23.7062243,61.5382656],[23.706345,61.5382873],[23.7064335,61.5382579],[23.706514,61.5382234],[23.7065932,61.5382227],[23.70664,61.5382528],[23.7065757,61.5383154],[23.7065059,61.5383308],[23.7065086,61.5383474],[23.7065342,61.5383838],[23.7065649,61.5384215],[23.7064496,61.5384535],[23.706396,61.5384573],[23.7062055,61.538442],[23.7061653,61.5384599],[23.7060741,61.5384701],[23.7059936,61.5384433],[23.7059963,61.5384049],[23.705999,61.5383768],[23.7058542,61.5383295],[23.7058515,61.5382975],[23.7058354,61.5382771],[23.7057764,61.5382809],[23.7057388,61.5383026],[23.7056396,61.5383154],[23.7055564,61.5383001],[23.7055323,61.5382426],[23.7055216,61.5381365],[23.7056089,61.5380693],[23.705684,61.5380233],[23.7058247,61.5380023]],[[23.7063584,61.5401919],[23.7064174,61.5402251],[23.7063799,61.5402686],[23.7063128,61.5402967],[23.706345,61.5403273],[23.7063048,61.5403746],[23.7062484,61.5403823],[23.7061251,61.5403158],[23.706058,61.5402724],[23.7060151,61.5402277],[23.7060446,61.5401944],[23.7062097,61.5401707],[23.7063182,61.5401676],[23.7063584,61.5401919]],[[23.7070692,61.5404347],[23.7071565,61.540411],[23.7072477,61.5404136],[23.7073106,61.5404322],[23.7073347,61.5404616],[23.7072811,61.5404986],[23.7071872,61.540528],[23.7070772,61.5405804],[23.7069619,61.5406162],[23.706868,61.5406277],[23.7067607,61.5406252],[23.7067071,61.5405983],[23.7066856,61.5405689],[23.7066883,61.5405267],[23.7067393,61.5405229],[23.7068332,61.5405101],[23.7069071,61.5404877],[23.7069607,61.5404762],[23.7070692,61.5404347]],[[23.7088906,61.5440592],[23.709032,61.5440191],[23.7090433,61.5439705],[23.7089972,61.5439349],[23.7090457,61.5439069],[23.7092115,61.5439038],[23.7091751,61.5438783],[23.7091674,61.5438514],[23.7093281,61.5438667],[23.7094953,61.5438586],[23.709533,61.5437815],[23.7096598,61.5437609],[23.7097647,61.5437591],[23.709931,61.5437437],[23.7100325,61.5437307],[23.7100351,61.543627],[23.7101224,61.5435852],[23.7101856,61.5435077],[23.7102758,61.5434698],[23.7101822,61.5434355],[23.7101734,61.5433925],[23.7102569,61.5433598],[23.7103662,61.5433237],[23.7103559,61.5433628],[23.7103203,61.5434226],[23.7103502,61.5434544],[23.7103976,61.5434544],[23.7105076,61.5434461],[23.7105828,61.5434562],[23.7105936,61.5434882],[23.7105559,61.5435239],[23.7105124,61.5435642],[23.7104876,61.5436142],[23.7104077,61.5436214],[23.7103646,61.5436657],[23.7103387,61.5437156],[23.710167,61.5437936],[23.7100584,61.5438499],[23.7099105,61.5439763],[23.7097647,61.5440837],[23.709649,61.5441435],[23.7095793,61.5441896],[23.7094364,61.5442237],[23.7092964,61.5442173],[23.7091195,61.5441828],[23.7089908,61.5441781],[23.7089548,61.5441768],[23.7088359,61.5441295],[23.7088906,61.5440592]],[[23.7083686,61.5446306],[23.7083133,61.5445879],[23.7083227,61.5445269],[23.7083867,61.5444919],[23.7084038,61.5443687],[23.7085607,61.5443056],[23.7088065,61.5443134],[23.7088365,61.5443751],[23.7088179,61.5444339],[23.7087612,61.544493],[23.7088736,61.544562],[23.7088654,61.5446116],[23.7087389,61.5446149],[23.7087021,61.5446615],[23.708732,61.5447023],[23.7086623,61.5447023],[23.7085604,61.5446921],[23.7085115,61.5446765],[23.7084823,61.5446671],[23.7083686,61.5446306]],[[23.7532043,61.879936],[23.7532988,61.879627],[23.7535882,61.8795324],[23.7537477,61.8796048],[23.753789,61.8798414],[23.7534405,61.8800613],[23.7532043,61.879936]],[[23.749714,61.8811218],[23.7506707,61.8807126],[23.7526374,61.8811747],[23.7527496,61.8813611],[23.7530921,61.8814419],[23.7530476,61.881788],[23.7528491,61.8820231],[23.7530476,61.8820003],[23.753128,61.8821116],[23.7529188,61.8821849],[23.751964,61.8829686],[23.7519693,61.8833327],[23.7521732,61.8835198],[23.7519801,61.8836613],[23.7517011,61.8836866],[23.7507677,61.8834439],[23.7505746,61.8832568],[23.7500113,61.8832088],[23.7497386,61.882945],[23.7488482,61.8828345],[23.7482384,61.8828182],[23.7480265,61.882578],[23.7483328,61.8825253],[23.7484974,61.8822129],[23.748942,61.8821223],[23.749773,61.8814085],[23.749714,61.8811218]],[[23.7468731,61.8828764],[23.7472492,61.8827671],[23.7477269,61.8828159],[23.7479973,61.8828903],[23.7478576,61.8830071],[23.7479838,61.8832216],[23.7477046,61.883186],[23.7472138,61.8835172],[23.7467629,61.8836572],[23.7460365,61.8837014],[23.7455139,61.8835487],[23.7455996,61.8834086],[23.7460482,61.8834198],[23.7463658,61.8832514],[23.7462125,61.8832163],[23.7461489,61.8831418],[23.7461742,61.8830878],[23.7463545,61.8830506],[23.7464356,61.8831292],[23.746519,61.8831802],[23.7468731,61.8828764]],[[23.7484062,61.8862315],[23.7487579,61.8864427],[23.7494716,61.8864488],[23.749568,61.8866366],[23.7498597,61.8866869],[23.7496852,61.8868416],[23.7494169,61.8868416],[23.7491069,61.8869029],[23.749133,61.8869533],[23.7486276,61.8870294],[23.7483021,61.8869496],[23.7480312,61.886693],[23.7476795,61.8865445],[23.7476404,61.8863125],[23.7477655,61.8863064],[23.7478592,61.8863543],[23.7482851,61.8863046],[23.7483125,61.8862377],[23.7484062,61.8862315]],[[23.7395834,61.8831109],[23.7400169,61.8827852],[23.7406613,61.8827741],[23.7416688,61.8828956],[23.742032,61.8830336],[23.7421374,61.8829067],[23.7426763,61.8829122],[23.7425592,61.8830668],[23.7433558,61.8831993],[23.7436136,61.8834753],[23.7435199,61.8837845],[23.7430161,61.8838949],[23.7425006,61.883652],[23.7419851,61.883641],[23.7411885,61.8838784],[23.7407081,61.8838232],[23.7402278,61.8832048],[23.7395834,61.8831109]],[[23.7379784,61.8839446],[23.7383767,61.8839446],[23.7386813,61.8841489],[23.7385993,61.8842538],[23.737873,61.8841765],[23.7379784,61.8839446]],[[23.7692067,61.8739416],[23.7693822,61.8739483],[23.76946,61.8740861],[23.7692213,61.87421],[23.7692481,61.874382],[23.7693742,61.8745147],[23.7689289,61.8747537],[23.7689343,61.8745261],[23.7690228,61.8744616],[23.7689409,61.8743147],[23.7691033,61.8742315],[23.7690657,61.8741531],[23.7692067,61.8739416]],[[23.7695669,61.8739444],[23.7692589,61.8737308],[23.769437,61.8735352],[23.7697121,61.8734956],[23.7698194,61.873598],[23.7697604,61.8736726],[23.769865,61.8737965],[23.769739,61.8739255],[23.7695669,61.8739444]],[[23.7862464,61.8744241],[23.7863409,61.8741846],[23.7869905,61.8739675],[23.7873271,61.8744658],[23.7865128,61.8746442],[23.7862464,61.8744241]],[[23.7654126,61.8795858],[23.7654501,61.8793734],[23.7655735,61.8792951],[23.765713,61.8793532],[23.7657398,61.8794265],[23.7654126,61.8795858]],[[23.7661431,61.8801359],[23.7662099,61.8799489],[23.7667268,61.8797325],[23.766818,61.8799019],[23.7667,61.87996],[23.7666732,61.880089],[23.7664372,61.8802558],[23.7661431,61.8801359]],[[23.7627411,61.8813203],[23.7631059,61.8811964],[23.763817,61.8810963],[23.7640393,61.8808879],[23.764506,61.8808222],[23.7649821,61.8806594],[23.7656593,61.8805592],[23.7656628,61.8804075],[23.7660241,61.8805061],[23.7661582,61.8806048],[23.7664103,61.8806022],[23.7665659,61.880941],[23.7664264,61.8811281],[23.766228,61.8811079],[23.7660178,61.8811967],[23.7654582,61.8813384],[23.7649995,61.8812368],[23.7643665,61.8813203],[23.7640822,61.8814543],[23.763873,61.8814214],[23.7631434,61.8815832],[23.7630898,61.8814795],[23.7627411,61.8813203]],[[23.7675369,61.8837169],[23.7678909,61.8837397],[23.7679902,61.8838497],[23.7678695,61.8839255],[23.7677836,61.8839226],[23.7679143,61.8842221],[23.7677295,61.8842305],[23.7676168,61.8839098],[23.7672847,61.8838964],[23.7673813,61.8837839],[23.7675369,61.8837169]],[[23.7964539,61.8672282],[23.7973575,61.8667827],[23.7976233,61.8669302],[23.7975583,61.8672895],[23.7969677,61.8674259],[23.7964952,61.8674176],[23.7964539,61.8672282]],[[23.7956902,61.865027],[23.7960535,61.8648025],[23.7965379,61.8647158],[23.7967843,61.8649974],[23.7964795,61.8651097],[23.7967008,61.8652101],[23.7964837,61.8654917],[23.7961705,61.8654306],[23.7959867,61.8655764],[23.7957695,61.8653873],[23.7959199,61.8652731],[23.7956651,61.8651274],[23.7956902,61.865027]],[[23.7936314,61.8646784],[23.794404,61.8641605],[23.7948675,61.8640482],[23.7951807,61.8640581],[23.7951139,61.8643476],[23.7947422,61.8646213],[23.7938611,61.864771],[23.7936314,61.8646784]],[[23.6843106,61.5801114],[23.6844501,61.5800284],[23.6847009,61.5800016],[23.6849838,61.5800137],[23.6851515,61.5799908],[23.6852883,61.5800054],[23.6853768,61.5800565],[23.685421,61.580022],[23.6854975,61.5800265],[23.6855927,61.5800769],[23.6857322,61.5801184],[23.6857939,61.5801612],[23.6858502,61.5801752],[23.6857831,61.5802301],[23.6856421,61.5802725],[23.6853205,61.5803022],[23.6852601,61.5803392],[23.6851716,61.5803303],[23.6849248,61.5803622],[23.684772,61.5803558],[23.6846566,61.5804012],[23.6845426,61.5803961],[23.684434,61.5804241],[23.6841913,61.5804522],[23.6840531,61.5804509],[23.6839029,61.5804746],[23.6838345,61.5804726],[23.6837514,61.580375],[23.6838037,61.5802978],[23.6840714,61.5801982],[23.6843106,61.5801114]],[[23.6802002,61.5682533],[23.6802811,61.5680883],[23.6804058,61.5680688],[23.6803659,61.5682822],[23.6802002,61.5682533]],[[23.6790656,61.5678578],[23.6793599,61.5678153],[23.679593,61.5678449],[23.6795687,61.5679613],[23.679469,61.5679375],[23.6793172,61.5680188],[23.6790688,61.5679775],[23.6790656,61.5678578]],[[23.6787853,61.5680693],[23.6790474,61.568099],[23.6793309,61.5680954],[23.6791323,61.5682105],[23.6790194,61.5683052],[23.67876,61.568219],[23.6787485,61.568125],[23.6787853,61.5680693]],[[23.6781422,61.5683686],[23.6780704,61.5683149],[23.6780811,61.5681247],[23.6779308,61.5680009],[23.6779702,61.5678561],[23.6781756,61.5678476],[23.6781986,61.567915],[23.6782773,61.5679515],[23.6782577,61.5680285],[23.6783171,61.5680976],[23.6782586,61.5682433],[23.6783346,61.5683303],[23.6781422,61.5683686]],[[23.6743789,61.5704157],[23.6744993,61.5703606],[23.6746835,61.5702919],[23.6748917,61.570321],[23.6748464,61.5703912],[23.6746912,61.5704163],[23.6746508,61.5705369],[23.6743646,61.5705236],[23.6743789,61.5704157]],[[23.8170801,61.8529217],[23.817053,61.852826],[23.8171576,61.8527158],[23.8173843,61.8527761],[23.8172356,61.8528367],[23.8172626,61.8529164],[23.8170801,61.8529217]],[[23.8134406,61.8522711],[23.8137336,61.8522084],[23.8140017,61.852067],[23.814182,61.8520765],[23.8143172,61.8521882],[23.8139341,61.8523232],[23.8137358,61.8523434],[23.8134631,61.8523232],[23.8134406,61.8522711]],[[23.7998291,61.8484595],[23.8004021,61.8482321],[23.8006058,61.8482899],[23.8005844,61.8483936],[23.800402,61.8484987],[23.8002062,61.8486505],[23.8003349,61.8487556],[23.8006031,61.8487682],[23.8005951,61.8489656],[23.8002062,61.8492453],[23.7992378,61.8492106],[23.7992833,61.8489359],[23.7998654,61.8486527],[23.7998291,61.8484595]],[[23.8041037,61.8438063],[23.8042675,61.8435402],[23.804786,61.8434543],[23.8049133,61.8436046],[23.8047587,61.8438149],[23.8042675,61.843978],[23.8041037,61.8438063]],[[23.8124722,61.8441761],[23.8134369,61.8438135],[23.8136165,61.8438647],[23.8130443,61.844446],[23.8124054,61.8445721],[23.8123344,61.8443771],[23.8124722,61.8441761]],[[23.8210669,61.8405266],[23.8212727,61.8401502],[23.8218902,61.8395977],[23.8223147,61.8396037],[23.8224948,61.8394823],[23.8228551,61.8396341],[23.8231767,61.8393487],[23.8235111,61.8393548],[23.8238199,61.8396584],[23.8243859,61.8399255],[23.8246561,61.8402898],[23.8241029,61.8408483],[23.823434,61.8410487],[23.8229708,61.8409212],[23.8219031,61.8410912],[23.8214785,61.8409273],[23.8214271,61.8406905],[23.8210669,61.8405266]],[[23.8409571,61.8354493],[23.8414206,61.8351812],[23.8417338,61.835128],[23.8414666,61.8355912],[23.8411116,61.8357292],[23.840932,61.8356464],[23.8409571,61.8354493]],[[23.8313519,61.8359828],[23.8311556,61.835829],[23.8318697,61.8357679],[23.8317611,61.8359828],[23.8313519,61.8359828]],[[23.8489532,61.838922],[23.8494485,61.83901],[23.8493842,61.8392954],[23.8488696,61.839347],[23.8489532,61.838922]],[[23.8174123,61.8562015],[23.8177982,61.8562015],[23.8179912,61.8560983],[23.8182742,61.8561438],[23.8182678,61.8562531],[23.8179526,61.8564108],[23.8181263,61.8565018],[23.8175281,61.8567173],[23.8175088,61.8565868],[23.8176889,61.8564017],[23.817303,61.8563198],[23.8174123,61.8562015]],[[23.8156396,61.8259433],[23.815814,61.825956],[23.8160178,61.8260193],[23.8166374,61.8259256],[23.8169432,61.8259826],[23.8170665,61.8261422],[23.8169163,61.8262929],[23.816514,61.8262536],[23.8161975,61.8263093],[23.8162002,61.8263967],[23.8159722,61.8264246],[23.8158408,61.8263271],[23.8154224,61.8263245],[23.8152105,61.826455],[23.8150147,61.8263904],[23.8151675,61.8262878],[23.8152346,61.8261434],[23.8154465,61.82607],[23.8156396,61.8259433]],[[23.8276049,61.8205416],[23.8279536,61.8206455],[23.8279831,61.8208],[23.8285786,61.8209647],[23.828761,61.8211749],[23.8284776,61.8213752],[23.8273287,61.8224922],[23.8274199,61.8228823],[23.8270926,61.8235231],[23.8272804,61.8236194],[23.8275701,61.8235637],[23.827908,61.8235814],[23.8288629,61.8233332],[23.8293143,61.8234071],[23.8297051,61.8232977],[23.8296837,61.8231432],[23.8303918,61.8229127],[23.8309228,61.8224719],[23.8308316,61.8219349],[23.8306278,61.8216284],[23.8309818,61.8213523],[23.8309282,61.8209166],[23.8306922,61.8208254],[23.8307083,61.8206607],[23.83039,61.8203535],[23.830027,61.820268],[23.8299894,61.8201008],[23.8297641,61.8198982],[23.829807,61.819698],[23.8295764,61.8195283],[23.8296515,61.8194244],[23.8295072,61.8192418],[23.8290131,61.8191002],[23.828702,61.819128],[23.8284391,61.8193776],[23.8284042,61.819598],[23.8283648,61.8198552],[23.8278705,61.8200096],[23.8276693,61.820306],[23.8276049,61.8205416]],[[23.8266823,61.8207139],[23.8269612,61.8206417],[23.8270873,61.8207253],[23.8271114,61.8211597],[23.8267466,61.8213155],[23.8265696,61.8212737],[23.8263845,61.8210571],[23.8266823,61.8207139]],[[23.8184944,61.8053324],[23.8192116,61.8050868],[23.8194028,61.8051433],[23.8186558,61.8054397],[23.8184944,61.8053324]],[[23.8157811,61.8037624],[23.8160022,61.8036608],[23.8165282,61.8036438],[23.8164804,61.8037878],[23.8158588,61.8038048],[23.8157811,61.8037624]],[[23.8105185,61.8057189],[23.8112538,61.8057269],[23.8114736,61.8061702],[23.8114651,61.8064936],[23.8111862,61.8066054],[23.8108312,61.8065176],[23.8108735,61.8062381],[23.8105016,61.8061861],[23.8101213,61.8062341],[23.8101804,61.8058587],[23.8105185,61.8057189]],[[23.8119084,61.8037467],[23.8121175,61.8037438],[23.812255,61.8041476],[23.8120637,61.8042578],[23.8121474,61.8044187],[23.8115677,61.8045373],[23.8109701,61.804334],[23.8112868,61.8040488],[23.811992,61.8040149],[23.8119084,61.8037467]],[[23.8121056,61.8036252],[23.8119323,61.8035123],[23.8119681,61.803309],[23.8120757,61.8031452],[23.8118366,61.802843],[23.8120757,61.8027837],[23.8121893,61.8025013],[23.8126375,61.8025437],[23.8127809,61.8027018],[23.8126494,61.8030181],[23.8123805,61.8032101],[23.8123088,61.8033908],[23.8120757,61.8034643],[23.8121952,61.8035264],[23.8122251,61.8036224],[23.8121056,61.8036252]],[[23.8048825,61.7938729],[23.8065764,61.7933363],[23.8069841,61.7934009],[23.8071477,61.7936772],[23.8067052,61.7944734],[23.8062841,61.7946027],[23.8059354,61.7947992],[23.8057208,61.7947612],[23.8055894,61.7948309],[23.8057771,61.7949285],[23.8056645,61.7949856],[23.8052782,61.7949184],[23.8050315,61.794997],[23.8055035,61.7950908],[23.8054204,61.7952809],[23.8049725,61.7955281],[23.8048303,61.7954026],[23.804367,61.7954508],[23.8043585,61.795291],[23.8037922,61.795307],[23.803657,61.7954268],[23.8031921,61.7951033],[23.802778,61.7951033],[23.8027526,61.7948836],[23.8034203,61.7946958],[23.8034288,61.7944442],[23.8030907,61.7944282],[23.8023216,61.7947358],[23.802423,61.7944322],[23.8026428,61.7942205],[23.8029893,61.7941006],[23.8034119,61.7941645],[23.8035049,61.7943763],[23.8037415,61.7944202],[23.8038768,61.7943083],[23.8040965,61.7943922],[23.8042909,61.7941406],[23.8048403,61.7940846],[23.8048825,61.7938729]],[[23.7699648,61.8282802],[23.7698605,61.8281131],[23.7702798,61.8280211],[23.7704719,61.8282603],[23.7701085,61.8285369],[23.7698633,61.8284239],[23.7699648,61.8282802]],[[23.7667153,61.8223551],[23.7671695,61.8223438],[23.7670918,61.8225639],[23.7666913,61.822674],[23.7667153,61.8223551]],[[23.7883167,61.7848357],[23.7886862,61.7848056],[23.7891723,61.7844992],[23.7894063,61.7844935],[23.7897851,61.7846353],[23.7896951,61.7847258],[23.7898489,61.7848126],[23.7898264,61.7849616],[23.7895845,61.7852258],[23.7897739,61.7852888],[23.7897307,61.7853925],[23.7895188,61.7853836],[23.7893969,61.7853287],[23.7890219,61.7854209],[23.7887012,61.7856656],[23.7884368,61.7858925],[23.7884461,61.7860805],[23.7880579,61.7861018],[23.787711,61.7859936],[23.7876922,61.7856532],[23.7880036,61.7854395],[23.7883561,61.7850139],[23.7882492,61.7849589],[23.7883167,61.7848357]],[[23.7829301,61.7789071],[23.7834585,61.7784898],[23.7835658,61.7783274],[23.783657,61.7783414],[23.7835067,61.7785735],[23.7835577,61.7786902],[23.783386,61.7791861],[23.7830615,61.7792153],[23.7830669,61.7793688],[23.782922,61.7793827],[23.7826967,61.7791189],[23.7829515,61.7790644],[23.7829301,61.7789071]],[[23.7827879,61.7794994],[23.7824258,61.7795222],[23.7815541,61.7799455],[23.7814549,61.780462],[23.7817016,61.7806066],[23.7818813,61.7804925],[23.7817982,61.7802946],[23.7818599,61.7801906],[23.7823158,61.780112],[23.7822703,61.7799585],[23.782509,61.7797619],[23.782686,61.7797886],[23.7825707,61.7800359],[23.7826431,61.7801538],[23.782804,61.78006],[23.7830427,61.7796262],[23.7828764,61.7795755],[23.7827879,61.7794994]],[[23.7908453,61.7605841],[23.7916928,61.7601882],[23.7919986,61.7602161],[23.7927711,61.7598277],[23.7941873,61.7597592],[23.7942892,61.7595993],[23.7945038,61.759612],[23.7946111,61.7597414],[23.7947988,61.7595866],[23.7950134,61.7596424],[23.7949061,61.7597719],[23.794992,61.7598836],[23.7947559,61.7600359],[23.7947534,61.7602107],[23.7944663,61.7604623],[23.7941444,61.760541],[23.7935865,61.7610689],[23.7921059,61.7610461],[23.7917304,61.7607389],[23.7909043,61.7606907],[23.7908453,61.7605841]],[[23.7919479,61.7618215],[23.7925928,61.7616459],[23.7923101,61.7619302],[23.7919921,61.7619469],[23.7919479,61.7618215]],[[23.7896758,61.7624725],[23.7904483,61.7621603],[23.7906092,61.7622035],[23.7904268,61.7624522],[23.7904751,61.7626045],[23.7902713,61.7627161],[23.7901668,61.7628826],[23.7894612,61.763206],[23.7894237,61.7627238],[23.7889194,61.7626172],[23.7894398,61.7624217],[23.7896758,61.7624725]],[[23.8526708,61.7183167],[23.851989,61.7186929],[23.8505219,61.719065],[23.8493136,61.7191672],[23.8491065,61.7194084],[23.8491842,61.7195393],[23.8484506,61.7205165],[23.8486059,61.721183],[23.8491842,61.7213056],[23.8492273,61.7214855],[23.8497192,61.7214324],[23.8513849,61.7209213],[23.8516956,61.720954],[23.8518854,61.7211421],[23.8522565,61.7210031],[23.8522738,61.7207905],[23.8526104,61.7206678],[23.8526621,61.7202671],[23.8531713,61.7198091],[23.8542328,61.7198337],[23.8549233,61.7199727],[23.8553548,61.7198296],[23.8554238,61.719482],[23.8561833,61.7191345],[23.8565199,61.7186111],[23.8564508,61.7183698],[23.8558122,61.7184394],[23.8550613,61.7184189],[23.8541552,61.7187583],[23.8536719,61.7187379],[23.8529038,61.7183412],[23.8526708,61.7183167]],[[23.8199811,61.7398043],[23.8202438,61.7396061],[23.8205475,61.7398859],[23.8203013,61.740022],[23.8199811,61.7398043]],[[23.8237161,61.7388637],[23.8231744,61.7390464],[23.8229691,61.7392874],[23.8235602,61.7397071],[23.8245124,61.7394001],[23.8240527,61.7391941],[23.8237161,61.7388637]],[[23.8250418,61.7378811],[23.825456,61.7380323],[23.8260342,61.7379628],[23.8262414,61.7381999],[23.8259566,61.7389191],[23.8255164,61.7391479],[23.825292,61.7389803],[23.8255596,61.7388169],[23.8256545,61.7383306],[23.8250763,61.7380446],[23.8246793,61.7380568],[23.8250418,61.7378811]],[[23.8272511,61.7290548],[23.8277862,61.7291529],[23.828468,61.729439],[23.8284938,61.7298641],[23.8279847,61.7302075],[23.8274064,61.7304773],[23.827441,61.7306734],[23.8279501,61.7308124],[23.8280192,61.7310127],[23.8275359,61.731168],[23.8270699,61.7311312],[23.8272942,61.7308083],[23.8265952,61.7303751],[23.8264053,61.7300317],[23.8268541,61.7294881],[23.8267851,61.7291652],[23.8269577,61.7290793],[23.82688,61.7288913],[23.8270871,61.7288586],[23.8272511,61.7290548]],[[23.8467381,61.7287033],[23.8472991,61.7285888],[23.847558,61.7287073],[23.8475494,61.7288668],[23.8469107,61.7294717],[23.8463066,61.7295617],[23.846367,61.7293205],[23.8468158,61.7292387],[23.8468417,61.7291406],[23.8466,61.7290998],[23.8465741,61.7288954],[23.8467381,61.7287033]],[[23.8511826,61.7261618],[23.8520309,61.7262225],[23.8520004,61.7263236],[23.8513047,61.726367],[23.8510545,61.7262687],[23.8511826,61.7261618]],[[23.7756854,61.7365353],[23.7775379,61.736109],[23.7779546,61.736355],[23.778255,61.7369189],[23.7788343,61.7371196],[23.7791938,61.7374091],[23.777622,61.7378206],[23.7770158,61.7378283],[23.7760367,61.7384207],[23.7765062,61.738951],[23.7769192,61.7392431],[23.7768817,61.7398857],[23.7771392,61.7404546],[23.7768173,61.7408153],[23.7768871,61.7412267],[23.7762442,61.7418244],[23.7758292,61.7420208],[23.7747091,61.7420039],[23.774119,61.7418312],[23.7731641,61.7417753],[23.7726706,61.7419429],[23.7724829,61.7421207],[23.7721235,61.7421563],[23.7722576,61.7419201],[23.7719303,61.7415797],[23.771131,61.7414045],[23.7710667,61.7412089],[23.7715119,61.7409524],[23.7714904,61.7408051],[23.7719947,61.7405816],[23.7728798,61.7400889],[23.7726492,61.7395326],[23.7728798,61.7390983],[23.7725097,61.7388036],[23.7727082,61.7381585],[23.7731373,61.7378537],[23.7730408,61.7377597],[23.7734967,61.7374142],[23.7749666,61.7370002],[23.7756854,61.7365353]],[[23.7631896,61.7437036],[23.7637877,61.743952],[23.7651058,61.7441254],[23.7655574,61.7439982],[23.7657527,61.7444836],[23.766523,61.7449422],[23.7666357,61.745247],[23.7678105,61.7459885],[23.768363,61.7466005],[23.7695566,61.7471794],[23.7700018,61.7477381],[23.770026,61.7482028],[23.7698677,61.7484148],[23.7697309,61.7486002],[23.769975,61.7488147],[23.7695754,61.7487868],[23.7686366,61.7492337],[23.7655086,61.7487994],[23.7640806,61.7484123],[23.7625184,61.7485105],[23.7613223,61.7481061],[23.7611636,61.747823],[23.760175,61.7475977],[23.7602116,61.7473724],[23.7599919,61.7473377],[23.75904,61.7475053],[23.7589545,61.7473493],[23.7593939,61.7470142],[23.7591132,61.7468351],[23.7593451,61.7465924],[23.7598455,61.7466733],[23.7604801,61.7463151],[23.760529,61.7459107],[23.7602482,61.7451423],[23.7608463,61.7447494],[23.7605534,61.7443507],[23.7617006,61.7439578],[23.7628479,61.7438653],[23.7631896,61.7437036]],[[23.8033702,61.7323691],[23.8041513,61.7323922],[23.8045053,61.7326408],[23.8043954,61.7327853],[23.8045907,61.7329702],[23.8042368,61.7333286],[23.8042856,61.7338488],[23.8036387,61.7342765],[23.8031627,61.7347794],[23.8031505,61.7351781],[23.8027478,61.7352533],[23.7997209,61.734132],[23.8002091,61.7336927],[23.7997576,61.7336176],[23.8003556,61.7333344],[23.8002946,61.7331032],[23.8008194,61.7328778],[23.8018202,61.7327564],[23.8026867,61.7326986],[23.8033336,61.7324963],[23.8033702,61.7323691]],[[23.8031994,61.7318027],[23.8027112,61.7320107],[23.8029675,61.7321957],[23.8037364,61.7321842],[23.8038096,61.7320685],[23.8034923,61.7319934],[23.8035289,61.7318142],[23.8031994,61.7318027]],[[23.8035533,61.7301784],[23.8040171,61.7300743],[23.8045541,61.7304211],[23.804188,61.7307449],[23.8035167,61.7306292],[23.8038218,61.7304269],[23.8035533,61.7301784]],[[23.8073979,61.7315714],[23.8080569,61.7316871],[23.8080935,61.731924],[23.8078372,61.732005],[23.8069585,61.7319645],[23.8073979,61.7315714]],[[23.8075809,61.7327044],[23.8094239,61.7318778],[23.8111448,61.7317333],[23.812109,61.7318778],[23.8135248,61.7324443],[23.8151236,61.7325599],[23.8167957,61.7322131],[23.818541,61.7320975],[23.8187119,61.7325714],[23.8182725,61.7327564],[23.8192123,61.733843],[23.8198591,61.7344557],[23.8175768,61.7349874],[23.8170642,61.7348082],[23.8153311,61.7348776],[23.814615,61.7351509],[23.8141698,61.7349832],[23.8139498,61.7345895],[23.812319,61.7345158],[23.8108519,61.7351261],[23.810205,61.7351146],[23.8095948,61.735392],[23.8085451,61.7351955],[23.8078128,61.7353631],[23.8077396,61.7351319],[23.8070805,61.735155],[23.8069097,61.7348487],[23.807642,61.7343285],[23.8083865,61.7339355],[23.8084963,61.7334673],[23.8080691,61.7331899],[23.8075077,61.7331726],[23.8076298,61.7329702],[23.8080813,61.7327737],[23.8075809,61.7327044]],[[23.8582268,61.723068],[23.8591475,61.7228468],[23.8593119,61.7230307],[23.8584438,61.7231833],[23.8582268,61.723068]],[[23.8562012,61.7215383],[23.8571022,61.721532],[23.856826,61.7217938],[23.856096,61.7218218],[23.8562012,61.7215383]],[[23.8086497,61.7237095],[23.8098471,61.7231156],[23.8108895,61.7231156],[23.8109177,61.7233091],[23.8095794,61.7236027],[23.8088751,61.7238497],[23.8086497,61.7237095]],[[23.8119543,61.7055692],[23.8124051,61.7054256],[23.8131587,61.7056493],[23.8129545,61.7059097],[23.8122009,61.7058163],[23.8119543,61.7055692]],[[23.8151832,61.7078627],[23.815218,61.7079057],[23.8155916,61.7083678],[23.8162889,61.7079713],[23.8162391,61.7076786],[23.8156713,61.7075841],[23.8151832,61.7078627]],[[23.8143365,61.7077683],[23.8147947,61.7078485],[23.8148579,61.7079614],[23.8149242,61.7080799],[23.8146752,61.7081129],[23.8139879,61.7079382],[23.8143365,61.7077683]],[[23.7952636,61.7075391],[23.7956933,61.7075124],[23.7958835,61.7076425],[23.7952707,61.7079597],[23.794989,61.7076759],[23.7952636,61.7075391]],[[23.7987894,61.7060072],[23.798966,61.7058825],[23.7991855,61.7058187],[23.7994257,61.7057366],[23.7995576,61.705743],[23.7996869,61.7058499],[23.799704,61.7059097],[23.7995763,61.7060818],[23.79947,61.7061657],[23.7992627,61.7062193],[23.7989617,61.7062077],[23.7988919,61.7062401],[23.7988221,61.7062343],[23.798763,61.7062024],[23.7988005,61.7061388],[23.7987894,61.7060072]],[[23.7821527,61.6850829],[23.7828007,61.6853435],[23.7829416,61.6855506],[23.7824626,61.6857978],[23.7812793,61.6858847],[23.7801947,61.6855239],[23.7802792,61.685123],[23.7812371,61.6851497],[23.7821527,61.6850829]],[[23.7949152,61.681762],[23.795042,61.6822765],[23.7953237,61.68235],[23.7946758,61.6827376],[23.795042,61.6832321],[23.7940841,61.6841675],[23.792281,61.6846553],[23.7897032,61.6847087],[23.7886607,61.6851764],[23.7888861,61.685437],[23.7880973,61.6857043],[23.7878578,61.6855239],[23.7868577,61.6856174],[23.7867872,61.6858245],[23.7856321,61.6854637],[23.7851954,61.6855974],[23.7841108,61.6851163],[23.7840685,61.6849092],[23.7835895,61.6848357],[23.7831669,61.6843546],[23.7844066,61.6839671],[23.7850546,61.6835327],[23.7864491,61.6834125],[23.7882804,61.6830049],[23.7887734,61.6825906],[23.7883931,61.6824168],[23.788379,61.6822832],[23.7880973,61.682183],[23.7885621,61.6820025],[23.7891115,61.6821897],[23.7901821,61.682056],[23.7910414,61.6821228],[23.7925487,61.681615],[23.7941686,61.6814746],[23.7949152,61.681762]],[[23.7961267,61.6824569],[23.796338,61.6823433],[23.7969719,61.6823433],[23.7976903,61.6825238],[23.7976058,61.6826908],[23.7972536,61.6828913],[23.7975635,61.683359],[23.795845,61.6834392],[23.7955491,61.6832454],[23.7962253,61.6829915],[23.7964366,61.6827175],[23.7961267,61.6824569]],[[23.7970183,61.6799579],[23.7976956,61.679802],[23.7976359,61.679991],[23.7972175,61.6802272],[23.7969187,61.6802792],[23.7968689,61.6800855],[23.7970183,61.6799579]],[[23.7959824,61.6801233],[23.7958429,61.6802296],[23.795574,61.6802367],[23.7951706,61.680532],[23.7954345,61.6806029],[23.7959973,61.6803406],[23.7959475,61.6802674],[23.796072,61.6801611],[23.7959824,61.6801233]],[[23.8005797,61.6821168],[23.8007875,61.6820049],[23.8011009,61.6820684],[23.8010059,61.6822455],[23.8005797,61.6821168]],[[23.7984421,61.6878563],[23.7989844,61.6876392],[23.7991323,61.687706],[23.7991182,61.6879231],[23.7987168,61.6879799],[23.7984421,61.6878563]],[[23.8070706,61.6911074],[23.8067121,61.6908665],[23.807987,61.6906587],[23.8084253,61.6909657],[23.8070706,61.6911074]],[[23.8043414,61.694513],[23.8044709,61.6947633],[23.8051482,61.6948294],[23.805447,61.6945649],[23.8043414,61.694513]],[[23.8028871,61.6957693],[23.8038434,61.6956182],[23.8045506,61.695656],[23.8044609,61.6959535],[23.8031561,61.6960857],[23.8027676,61.6959677],[23.8028871,61.6957693]],[[23.7953036,61.7199738],[23.7966284,61.7196812],[23.7968077,61.7199171],[23.7954829,61.7201673],[23.7953036,61.7199738]],[[23.7989816,61.6630752],[23.7994167,61.6627448],[23.8001515,61.6625704],[23.8003642,61.6627081],[23.8001031,61.6629467],[23.7991266,61.6631808],[23.7989816,61.6630752]],[[23.7885098,61.6746739],[23.7890095,61.674748],[23.7888637,61.674995],[23.7883744,61.6751877],[23.7882078,61.6748468],[23.7885098,61.6746739]],[[23.797422,61.6737995],[23.7976614,61.6736859],[23.7982341,61.6737995],[23.7982132,61.6739181],[23.7979009,61.6739082],[23.7977031,61.6739971],[23.797651,61.6738736],[23.797422,61.6737995]],[[23.7870047,61.666757],[23.7874184,61.6665253],[23.7878601,61.6665584],[23.7881349,61.6666404],[23.7884886,61.6667375],[23.7884098,61.666881],[23.7879267,61.6670654],[23.7873645,61.6670555],[23.7871218,61.6669129],[23.7870047,61.666757]],[[23.7589294,61.673815],[23.7598248,61.6741608],[23.7591273,61.6745609],[23.7593875,61.6746647],[23.7591273,61.6748178],[23.7590023,61.6747981],[23.7591377,61.6746795],[23.7590023,61.67464],[23.7584922,61.6749018],[23.7581694,61.6747585],[23.7580965,61.6741855],[23.7583985,61.6739484],[23.7589294,61.673815]],[[23.7692071,61.6721742],[23.7694673,61.6723471],[23.7694257,61.6726188],[23.7698526,61.6726732],[23.7701753,61.6728807],[23.7689884,61.6735624],[23.768447,61.6734192],[23.7683325,61.6736612],[23.7676141,61.6738242],[23.7669582,61.6737156],[23.7673955,61.6733549],[23.7679785,61.6734488],[23.7679993,61.6733055],[23.7682388,61.6733599],[23.7691862,61.6728856],[23.7691029,61.6726435],[23.7688427,61.6725842],[23.7687698,61.672273],[23.7692071,61.6721742]],[[23.7708208,61.6718926],[23.7713102,61.6716653],[23.7715288,61.6713047],[23.7717475,61.6713195],[23.7719244,61.671606],[23.7714976,61.6719469],[23.7708208,61.6718926]],[[23.7762452,61.6707661],[23.776443,61.6705438],[23.7768491,61.6704499],[23.7768803,61.6705784],[23.7766304,61.6708007],[23.7763181,61.6708798],[23.7762452,61.6707661]],[[23.7693216,61.6702079],[23.7695923,61.6700053],[23.7700087,61.6701535],[23.7696964,61.6703314],[23.7693216,61.6702079]],[[23.723767,61.6541066],[23.7243189,61.6543538],[23.7248498,61.654423],[23.7250685,61.6543142],[23.7252975,61.6543736],[23.7252351,61.6546454],[23.7248811,61.6547295],[23.7246104,61.6545466],[23.7243293,61.6546356],[23.7238191,61.654512],[23.7234547,61.6545614],[23.7233194,61.6544032],[23.7230278,61.6545021],[23.7228613,61.6543587],[23.7230591,61.6542154],[23.723767,61.6541066]],[[23.7569959,61.6454114],[23.7578352,61.6454114],[23.7585272,61.6455582],[23.7586597,61.645831],[23.7581149,61.6459708],[23.7570842,61.6458449],[23.7569959,61.6454114]],[[23.7557514,61.6494913],[23.755656,61.6493617],[23.7551531,61.6491814],[23.7544466,61.6487733],[23.754432,61.6484813],[23.7556801,61.6480321],[23.7565301,61.6483335],[23.7560848,61.6487168],[23.7560414,61.6489191],[23.7558854,61.6491207],[23.7559136,61.6492194],[23.7560353,61.6492451],[23.756225,61.6491457],[23.7564416,61.6491288],[23.7564697,61.6492087],[23.7563376,61.6492949],[23.7563265,61.6496374],[23.756446,61.6500645],[23.7563785,61.6502949],[23.75632,61.650463],[23.7561935,61.6506698],[23.7559994,61.6508206],[23.755677,61.6508827],[23.7553635,61.6509726],[23.7547826,61.6514844],[23.7541426,61.652208],[23.7534379,61.6525791],[23.7533083,61.6524043],[23.7534245,61.6519705],[23.7536772,61.6516669],[23.7534032,61.651057],[23.7531262,61.650972],[23.7526781,61.6510757],[23.7523658,61.6515569],[23.7518567,61.6517751],[23.751164,61.6519245],[23.7512667,61.6522745],[23.7517364,61.6524046],[23.7522562,61.6523873],[23.7524709,61.6526366],[23.7524913,61.6528161],[23.7525054,61.6529398],[23.7525324,61.6531975],[23.7524326,61.6534489],[23.7523003,61.6537867],[23.7522424,61.6547934],[23.7518701,61.6552871],[23.7511775,61.6555742],[23.7502603,61.655738],[23.7497328,61.6558327],[23.7489953,61.656261],[23.7480853,61.6563962],[23.7470561,61.6566022],[23.7462385,61.6565314],[23.7459016,61.6561112],[23.7465017,61.6557169],[23.7472386,61.6553385],[23.7476789,61.6548808],[23.7477381,61.6544804],[23.7472208,61.6540936],[23.7467164,61.653898],[23.7459983,61.6537802],[23.745539,61.6537017],[23.744596,61.6533208],[23.7445507,61.6531696],[23.7450123,61.6527333],[23.7451249,61.6522984],[23.7454761,61.6521185],[23.746144,61.6521884],[23.7465211,61.6521272],[23.7470919,61.6521199],[23.7472041,61.6520529],[23.7473264,61.6519667],[23.7465544,61.6518059],[23.7460061,61.6516022],[23.7458934,61.651498],[23.7459008,61.6513812],[23.7473205,61.650814],[23.7491852,61.6504389],[23.7494543,61.650417],[23.7510318,61.6503779],[23.7509437,61.6502455],[23.7508292,61.6500477],[23.7505007,61.6499754],[23.7505643,61.6498878],[23.7509822,61.6497584],[23.7513117,61.6498944],[23.7512626,61.6500985],[23.7514945,61.650228],[23.7516769,61.6500973],[23.7520584,61.6498235],[23.7524474,61.6496161],[23.7530364,61.649583],[23.7533778,61.6495619],[23.7540198,61.6497216],[23.7551024,61.6498508],[23.7556049,61.64996],[23.7558173,61.6497592],[23.7557514,61.6494913]],[[23.7492803,61.6494922],[23.7500083,61.6495888],[23.7505009,61.649531],[23.7511017,61.6492562],[23.7516113,61.6489707],[23.7514181,61.6488449],[23.750687,61.6488805],[23.7503395,61.6490326],[23.7498598,61.6490603],[23.7495012,61.6492287],[23.749207,61.6492775],[23.7492803,61.6494922]],[[23.7486059,61.650118],[23.748592,61.6500676],[23.7486579,61.6500118],[23.7489722,61.6499002],[23.7497574,61.6496851],[23.7495861,61.649851],[23.7491809,61.6500061],[23.7486059,61.650118]],[[23.7523492,61.6557419],[23.7525379,61.655574],[23.7528518,61.6554693],[23.7529856,61.6555504],[23.7528151,61.655774],[23.7525706,61.6557918],[23.7523492,61.6557419]],[[23.7583525,61.655579],[23.7584963,61.6553659],[23.7590136,61.6553107],[23.758932,61.6555133],[23.7587298,61.6556967],[23.7584205,61.6557549],[23.7581941,61.6557382],[23.7575637,61.6556374],[23.7577928,61.6555632],[23.7580659,61.6555202],[23.7583525,61.655579]],[[23.7668795,61.6498853],[23.7672425,61.6497583],[23.7675557,61.6497362],[23.767736,61.6498219],[23.7676952,61.6499215],[23.7673651,61.65001],[23.7669961,61.6500429],[23.7668795,61.6498853]],[[23.7238784,61.648259],[23.7241508,61.6480737],[23.7244894,61.6481261],[23.7245042,61.6483918],[23.7238858,61.6485177],[23.7239594,61.6483254],[23.7238784,61.648259]],[[23.766467,61.6388949],[23.7670188,61.6387663],[23.7675811,61.6388454],[23.7675811,61.6390185],[23.7670084,61.6391916],[23.7665087,61.639063],[23.766467,61.6388949]],[[23.7606991,61.6389394],[23.7614071,61.6389592],[23.7611884,61.6393103],[23.760647,61.6392757],[23.7606991,61.6389394]],[[23.7618131,61.6420006],[23.7615737,61.6416198],[23.763354,61.6418177],[23.7636872,61.6420451],[23.7632499,61.6423072],[23.7625107,61.6420451],[23.7618131,61.6420006]],[[23.7571175,61.641966],[23.7578047,61.642149],[23.7571696,61.642238],[23.7568052,61.64206],[23.7571175,61.641966]],[[23.7454238,61.643282],[23.7466828,61.6428344],[23.74683,61.6429149],[23.7461969,61.643247],[23.7454607,61.6433694],[23.7454238,61.643282]],[[23.8107171,61.6326855],[23.811739,61.6326299],[23.8118987,61.632822],[23.8106213,61.6328372],[23.8107171,61.6326855]],[[23.804014,61.6348914],[23.8057277,61.6343706],[23.805898,61.6348864],[23.8055042,61.6352606],[23.8048123,61.6351949],[23.804014,61.6348914]],[[23.8654163,61.6455636],[23.8674119,61.6451967],[23.8678625,61.6453292],[23.8690856,61.6452681],[23.869858,61.6452273],[23.8703301,61.6453598],[23.8709738,61.6455942],[23.871124,61.6461852],[23.8706949,61.6462158],[23.8695362,61.6462362],[23.8681414,61.6460426],[23.8673046,61.6456961],[23.8654163,61.6455636]],[[23.8898586,61.6449343],[23.8907363,61.6446362],[23.8912084,61.6446056],[23.8921372,61.6446836],[23.8926461,61.6448197],[23.8944485,61.6445037],[23.895096,61.6444571],[23.8956287,61.6446056],[23.8963884,61.644813],[23.8965943,61.6451662],[23.895736,61.6455432],[23.8950279,61.6457674],[23.8943627,61.6458999],[23.8944498,61.6460667],[23.8940623,61.646175],[23.8935486,61.6461799],[23.892925,61.6460935],[23.8928392,61.6459305],[23.8922562,61.645727],[23.8914444,61.6456044],[23.8907363,61.6456757],[23.8899776,61.6453468],[23.8898586,61.6449343]],[[23.9123557,61.6420305],[23.9147534,61.6423298],[23.9166239,61.6428717],[23.9181537,61.6431024],[23.9184944,61.6433328],[23.9204953,61.6434554],[23.9216232,61.6434946],[23.9231707,61.6438747],[23.924463,61.6441578],[23.9251092,61.6442064],[23.9256023,61.64436],[23.9256703,61.6444975],[23.9248997,61.6450689],[23.9250072,61.6452093],[23.924726,61.6453087],[23.9250598,61.6457728],[23.9256023,61.6459939],[23.9260274,61.646002],[23.9259084,61.646374],[23.9258234,61.6465519],[23.9253132,61.6467137],[23.924412,61.6463659],[23.9228476,61.6465439],[23.9210451,61.6467541],[23.9200588,61.6468269],[23.9193586,61.6469781],[23.9186253,61.646783],[23.9180642,61.6462844],[23.9180712,61.6458411],[23.9175621,61.6456814],[23.9171737,61.6457762],[23.9166673,61.6457711],[23.9154882,61.6456946],[23.9141412,61.6454115],[23.9128148,61.6452578],[23.9118243,61.645196],[23.9108235,61.6449874],[23.9096018,61.6449596],[23.9080644,61.6449306],[23.9072713,61.6450476],[23.9060774,61.645019],[23.905416,61.6449395],[23.9044718,61.6448834],[23.9040217,61.6448526],[23.9033313,61.6448483],[23.9029521,61.6448211],[23.9023668,61.6444409],[23.9022209,61.6444652],[23.9016255,61.6443797],[23.9010476,61.6443034],[23.900522,61.6443374],[23.9001492,61.6442715],[23.8997136,61.6443678],[23.8991181,61.6445507],[23.8987019,61.6444855],[23.898854,61.6442872],[23.8990071,61.6441416],[23.8997213,61.6440769],[23.899735,61.6439481],[23.8989964,61.6435853],[23.8990226,61.6432426],[23.8994695,61.6428729],[23.8998874,61.6427384],[23.9007925,61.642629],[23.9017788,61.642718],[23.902442,61.642621],[23.902612,61.6423864],[23.902425,61.6420952],[23.9035643,61.6416503],[23.9052818,61.6415694],[23.9067442,61.6415289],[23.9067612,61.6417392],[23.9073563,61.6418444],[23.9085467,61.6418444],[23.9101621,61.6419253],[23.9113354,61.6421842],[23.9123557,61.6420305]],[[23.9277959,61.6465115],[23.9276396,61.6462935],[23.9278564,61.6461001],[23.9283493,61.645954],[23.9292647,61.6458912],[23.9296727,61.6459321],[23.9299969,61.6459297],[23.9302192,61.6458999],[23.9305991,61.6458994],[23.9308834,61.6459905],[23.9310942,61.6459819],[23.9321831,61.6459373],[23.9328805,61.6459836],[23.9335999,61.6462057],[23.9337173,61.646242],[23.9351379,61.6466806],[23.935585,61.6467766],[23.9360942,61.6470291],[23.9365363,61.6473526],[23.9365644,61.6475914],[23.936481,61.6476815],[23.9362666,61.647764],[23.9360772,61.6477651],[23.9351419,61.6476842],[23.9349921,61.6476585],[23.9348443,61.6476309],[23.9339346,61.6474659],[23.9321831,61.6473203],[23.9315997,61.6472612],[23.9314009,61.6474982],[23.9310098,61.6474659],[23.9309617,61.6472408],[23.9307362,61.6470598],[23.9302786,61.6469159],[23.9294964,61.6470485],[23.9289614,61.64702],[23.9286291,61.6469483],[23.9281554,61.646751],[23.9277959,61.6465115]],[[23.761506,61.6277592],[23.7617137,61.6277185],[23.7619336,61.6280263],[23.7602473,61.6283224],[23.7598807,61.628456],[23.758952,61.628276],[23.7594042,61.6280321],[23.7606139,61.6281076],[23.7613471,61.6278927],[23.761506,61.6277592]],[[23.7644121,61.6224048],[23.7649804,61.622428],[23.7651087,61.6225529],[23.7646138,61.6226168],[23.7644121,61.6224048]],[[23.765557,61.6149012],[23.7661925,61.6148286],[23.7665713,61.6150929],[23.7663696,61.6152062],[23.765557,61.6149012]],[[23.7789796,61.5982244],[23.7794472,61.5980163],[23.7798946,61.5980608],[23.7805725,61.5982973],[23.7806392,61.598453],[23.7811748,61.5985294],[23.7811382,61.5986223],[23.7799777,61.5990139],[23.7790432,61.598992],[23.7784622,61.5987673],[23.7789796,61.5982244]],[[23.7985945,61.5989783],[23.7976264,61.5993336],[23.7971771,61.5997076],[23.7973672,61.5999542],[23.7996483,61.5999131],[23.8006074,61.5995227],[23.8006679,61.5992925],[23.8005623,61.599054],[23.8006837,61.598846],[23.7996467,61.5984995],[23.7994459,61.5982122],[23.7999859,61.5979376],[23.7994536,61.5976025],[23.7991191,61.5975649],[23.7989009,61.5973577],[23.7980457,61.5971293],[23.7975232,61.5972521],[23.7971289,61.5976202],[23.7973646,61.5978168],[23.7978014,61.5979947],[23.7988616,61.5979914],[23.7991969,61.5982541],[23.7984929,61.5984815],[23.7984208,61.5985684],[23.7986293,61.5987196],[23.7985945,61.5989783]],[[23.8055313,61.6007296],[23.8060338,61.6007761],[23.8065954,61.6006323],[23.806967,61.6006693],[23.8072953,61.6003652],[23.8069583,61.5999254],[23.8072694,61.599872],[23.8083668,61.5998925],[23.8084445,61.5997775],[23.8081335,61.5996583],[23.8079434,61.5997158],[23.8077101,61.5995062],[23.8074422,61.5995514],[23.8072608,61.599498],[23.8073472,61.599387],[23.8065349,61.5991651],[23.8062498,61.5989761],[23.8058091,61.5989267],[23.8049796,61.5990952],[23.8048846,61.5990418],[23.8044353,61.5990665],[23.8047982,61.5991569],[23.8047718,61.5992437],[23.8044114,61.5993815],[23.8041939,61.5992574],[23.8040166,61.5990576],[23.8038085,61.5992322],[23.8041691,61.5993124],[23.8043073,61.5994009],[23.8040839,61.5994791],[23.8040392,61.5995667],[23.8039184,61.5995884],[23.8034124,61.5997927],[23.8030392,61.5998309],[23.8025391,61.6000346],[23.80125,61.6003743],[23.8005355,61.6001824],[23.7998314,61.6003682],[23.7999071,61.6006113],[23.8007746,61.6006725],[23.8006996,61.6012107],[23.8019937,61.601519],[23.8017108,61.6018751],[23.8021402,61.6018533],[23.8024945,61.6014253],[23.8038727,61.6016448],[23.8043211,61.6013041],[23.8048338,61.6012031],[23.8055313,61.6007296]],[[23.7903864,61.5985358],[23.7911579,61.5983627],[23.7916834,61.5985778],[23.7914268,61.5988103],[23.790908,61.5989841],[23.7903215,61.5987928],[23.7903864,61.5985358]],[[23.8346585,61.6122497],[23.8353061,61.6125112],[23.8352756,61.6127087],[23.8356727,61.6126041],[23.8363448,61.6127988],[23.8363143,61.6130457],[23.835966,61.613066],[23.8352817,61.6128249],[23.8350495,61.6128568],[23.8347257,61.6126303],[23.8347257,61.6123282],[23.8346585,61.6122497]],[[23.8407802,61.6074091],[23.8410657,61.6073441],[23.8413636,61.6073382],[23.8415809,61.6074061],[23.841885,61.6073028],[23.8422078,61.6073087],[23.8424083,61.6073569],[23.8428782,61.6075271],[23.8432258,61.6077249],[23.8433623,61.6079728],[23.8436851,61.6081824],[23.8437782,61.6086103],[23.8436044,61.6089615],[23.8433002,61.6094869],[23.8433934,61.6097938],[23.8433871,61.6099798],[23.8433499,61.6100801],[23.8431823,61.6101598],[23.843294,61.6103959],[23.8433561,61.6106379],[23.8432816,61.610691],[23.8431078,61.6107176],[23.8428223,61.6107323],[23.8426857,61.610694],[23.8423391,61.6104958],[23.8419161,61.6104372],[23.8410098,61.6103133],[23.8405319,61.6103133],[23.8403519,61.6102867],[23.8399546,61.6099503],[23.839756,61.6096138],[23.8399919,61.6092626],[23.8400725,61.6089822],[23.8403953,61.6086339],[23.8403891,61.6084834],[23.8407802,61.6080732],[23.8407864,61.6079463],[23.8406974,61.6078746],[23.8403395,61.6078429],[23.8403146,61.6077692],[23.8405008,61.6076806],[23.8406126,61.6076009],[23.8407802,61.6074091]],[[23.8307785,61.6082023],[23.8308529,61.608155],[23.8311881,61.608124],[23.8313899,61.6081152],[23.8314892,61.6082377],[23.8314488,61.608338],[23.8312968,61.6084679],[23.8313588,61.6085505],[23.8313464,61.608614],[23.8313339,61.6086733],[23.8312192,61.6087129],[23.8310205,61.6087394],[23.8308902,61.6087099],[23.8307754,61.6086169],[23.8307102,61.6085254],[23.8307257,61.6084694],[23.8308002,61.6083956],[23.8308281,61.6082878],[23.8307785,61.6082023]],[[23.8280214,61.5996806],[23.8281883,61.5996163],[23.8284318,61.5995848],[23.8287312,61.5997038],[23.829085,61.5996594],[23.8293195,61.5997285],[23.8296275,61.5999861],[23.8299108,61.6002725],[23.8298586,61.6003607],[23.8297397,61.6005012],[23.8296618,61.6007379],[23.8293661,61.6008625],[23.8289206,61.6008825],[23.8287215,61.600816],[23.8286558,61.6007305],[23.8284277,61.6007022],[23.8283381,61.6006772],[23.8283656,61.6006305],[23.8283474,61.600518],[23.8282039,61.6004297],[23.8282005,61.6003414],[23.8281002,61.6002472],[23.8280664,61.6001127],[23.8281861,61.5999962],[23.8282082,61.5999526],[23.8280837,61.5999451],[23.8279326,61.5998613],[23.8279291,61.599792],[23.8280288,61.599739],[23.8280214,61.5996806]],[[23.8250821,61.5983876],[23.8252081,61.5983281],[23.8254145,61.5983651],[23.8254445,61.5984135],[23.8255196,61.5984777],[23.8256547,61.5984932],[23.8257639,61.598648],[23.8257276,61.5988982],[23.8256875,61.5990282],[23.8255843,61.5990953],[23.8253107,61.5991073],[23.8251827,61.5990792],[23.8251181,61.5989928],[23.8251071,61.5987187],[23.8250163,61.5986988],[23.8249801,61.5986481],[23.8249901,61.598572],[23.8249082,61.5985069],[23.8246793,61.5984967],[23.8246657,61.5984546],[23.8247228,61.5984031],[23.8250821,61.5983876]],[[23.8219242,61.594771],[23.8221931,61.5948931],[23.822804,61.5946722],[23.823635,61.594928],[23.8235861,61.5953523],[23.8230973,61.5954337],[23.8228163,61.5951489],[23.8220342,61.5951896],[23.821802,61.5949047],[23.8219242,61.594771]],[[23.8206045,61.5941374],[23.8210688,61.5940793],[23.8213743,61.5944223],[23.8211666,61.5947187],[23.8207145,61.5948989],[23.8204701,61.5947129],[23.8206045,61.5941374]],[[23.8085329,61.6176306],[23.8092069,61.6173882],[23.8096044,61.6174211],[23.8089649,61.6177866],[23.8092328,61.617877],[23.809613,61.6176593],[23.8104166,61.6176265],[23.8103993,61.6178811],[23.8092415,61.6182508],[23.8087662,61.6180084],[23.8085329,61.6176306]],[[23.8543993,61.6255926],[23.8547285,61.6254336],[23.8551068,61.625415],[23.8553492,61.6253789],[23.8554585,61.6254375],[23.8553809,61.6255477],[23.8551354,61.625617],[23.8548633,61.6257368],[23.8545585,61.6258311],[23.8544749,61.6258288],[23.8544579,61.6257319],[23.8543993,61.6255926]],[[23.8539518,61.6253705],[23.8541542,61.6253115],[23.8542354,61.6252157],[23.8543699,61.6251325],[23.8545489,61.6251153],[23.8546945,61.6251961],[23.8548165,61.6252367],[23.8547723,61.6253089],[23.8546704,61.6253648],[23.854523,61.6253741],[23.8543289,61.6254467],[23.8540551,61.6254719],[23.8539674,61.6254528],[23.8539518,61.6253705]],[[23.8541722,61.6249531],[23.854116,61.6248222],[23.8539999,61.6247481],[23.853982,61.6246735],[23.854126,61.6246077],[23.85427,61.6245988],[23.8544227,61.6246598],[23.8544,61.6248027],[23.8542908,61.624955],[23.8541722,61.6249531]],[[23.8433055,61.6139535],[23.8436347,61.6138825],[23.8439551,61.6139576],[23.8442016,61.6141018],[23.8442316,61.6142539],[23.844165,61.6143341],[23.8438673,61.6144835],[23.8436566,61.6145064],[23.8433757,61.6144063],[23.8430729,61.6142352],[23.8429797,61.6141831],[23.8430115,61.6141392],[23.8433055,61.6139535]],[[23.8448373,61.6150948],[23.8450217,61.6150197],[23.8452236,61.615051],[23.8455045,61.6149968],[23.8458758,61.6150545],[23.8461277,61.61522],[23.8464393,61.6154913],[23.8465842,61.6155601],[23.8467992,61.6155643],[23.8469265,61.6155747],[23.8469309,61.6156603],[23.8468651,61.6156916],[23.8459609,61.6156498],[23.8453552,61.6156436],[23.8449032,61.6155518],[23.8447715,61.6153995],[23.844868,61.6152221],[23.8448373,61.6150948]],[[23.8480373,61.616167],[23.8486561,61.615925],[23.849615,61.6158968],[23.8497578,61.6159459],[23.8498588,61.616215],[23.8501527,61.6163789],[23.8501967,61.6164737],[23.8501133,61.6165593],[23.8502977,61.6167492],[23.8502538,61.6171685],[23.8501616,61.6172103],[23.8495384,61.6170767],[23.8491477,61.6170162],[23.8490863,61.6169933],[23.8491082,61.6168264],[23.8489429,61.6167333],[23.8485464,61.6165468],[23.8480987,61.6163131],[23.8480373,61.616167]],[[23.8076,61.5928271],[23.808541,61.5925481],[23.8089687,61.5925887],[23.8091275,61.5927806],[23.8088953,61.5927632],[23.8089442,61.5929201],[23.8083699,61.5928329],[23.8076978,61.592955],[23.8076,61.5928271]],[[23.8034522,61.5896722],[23.8044477,61.5898847],[23.8040903,61.5901701],[23.8045498,61.5903341],[23.8040138,61.5905891],[23.8032735,61.5904737],[23.8030183,61.5902066],[23.8024184,61.5902066],[23.8034522,61.5896722]],[[23.8079678,61.5895725],[23.8087168,61.5893149],[23.8086988,61.589478],[23.8090508,61.5894952],[23.8087439,61.5897185],[23.8085995,61.5895682],[23.8082656,61.5896627],[23.8079678,61.5895725]],[[23.8135525,61.5896852],[23.8137691,61.5891098],[23.8145632,61.5892988],[23.8151228,61.5899085],[23.8137691,61.5901833],[23.8135525,61.5896852]],[[23.8051807,61.5384568],[23.8052049,61.5384141],[23.8053457,61.5384304],[23.8057915,61.5384487],[23.8058909,61.5384718],[23.8059425,61.5385069],[23.8058784,61.5385624],[23.8056998,61.5387514],[23.8056118,61.5388672],[23.8055461,61.5389051],[23.8052419,61.5388589],[23.8052523,61.5388145],[23.8054493,61.538826],[23.8054242,61.5387671],[23.8053604,61.5386907],[23.8054157,61.5386034],[23.805294,61.5385323],[23.8051807,61.5384568]],[[23.92841,61.8268661],[23.9287198,61.8266954],[23.9290887,61.826678],[23.9290075,61.8270959],[23.9282551,61.8271482],[23.92841,61.8268661]],[[23.887934,61.8304921],[23.8885391,61.8303025],[23.8885756,61.8305142],[23.8881687,61.8306275],[23.887934,61.8304921]],[[23.9058316,61.8476065],[23.9057189,61.847528],[23.9060676,61.8474901],[23.9062232,61.8474065],[23.9062071,61.8473218],[23.9063707,61.8472547],[23.9065987,61.8473104],[23.9066684,61.8473914],[23.9068374,61.8474407],[23.9069098,61.8475559],[23.9074597,61.8476267],[23.9074087,61.8477419],[23.9071271,61.8478457],[23.9068454,61.8477887],[23.9067569,61.8477166],[23.9067811,61.8475445],[23.9066899,61.8475179],[23.9066282,61.847628],[23.9066255,61.8478735],[23.9064565,61.8478697],[23.9062259,61.8476305],[23.9058316,61.8476065]],[[23.9049221,61.8482455],[23.9051296,61.8481673],[23.9053478,61.8482486],[23.9058324,61.848229],[23.9059174,61.8480809],[23.9064509,61.8480711],[23.9066142,61.8481561],[23.9066795,61.8486292],[23.9068969,61.8486557],[23.9070446,61.8487227],[23.9070881,61.8491037],[23.9067734,61.8492395],[23.9064082,61.8488852],[23.9058577,61.8487799],[23.9056468,61.8486968],[23.9051355,61.8487277],[23.9050683,61.8485944],[23.9051996,61.8484549],[23.9049221,61.8482455]],[[23.9050116,61.8490019],[23.9054229,61.8490092],[23.9056357,61.8491127],[23.9059317,61.8491124],[23.9065334,61.8492691],[23.9064128,61.8496997],[23.906244,61.8498646],[23.9060957,61.8498673],[23.9054485,61.8497169],[23.9049373,61.8492346],[23.9050116,61.8490019]],[[23.8562798,61.8658231],[23.8568297,61.865495],[23.856942,61.8656908],[23.8565548,61.8659819],[23.8562798,61.8658231]],[[23.7142997,61.5321546],[23.7142699,61.5321322],[23.7141212,61.5318853],[23.7141163,61.5317057],[23.7140295,61.5317246],[23.7139378,61.5317104],[23.71398,61.5316502],[23.7141088,61.5316702],[23.7142476,61.5316076],[23.7143443,61.5316076],[23.7144112,61.5315757],[23.7144757,61.5316372],[23.7145054,61.531708],[23.7144583,61.5318368],[23.7144112,61.5318274],[23.7144038,61.5319053],[23.7144757,61.5319065],[23.7144558,61.5320022],[23.7144335,61.5320778],[23.7143914,61.532079],[23.7143691,61.5321463],[23.7142997,61.5321546]],[[23.714218,61.531427],[23.7143072,61.5314194],[23.7143568,61.5313957],[23.7143927,61.5313662],[23.7143481,61.531355],[23.714389,61.5313455],[23.7143642,61.5313207],[23.7142639,61.5313142],[23.7141734,61.5312989],[23.7141412,61.5313059],[23.7141548,61.5313213],[23.7141536,61.5313662],[23.7141784,61.5313839],[23.7141846,61.5314152],[23.714218,61.531427]],[[23.6260156,61.633661],[23.6262333,61.6335009],[23.6265517,61.6335476],[23.6264604,61.6336966],[23.6262216,61.6337144],[23.6260156,61.633661]],[[23.9202799,61.64766],[23.9200078,61.6478217],[23.9199568,61.6480158],[23.920654,61.6481614],[23.9213682,61.6481533],[23.9220824,61.6482261],[23.9223544,61.6482261],[23.9223204,61.6479916],[23.9220483,61.6478136],[23.9220143,61.6477166],[23.9216912,61.6476519],[23.920807,61.6477004],[23.9202799,61.64766]],[[23.7279927,61.5256708],[23.7279662,61.5256903],[23.7279633,61.5256958],[23.7279616,61.5257045],[23.7279548,61.5257159],[23.7279548,61.5257221],[23.7279595,61.5257285],[23.7279699,61.525734],[23.7279833,61.5257368],[23.7279958,61.5257372],[23.7280118,61.5257343],[23.7280343,61.5257244],[23.7280752,61.5256966],[23.7280863,61.5256849],[23.7280913,61.5256739],[23.7280903,61.5256628],[23.7280823,61.5256516],[23.7280722,61.5256441],[23.7280605,61.5256408],[23.7280417,61.5256404],[23.7280353,61.5256428],[23.7280236,61.5256534],[23.7280095,61.5256622],[23.7279927,61.5256708]],[[23.710422,61.5382183],[23.710422,61.5383006],[23.7105879,61.5383458],[23.710825,61.5382861],[23.7108318,61.5381876],[23.710737,61.538144],[23.7105846,61.5381392],[23.710422,61.5382183]],[[23.7109537,61.5380633],[23.7110892,61.5379923],[23.711079,61.5379277],[23.7112619,61.5379826],[23.7114617,61.537931],[23.7116006,61.5379294],[23.7115329,61.5380117],[23.7112382,61.5381004],[23.7110248,61.5380924],[23.7109537,61.5380633]],[[23.7099126,61.5379902],[23.7100961,61.5380728],[23.7101977,61.5379842],[23.7101506,61.5378744],[23.7100663,61.5378744],[23.7100143,61.5379346],[23.7099126,61.5379902]],[[23.9281135,61.6472494],[23.9279907,61.6472941],[23.9279617,61.6473869],[23.9280918,61.6474522],[23.9283376,61.6474694],[23.9284099,61.6474007],[23.9283665,61.6473044],[23.9282653,61.6472735],[23.9281135,61.6472494]],[[23.9280385,61.6454131],[23.928131,61.6454605],[23.9282752,61.6454693],[23.9284324,61.6454561],[23.9285304,61.6454377],[23.9285304,61.6454104],[23.9284416,61.645385],[23.9282937,61.6453569],[23.9281716,61.6453613],[23.9281642,61.645378],[23.9280607,61.6453929],[23.9280385,61.6454131]],[[23.9353053,61.6495045],[23.9353559,61.6495457],[23.935392,61.6496523],[23.9355438,61.6497554],[23.9359413,61.649831],[23.9362305,61.6499032],[23.9365413,61.6499135],[23.936722,61.6499238],[23.9370111,61.6499445],[23.9371556,61.6500132],[23.9375243,61.6500476],[23.9378351,61.6500545],[23.9381603,61.6499995],[23.9384277,61.649972],[23.9384639,61.6498791],[23.938341,61.649752],[23.938088,61.6495973],[23.9377194,61.649446],[23.937517,61.6494357],[23.9373436,61.6494495],[23.9371195,61.6494048],[23.9366569,61.6494048],[23.9363317,61.6494288],[23.9360208,61.6494013],[23.9358257,61.6494013],[23.9354354,61.6494667],[23.935327,61.6494701],[23.9352619,61.6495113],[23.9353053,61.6495045]],[[23.8347805,61.5194281],[23.8347926,61.5194013],[23.8347953,61.5193901],[23.8347939,61.5193814],[23.8347765,61.5193584],[23.8347658,61.5193306],[23.8347597,61.5193229],[23.8347312,61.5193004],[23.8347162,61.5192734],[23.8347101,61.5192427],[23.8347138,61.5192252],[23.8347252,61.5192078],[23.8347343,61.5191989],[23.8347564,61.5191872],[23.8347695,61.5191832],[23.8347849,61.5191811],[23.8348033,61.5191816],[23.8348208,61.519185],[23.8348362,61.5191904],[23.8348459,61.5191971],[23.8348516,61.5192048],[23.8348617,61.5192272],[23.834867,61.5192332],[23.8348774,61.5192384],[23.8348975,61.5192409],[23.8349344,61.5192403],[23.8349589,61.5192423],[23.83498,61.519246],[23.8350273,61.519258],[23.8350544,61.5192727],[23.8350595,61.5192778],[23.8350632,61.519293],[23.8350608,61.5193037],[23.8350514,61.5193212],[23.8350511,61.5193293],[23.8350544,61.5193359],[23.8350853,61.519352],[23.8350954,61.51936],[23.8351017,61.5193888],[23.8351326,61.5194115],[23.8351996,61.5194526],[23.835258,61.5194918],[23.8352992,61.5195231],[23.8353197,61.5195349],[23.8353659,61.5195506],[23.8353917,61.5195556],[23.835444,61.5195619],[23.8355466,61.5195874],[23.8355584,61.5195941],[23.8355765,61.5196098],[23.83561,61.5196248],[23.8357857,61.5196751],[23.8358454,61.5197004],[23.8358605,61.5197047],[23.835892,61.5197092],[23.8359221,61.5197071],[23.8359359,61.5197073],[23.8359473,61.51971],[23.835957,61.5197142],[23.8359698,61.5197402],[23.8359838,61.5197511],[23.8359966,61.5197565],[23.8360234,61.5197632],[23.8360596,61.519766],[23.8360827,61.5197698],[23.8360925,61.5197731],[23.8361015,61.5197789],[23.83612,61.519799],[23.8361304,61.5198062],[23.8361592,61.5198173],[23.8362021,61.5198262],[23.8362712,61.5198368],[23.8363027,61.5198449],[23.8363161,61.5198548],[23.8363235,61.5198734],[23.8363235,61.5198827],[23.8363184,61.5198926],[23.8363097,61.5199014],[23.836294,61.519911],[23.8362661,61.5199225],[23.8362252,61.5199338],[23.8361263,61.5199541],[23.8361096,61.5199596],[23.8360985,61.5199656],[23.8360848,61.5199786],[23.8360757,61.5199831],[23.8360556,61.519985],[23.8360442,61.5199837],[23.8360314,61.5199797],[23.83601,61.5199636],[23.8359677,61.5199489],[23.8358638,61.5199284],[23.8357998,61.5199114],[23.8357766,61.5199036],[23.8356992,61.5198638],[23.8356814,61.5198572],[23.8356177,61.5198405],[23.8355976,61.5198321],[23.8355825,61.519824],[23.8355714,61.5198147],[23.8355346,61.519776],[23.8355248,61.5197693],[23.8355057,61.5197618],[23.8354702,61.5197512],[23.8354122,61.5197442],[23.8353951,61.5197396],[23.8353854,61.5197349],[23.835378,61.5197292],[23.8353669,61.5197015],[23.8353579,61.5196895],[23.8353425,61.5196783],[23.8353277,61.5196726],[23.8352754,61.5196644],[23.8352368,61.5196537],[23.8352187,61.5196508],[23.8351916,61.5196556],[23.8351701,61.5196665],[23.8351564,61.5196705],[23.835141,61.5196727],[23.8351262,61.5196719],[23.8351202,61.5196702],[23.8351161,61.5196662],[23.8351161,61.5196606],[23.8351326,61.5196481],[23.8351285,61.5196427],[23.8351185,61.5196368],[23.8350632,61.5196198],[23.835028,61.5196035],[23.835027,61.5196013],[23.8350394,61.5195874],[23.8350296,61.5195813],[23.8350223,61.5195786],[23.834979,61.5195746],[23.8349676,61.5195715],[23.8349555,61.519565],[23.8349234,61.5195413],[23.8349019,61.5195213],[23.8348851,61.5194998],[23.8348687,61.5194472],[23.8348627,61.5194433],[23.8348529,61.5194412],[23.8348151,61.5194406],[23.8347896,61.5194376],[23.8347829,61.519435],[23.8347805,61.5194281]],[[23.8319045,61.5178402],[23.8319126,61.5178232],[23.8319233,61.5178107],[23.8319468,61.5177976],[23.8319682,61.5177893],[23.8321231,61.5177609],[23.8321687,61.5177541],[23.8322197,61.5177493],[23.8322532,61.5177477],[23.8322888,61.5177497],[23.8323149,61.5177535],[23.8323719,61.5177724],[23.8324269,61.517796],[23.8324517,61.5178181],[23.8324624,61.5178239],[23.8324735,61.5178274],[23.8324963,61.5178293],[23.8325194,61.5178291],[23.8325446,61.517825],[23.8325513,61.517821],[23.8325516,61.5178184],[23.8325405,61.5178085],[23.8325405,61.5178039],[23.8325483,61.5178011],[23.8325751,61.5178002],[23.8325929,61.5178026],[23.8326214,61.5178112],[23.8326391,61.5178192],[23.832672,61.5178403],[23.8326921,61.5178446],[23.8327062,61.517844],[23.8327122,61.5178416],[23.8327142,61.5178368],[23.8327058,61.5178061],[23.8327099,61.5177823],[23.8327156,61.5177716],[23.8327239,61.5177653],[23.832736,61.517762],[23.8327501,61.5177618],[23.8327632,61.517766],[23.8327726,61.5177714],[23.8327974,61.5178027],[23.8328118,61.5178239],[23.8328218,61.5178577],[23.8328513,61.5179092],[23.8328661,61.5179259],[23.8328815,61.5179383],[23.8328936,61.5179447],[23.8329452,61.517961],[23.8329533,61.5179658],[23.8329593,61.5179738],[23.83296,61.5179802],[23.832956,61.517985],[23.8328869,61.5179959],[23.8328627,61.5180013],[23.8328265,61.5180135],[23.8327716,61.5180208],[23.8327528,61.5180199],[23.8327333,61.5180167],[23.8327146,61.5180096],[23.8327018,61.5180007],[23.8326884,61.5179949],[23.8326723,61.5179911],[23.8326535,61.5179908],[23.8326227,61.5179956],[23.8326019,61.5179953],[23.8325778,61.5179921],[23.8325315,61.5179783],[23.8325154,61.5179754],[23.8324809,61.5179735],[23.8324554,61.5179757],[23.8324383,61.5179751],[23.8324262,61.5179719],[23.8324229,61.5179671],[23.8324242,61.5179622],[23.8324423,61.5179524],[23.8324467,61.5179482],[23.8324467,61.5179444],[23.8324426,61.5179401],[23.8324339,61.5179361],[23.8324222,61.5179348],[23.8324024,61.517935],[23.8323836,61.5179387],[23.8323702,61.5179441],[23.8323411,61.5179622],[23.8323263,61.5179692],[23.8322992,61.517977],[23.832279,61.517981],[23.8322519,61.5179844],[23.8322033,61.5179861],[23.8321446,61.5179825],[23.8321168,61.5179796],[23.8320675,61.517967],[23.8320135,61.5179457],[23.8319535,61.5179191],[23.8319103,61.517895],[23.8319005,61.5178817],[23.8319045,61.5178402]],[[23.906493,61.5420486],[23.9068867,61.5419288],[23.907219,61.5422136],[23.9074229,61.5422948],[23.9073516,61.542332],[23.9071157,61.5422721],[23.9068727,61.542322],[23.9066926,61.5422968],[23.9064818,61.5421657],[23.906493,61.5420486]],[[23.8061848,61.5377426],[23.8059893,61.5376226],[23.8056593,61.5375551],[23.8051729,61.5375411],[23.8050311,61.5375667],[23.8047989,61.537597],[23.8046767,61.5375492],[23.8047134,61.5374712],[23.8050458,61.5373535],[23.8054051,61.5373593],[23.8057473,61.5374141],[23.8061677,61.5375527],[23.8069475,61.5377962],[23.8071943,61.5378894],[23.8072066,61.5379639],[23.8071259,61.5380059],[23.8068815,61.5380105],[23.8064904,61.5379267],[23.8062875,61.5378311],[23.8061848,61.5377426]],[[23.8048698,61.5389448],[23.8052316,61.5390158],[23.805388,61.5390624],[23.8054222,61.5391859],[23.8053171,61.5392826],[23.8050482,61.5392709],[23.8048869,61.5391929],[23.8048136,61.5390589],[23.804618,61.538982],[23.8045447,61.5389261],[23.8046351,61.5388889],[23.8048698,61.5389448]],[[23.7756017,61.5216856],[23.7755365,61.5216887],[23.7754828,61.5216777],[23.7754496,61.5216564],[23.7754368,61.5216289],[23.7754726,61.5216167],[23.7755749,61.5216228],[23.775626,61.5216375],[23.775649,61.5216643],[23.7756311,61.5216808],[23.7756017,61.5216856]],[[23.7766387,61.5218971],[23.7765407,61.5218726],[23.7764874,61.5218357],[23.7764892,61.5217791],[23.776551,61.5217324],[23.7767126,61.5216997],[23.7769446,61.5216833],[23.7771663,61.5216915],[23.7772539,61.5217365],[23.7772419,61.5218086],[23.7771061,61.5218685],[23.776814,61.5218955],[23.7766387,61.5218971]],[[23.6912427,61.5779397],[23.6909923,61.5779252],[23.6909544,61.5778819],[23.691182,61.5778458],[23.691493,61.5778566],[23.6915992,61.5778891],[23.6914399,61.5779397],[23.6912427,61.5779397]],[[23.6929254,61.5969012],[23.692825,61.5968034],[23.6928202,61.5966966],[23.6928872,61.5965897],[23.6930974,61.5965579],[23.6932551,61.5965829],[23.693604,61.5965806],[23.6937952,61.5966329],[23.6937426,61.5966716],[23.6938717,61.5967489],[23.6937761,61.5967852],[23.693757,61.5968603],[23.6936184,61.5968693],[23.693518,61.5969307],[23.693236,61.5969398],[23.6931596,61.5968989],[23.6929254,61.5969012]],[[23.844645,61.8140583],[23.8449776,61.8137087],[23.8455731,61.8137239],[23.8459915,61.8137163],[23.8462383,61.8136478],[23.8463187,61.8137897],[23.8458574,61.8139722],[23.8453585,61.8140634],[23.8449508,61.8141749],[23.844645,61.8140583]],[[23.8438725,61.813848],[23.8441408,61.8136757],[23.8445646,61.8136124],[23.8447845,61.8136884],[23.8445216,61.8140127],[23.8440818,61.8141217],[23.8438725,61.813848]],[[23.8460934,61.8140938],[23.8464528,61.8138049],[23.846721,61.8139443],[23.8470751,61.8139595],[23.8470697,61.8140685],[23.8468605,61.814109],[23.846764,61.8141723],[23.8460934,61.8140938]],[[23.8073891,61.7930447],[23.8074803,61.7929116],[23.8078156,61.7928089],[23.8077217,61.7929661],[23.8073891,61.7930447]],[[23.8074079,61.7911328],[23.8072067,61.7909376],[23.8074669,61.7909173],[23.8075286,61.7908666],[23.8077244,61.7909084],[23.8074079,61.7911328]],[[23.7883036,61.7842638],[23.7881386,61.7842904],[23.7880729,61.7842603],[23.7881667,61.7842186],[23.7882736,61.7841237],[23.7883522,61.7841601],[23.7884386,61.7841725],[23.7883036,61.7842638]],[[23.7168601,61.5559772],[23.7169992,61.5559347],[23.7171413,61.5558829],[23.7174671,61.5558209],[23.717658,61.5558261],[23.7178028,61.5557371],[23.7178401,61.5556614],[23.7177443,61.555656],[23.7176094,61.5556735],[23.7175175,61.555655],[23.7175175,61.5556205],[23.7174432,61.5556214],[23.7172935,61.5556625],[23.7171863,61.5556681],[23.7171686,61.5556817],[23.7171486,61.5557342],[23.7171091,61.5557649],[23.7170665,61.5558356],[23.7169903,61.5558557],[23.7168571,61.5559349],[23.7168623,61.5559526],[23.7168601,61.5559772]],[[23.7218706,61.5522922],[23.7216118,61.5522687],[23.7215686,61.5522159],[23.7218213,61.5521572],[23.7219568,61.5522188],[23.7219507,61.5522629],[23.7218706,61.5522922]],[[23.6998346,61.5578526],[23.699753,61.5578357],[23.699696,61.55781],[23.6997175,61.5577704],[23.6997976,61.5577425],[23.6999856,61.5577895],[23.6999209,61.5578291],[23.6998346,61.5578526]],[[23.6842638,61.5595272],[23.6844363,61.5595845],[23.6845965,61.5595845],[23.6846735,61.5596065],[23.6847567,61.5595668],[23.6848522,61.5595712],[23.6849046,61.5595316],[23.6849139,61.5594729],[23.6848615,61.5594597],[23.6847752,61.5594803],[23.6846982,61.5594597],[23.6843839,61.5594803],[23.6843161,61.5594157],[23.6841682,61.5594084],[23.6840666,61.5593482],[23.6839772,61.5593541],[23.6838386,61.5593996],[23.6838786,61.5594597],[23.6839711,61.5594803],[23.6840419,61.5595463],[23.6842638,61.5595272]],[[23.6843223,61.559919],[23.6843685,61.5598838],[23.6844794,61.5598486],[23.6844579,61.5598192],[23.6844178,61.5598163],[23.6843223,61.5598192],[23.684236,61.5598134],[23.6841867,61.5598544],[23.6842422,61.5598985],[23.6843223,61.559919]],[[23.6961421,61.5770349],[23.6960607,61.5770197],[23.6960536,61.5769877],[23.6961527,61.5769742],[23.6962341,61.5769843],[23.6962377,61.577018],[23.6961421,61.5770349]],[[23.6962452,61.5769662],[23.6961674,61.5769483],[23.6961621,61.5769189],[23.6962157,61.576901],[23.6962693,61.5769176],[23.6962801,61.576947],[23.6962452,61.5769662]],[[23.6917406,61.5848273],[23.6918963,61.58476],[23.6919671,61.5846791],[23.6920591,61.5846892],[23.6920803,61.5846084],[23.6921724,61.5845343],[23.6920379,61.5844905],[23.6919883,61.5844434],[23.6920449,61.5843726],[23.6919175,61.5842413],[23.6918751,61.5841368],[23.6919458,61.5840189],[23.6921228,61.5839886],[23.6924767,61.5840021],[23.6926466,61.583992],[23.6928377,61.5839617],[23.6929935,61.5839179],[23.6929722,61.583864],[23.6930784,61.5838202],[23.6929793,61.583773],[23.6928802,61.5837158],[23.692505,61.5837831],[23.6920733,61.5838269],[23.69196,61.5838067],[23.6918963,61.583709],[23.6919529,61.5836484],[23.6922785,61.5835608],[23.6923706,61.5835069],[23.6923635,61.5834598],[23.692498,61.5834126],[23.6924201,61.583352],[23.6919883,61.5833048],[23.6917689,61.583352],[23.6916486,61.583325],[23.6914928,61.5834059],[23.6914362,61.5833823],[23.6912805,61.5834227],[23.6912239,61.5833789],[23.6913442,61.5833217],[23.6913088,61.583261],[23.691422,61.5832105],[23.6913442,61.5830758],[23.691422,61.5830354],[23.6911743,61.5829511],[23.6909549,61.5830084],[23.6908133,61.5829781],[23.6905302,61.5830926],[23.6906222,61.5832914],[23.6905514,61.5833385],[23.6900772,61.5833688],[23.6899639,61.5834227],[23.6899922,61.5836013],[23.6902258,61.5836619],[23.6905939,61.583736],[23.6907567,61.5837562],[23.6907779,61.5839785],[23.6905514,61.5840459],[23.6902116,61.5841166],[23.6901754,61.5841769],[23.6902046,61.5842682],[23.6903957,61.5843019],[23.6906363,61.5843794],[23.6910964,61.5844939],[23.6914504,61.5845006],[23.6915707,61.5844602],[23.691783,61.5844905],[23.6917689,61.584568],[23.6916415,61.5846387],[23.6915141,61.5846455],[23.6914645,61.5847196],[23.6915636,61.5848206],[23.6917406,61.5848273]],[[23.692424,61.5843998],[23.6923346,61.5843747],[23.6923631,61.5843147],[23.6924362,61.5842857],[23.6925501,61.5843553],[23.6925013,61.5843979],[23.692424,61.5843998]],[[23.6926273,61.5842722],[23.6924647,61.5842567],[23.6924444,61.5842219],[23.6925216,61.5842025],[23.6925989,61.5842083],[23.6926639,61.5842451],[23.6926273,61.5842722]],[[23.6920012,61.5848835],[23.6919402,61.5848564],[23.6920216,61.5848061],[23.6921069,61.5848429],[23.6920988,61.5848854],[23.6920012,61.5848835]],[[23.6768095,61.5360932],[23.6767701,61.5360958],[23.6767313,61.5360919],[23.6767005,61.5360832],[23.676677,61.5360703],[23.6766629,61.5360546],[23.6766598,61.5360376],[23.6766678,61.5360209],[23.6766862,61.5360063],[23.6767133,61.535995],[23.6767463,61.5359884],[23.676782,61.5359869],[23.6768169,61.5359907],[23.6768505,61.5360008],[23.676875,61.5360157],[23.6768873,61.5360337],[23.6768859,61.5360526],[23.676871,61.5360702],[23.6768445,61.5360842],[23.6768095,61.5360932]],[[23.775841,61.8054016],[23.7757444,61.8052293],[23.7757927,61.8050569],[23.7759429,61.8050316],[23.7760341,61.8052242],[23.7759912,61.805389],[23.775841,61.8054016]],[[23.7081285,61.5434808],[23.7079434,61.5434736],[23.7078463,61.5433796],[23.7077189,61.5432885],[23.7077462,61.5432365],[23.7078311,61.543196],[23.7079131,61.5432003],[23.7079889,61.543248],[23.7079768,61.5433088],[23.7081134,61.5433145],[23.7081376,61.5433594],[23.7080739,61.5434013],[23.7081285,61.5434808]],[[23.7083804,61.5434808],[23.7082985,61.5434302],[23.7082165,61.5433839],[23.7082226,61.5433565],[23.7083774,61.5433536],[23.7085139,61.543355],[23.7085534,61.5433015],[23.7087172,61.543261],[23.7087749,61.5432104],[23.7088629,61.5432032],[23.7089509,61.5432379],[23.7089357,61.5433391],[23.7088508,61.5434273],[23.7087688,61.5434288],[23.7087112,61.5434042],[23.7085777,61.5434389],[23.7084957,61.5434447],[23.7083804,61.5434808]],[[23.7090937,61.5434295],[23.7089993,61.5434222],[23.7089713,61.5433991],[23.7089866,61.5433723],[23.7090478,61.5433577],[23.7091141,61.543365],[23.7091371,61.5433991],[23.7090937,61.5434295]],[[23.7083588,61.5432848],[23.7084379,61.5432714],[23.7085017,61.5431887],[23.7084456,61.5431522],[23.7081649,61.5431158],[23.7080832,61.5431401],[23.7080705,61.5432009],[23.7081623,61.5432228],[23.7082491,61.5432106],[23.7083027,61.5432459],[23.7083027,61.543275],[23.7083588,61.5432848]],[[23.7087958,61.5430362],[23.7088504,61.5430159],[23.7088534,61.5429566],[23.7086835,61.5428829],[23.7085287,61.5428829],[23.7084802,61.5429277],[23.7085075,61.5429537],[23.7086046,61.5429682],[23.7087958,61.5430362]],[[23.7051991,61.5440401],[23.7055167,61.5439782],[23.7056567,61.5439146],[23.7059378,61.543787],[23.7060869,61.543679],[23.7062312,61.5434589],[23.7064983,61.5434038],[23.706629,61.5433627],[23.7068592,61.5432904],[23.7071406,61.5431287],[23.7072345,61.542974],[23.7075159,61.5428226],[23.7077541,61.5427435],[23.7078624,61.5426782],[23.707718,61.5426129],[23.7077108,61.5425097],[23.7074654,61.5425853],[23.707285,61.5426472],[23.707054,61.5426576],[23.7068736,61.5427195],[23.7066715,61.5427573],[23.70639,61.5427367],[23.7062745,61.542747],[23.7061663,61.5426713],[23.7060508,61.5426851],[23.7059786,61.5427779],[23.7053218,61.542888],[23.7052713,61.5431253],[23.7052352,61.5433144],[23.7050548,61.5434245],[23.7048383,61.5434348],[23.7046867,61.5435001],[23.7045857,61.543648],[23.704463,61.5437753],[23.7044918,61.5439369],[23.7044196,61.5439816],[23.7045568,61.5440263],[23.7046578,61.5440779],[23.7049249,61.5440366],[23.7051991,61.5440401]],[[23.8015887,61.568361],[23.8017399,61.5683667],[23.8018653,61.5683437],[23.8019212,61.5683394],[23.8022462,61.5682487],[23.8022674,61.5682257],[23.8022538,61.5682019],[23.8023051,61.5681767],[23.8023626,61.5681782],[23.8023762,61.5681659],[23.8023369,61.5681429],[23.8022674,61.5681364],[23.8021812,61.5681228],[23.8021132,61.5681206],[23.8020648,61.5681465],[23.8020663,61.5681796],[23.8020225,61.5681955],[23.8016552,61.5682206],[23.8016537,61.5682588],[23.8015494,61.5683128],[23.8015404,61.5683372],[23.8015887,61.568361]],[[23.8660651,61.8443375],[23.8664997,61.8440717],[23.8668162,61.8441375],[23.8669878,61.8443552],[23.8667947,61.8445678],[23.8661939,61.8445122],[23.8659686,61.8445906],[23.8660651,61.8443375]],[[23.8809782,61.8495338],[23.8815951,61.8493617],[23.8817131,61.8494073],[23.8814449,61.8496452],[23.8811284,61.8497135],[23.880887,61.84963],[23.8809782,61.8495338]],[[23.8971171,61.8434338],[23.8973826,61.8432908],[23.8975087,61.8430769],[23.8976964,61.8432326],[23.8974845,61.8434553],[23.8971868,61.8434553],[23.8971868,61.8436034],[23.8973129,61.8436654],[23.8973102,61.8437768],[23.8971198,61.843854],[23.8969991,61.8438287],[23.8971171,61.8434338]],[[23.9015776,61.8430225],[23.9017305,61.8428453],[23.9018934,61.8429636],[23.9018981,61.8430443],[23.9016728,61.8430544],[23.9015776,61.8430225]],[[23.9057055,61.8419314],[23.9055419,61.8417947],[23.9056706,61.8416947],[23.9058477,61.8418757],[23.9059764,61.841896],[23.9059657,61.8419554],[23.9057779,61.8420504],[23.9056545,61.8420073],[23.9057055,61.8419314]],[[23.9057162,61.8464979],[23.9061722,61.8466017],[23.9062634,61.8467953],[23.9061266,61.8469421],[23.9060891,61.8468269],[23.9059871,61.8467877],[23.9059979,61.8466422],[23.9056733,61.8465536],[23.9057162,61.8464979]],[[23.9099058,61.8512294],[23.9100024,61.8509751],[23.910225,61.8509916],[23.9102465,61.851127],[23.9100292,61.8512396],[23.9099058,61.8512294]],[[23.702709,61.508749],[23.7025616,61.5087485],[23.702515,61.5087458],[23.7023703,61.5087275],[23.7021367,61.5087054],[23.702033,61.5087029],[23.7018211,61.5087099],[23.7017269,61.508718],[23.7011288,61.5087893],[23.7009603,61.5088145],[23.7004601,61.5089002],[23.6998647,61.5089961],[23.6991716,61.5091175],[23.6991091,61.5091237],[23.6990594,61.5091236],[23.6989964,61.5091226],[23.6989712,61.5091254],[23.6989051,61.5091376],[23.6988297,61.5091438],[23.6984714,61.5091677],[23.6984229,61.5091679],[23.6983439,61.5091637],[23.6981359,61.5091572],[23.698047,61.5091581],[23.6979544,61.5091664],[23.6978595,61.5091787],[23.6969459,61.5093101],[23.6963543,61.5094234],[23.6959876,61.5094852],[23.6956506,61.5095487],[23.6949794,61.5096626],[23.6948686,61.5096767],[23.6947923,61.5096917],[23.6946012,61.5097401],[23.693954,61.509871],[23.6933671,61.5099933],[23.6933615,61.5099982],[23.6933603,61.5100073],[23.693354,61.5100183],[23.6933382,61.5100246],[23.6933159,61.5100269],[23.6932966,61.5100247],[23.6932856,61.5100188],[23.6932761,61.5100158],[23.6932636,61.5100166],[23.6931362,61.5100381],[23.6928023,61.5101178],[23.6917496,61.510395],[23.6914773,61.5104531],[23.6912897,61.5104891],[23.6912049,61.5105028],[23.6911507,61.5105203],[23.6909991,61.5105833],[23.6909036,61.5106079],[23.6907193,61.5106473],[23.6902546,61.5107669],[23.690246,61.5107728],[23.6902429,61.5107847],[23.6902318,61.5107922],[23.689895,61.5109001],[23.6896267,61.5110068],[23.6895041,61.5110662],[23.6894243,61.5111262],[23.6893634,61.511196],[23.6893283,61.5112738],[23.6892586,61.511442],[23.6892465,61.5115243],[23.6892251,61.5115766],[23.6891902,61.5116256],[23.6891737,61.5116567],[23.6891121,61.511776],[23.6890665,61.51185],[23.6890507,61.5118986],[23.6890441,61.5119271],[23.6890348,61.5119467],[23.6889056,61.5121177],[23.6888968,61.5121387],[23.6889014,61.5121591],[23.6889831,61.5122714],[23.6890091,61.5122866],[23.6890382,61.5122933],[23.6890813,61.5122961],[23.6893255,61.5122962],[23.689378,61.5122931],[23.6898906,61.5122246],[23.6902288,61.5121634],[23.6904847,61.5121298],[23.6907085,61.5121047],[23.6909417,61.5120764],[23.6913778,61.5120117],[23.6917883,61.5119449],[23.6923276,61.5118427],[23.6923866,61.5118363],[23.692545,61.5118253],[23.6926084,61.51182],[23.6927092,61.5118001],[23.6929218,61.5117489],[23.6930746,61.5117161],[23.6931107,61.5117131],[23.693161,61.5117149],[23.693192,61.5117125],[23.6933819,61.5116845],[23.6936024,61.5116484],[23.6945781,61.5114905],[23.6947237,61.5114629],[23.6948976,61.511417],[23.6949357,61.5114097],[23.6949798,61.5114054],[23.6951486,61.5113926],[23.6952361,61.5113829],[23.6963543,61.5111931],[23.6970374,61.5110745],[23.6973481,61.5110367],[23.6976241,61.5110074],[23.6980078,61.5109447],[23.6982796,61.5108938],[23.698603,61.510829],[23.698656,61.5108241],[23.6987974,61.5108204],[23.6989138,61.51081],[23.6989804,61.5107938],[23.6990205,61.5107742],[23.699192,61.510735],[23.6992551,61.5107249],[23.6994182,61.5107116],[23.699476,61.5107031],[23.6995696,61.5106771],[23.7000491,61.5106089],[23.7002419,61.5105929],[23.7004318,61.5105818],[23.7012901,61.5104795],[23.701442,61.5104501],[23.7016041,61.5104132],[23.7018398,61.5103547],[23.7020322,61.5102838],[23.7021659,61.5102606],[23.7022355,61.5102547],[23.7024254,61.5102398],[23.7024684,61.5102327],[23.7028205,61.5100976],[23.702875,61.5100838],[23.7029498,61.5100726],[23.7029874,61.5100584],[23.7030148,61.5100335],[23.7030927,61.5098063],[23.7031725,61.509674],[23.7032238,61.5096215],[23.703315,61.509565],[23.7033763,61.5094757],[23.7033952,61.5093821],[23.7033799,61.5093162],[23.7032208,61.5091479],[23.7031848,61.5090872],[23.7030582,61.508904],[23.7029956,61.5088376],[23.7028559,61.5087777],[23.7027899,61.5087599],[23.702709,61.508749]],[[23.8277147,61.5914402],[23.827878,61.5914402],[23.8280582,61.5914233],[23.8281275,61.5914123],[23.8281722,61.5913874],[23.8281614,61.5913552],[23.8281044,61.5913105],[23.8280536,61.591279],[23.8279765,61.5912797],[23.8279118,61.5913017],[23.8278471,61.5913369],[23.8276993,61.591383],[23.8276838,61.5914182],[23.8277147,61.5914402]],[[23.7840922,61.5158561],[23.784146,61.5158415],[23.78422,61.5158477],[23.7843144,61.5158519],[23.7844219,61.5158498],[23.7845643,61.5158554],[23.7845904,61.5158658],[23.7845759,61.5158761],[23.7845308,61.5158942],[23.7844931,61.5158976],[23.7844321,61.5158976],[23.7844335,61.5159066],[23.784525,61.5159115],[23.7845672,61.5159246],[23.7845715,61.5159413],[23.7845526,61.5159461],[23.7844989,61.5159371],[23.7844452,61.5159371],[23.7844132,61.515944],[23.7844423,61.5159544],[23.7845033,61.5159572],[23.7845033,61.5159752],[23.7844495,61.5159939],[23.7843725,61.5159981],[23.7843072,61.5159904],[23.7842491,61.5159704],[23.7841808,61.5159683],[23.7841852,61.5159392],[23.7842171,61.5159253],[23.7842404,61.5159184],[23.7842302,61.5159108],[23.7841924,61.5159108],[23.7841416,61.5158997],[23.7840806,61.5158872],[23.7840632,61.515872],[23.7840922,61.5158561]],[[23.8005817,61.848486],[23.8008714,61.8483645],[23.8011396,61.8484151],[23.8010913,61.8485214],[23.8008016,61.8485847],[23.8005817,61.848486]],[[23.8010216,61.8650669],[23.8009196,61.8649505],[23.8010806,61.8647962],[23.8013917,61.8647305],[23.8015205,61.8647633],[23.8013756,61.8649708],[23.8010216,61.8650669]],[[23.7658417,61.8790043],[23.7658364,61.8786958],[23.7661153,61.8786958],[23.7661368,61.8788273],[23.7659544,61.8789259],[23.7659705,61.8790144],[23.7658417,61.8790043]],[[23.7654984,61.8792445],[23.765434,61.8791408],[23.7655413,61.8790624],[23.7658256,61.8791585],[23.7657934,61.8792192],[23.7654984,61.8792445]],[[23.7597102,61.881367],[23.7597397,61.8812469],[23.759965,61.8812002],[23.7601018,61.8811319],[23.7601715,61.8811559],[23.7600481,61.8812166],[23.7599999,61.8813215],[23.7598684,61.8813645],[23.7597102,61.881367]],[[23.7530583,61.8802862],[23.7532058,61.8803785],[23.7533185,61.880357],[23.7534499,61.8804568],[23.7532756,61.8805213],[23.7531549,61.8804594],[23.7531978,61.8804202],[23.753128,61.8803886],[23.7529483,61.8804202],[23.7528652,61.8803292],[23.7530583,61.8802862]],[[23.7401462,61.8868111],[23.7401032,61.8867328],[23.7401515,61.8866177],[23.7403473,61.8865849],[23.7404144,61.8866658],[23.7402749,61.8868212],[23.7401462,61.8868111]],[[23.7680197,61.8709565],[23.7681752,61.8708111],[23.7688673,61.8707681],[23.7690362,61.8709122],[23.768988,61.8711715],[23.7684703,61.8714395],[23.768068,61.8714142],[23.7678856,61.871179],[23.7680197,61.8709565]],[[23.6612586,61.5999202],[23.6612919,61.5999408],[23.6613319,61.5999511],[23.6613752,61.5999463],[23.6613935,61.5999305],[23.6614185,61.5998917],[23.6614485,61.5998687],[23.6614935,61.5998473],[23.6614868,61.5998275],[23.6614552,61.5998108],[23.6614052,61.5998037],[23.6613652,61.5998029],[23.6613219,61.5998203],[23.6613169,61.5998592],[23.6612602,61.5998733],[23.6612586,61.5999202]],[[23.7064174,61.5385621],[23.7064978,61.53858],[23.7065327,61.5386043],[23.70653,61.5386388],[23.7064844,61.5386631],[23.7064791,61.538736],[23.7064308,61.5387526],[23.7062699,61.538773],[23.7061518,61.538773],[23.7060794,61.5387615],[23.7060446,61.5387372],[23.7060285,61.5386925],[23.7059909,61.5386759],[23.7058085,61.538672],[23.7057441,61.5386414],[23.7057281,61.5385992],[23.7058514,61.5385698],[23.7059641,61.5385366],[23.7060392,61.5385366],[23.7061197,61.538557],[23.7062001,61.5385698],[23.7064174,61.5385621]],[[23.6928208,61.6352554],[23.6929269,61.6352554],[23.6929977,61.63521],[23.6932313,61.6351612],[23.6932419,61.6350805],[23.693656,61.6349998],[23.6939144,61.6349258],[23.6943072,61.6348502],[23.6944665,61.6348602],[23.6946328,61.6348081],[23.6945797,61.6346484],[23.6945868,61.6345424],[23.6945196,61.6345021],[23.6944311,61.6345357],[23.6942789,61.6345525],[23.6941904,61.6345139],[23.6941975,61.6344617],[23.6942152,61.6344214],[23.6941338,61.6344079],[23.694063,61.6344348],[23.6939604,61.6344197],[23.6937516,61.6344281],[23.6936702,61.6344617],[23.6935781,61.6345694],[23.6933162,61.6346467],[23.693295,61.6347022],[23.6931995,61.6347274],[23.6931358,61.6348148],[23.6928703,61.6348821],[23.6927677,61.634951],[23.6927712,61.6349981],[23.6928809,61.6350334],[23.6928774,61.6350637],[23.6929163,61.6350956],[23.6927783,61.6351545],[23.6927429,61.6352217],[23.6928208,61.6352554]],[[23.7045245,61.6361604],[23.7045996,61.6361068],[23.7047659,61.63614],[23.7049322,61.636168],[23.7051093,61.6361655],[23.7052326,61.6362241],[23.7055438,61.6362547],[23.7057101,61.6362317],[23.7059568,61.636275],[23.7062733,61.6362878],[23.7063699,61.6362674],[23.7064235,61.6362317],[23.7065416,61.6362394],[23.7066542,61.6361909],[23.7067991,61.6361502],[23.7067937,61.6360635],[23.7068205,61.6359947],[23.7065898,61.6359132],[23.7064933,61.6358622],[23.7060534,61.6358342],[23.7057798,61.6358316],[23.7055867,61.6357501],[23.7055438,61.6356812],[23.7055062,61.6356226],[23.7053668,61.6356099],[23.7052219,61.6356099],[23.7049591,61.6355819],[23.7047498,61.6355207],[23.7046533,61.6355666],[23.7042778,61.635587],[23.704031,61.6356201],[23.7038272,61.6356609],[23.703736,61.6357118],[23.7038057,61.6357526],[23.703913,61.6358647],[23.7041115,61.6359055],[23.7041115,61.6360355],[23.7041651,61.6360737],[23.7043046,61.6360712],[23.7043743,61.6361272],[23.7045245,61.6361604]],[[23.9224354,61.5480672],[23.9224771,61.5480821],[23.9225763,61.5481136],[23.9226703,61.5481153],[23.9227382,61.5480937],[23.9227677,61.5480647],[23.9227904,61.5480316],[23.9227382,61.5480025],[23.922679,61.5479793],[23.9225885,61.5479777],[23.9225189,61.5479876],[23.9224371,61.5480274],[23.9224354,61.5480672]],[[23.6817102,61.6124179],[23.6816727,61.6124179],[23.6816378,61.6124332],[23.6815761,61.6124319],[23.6815493,61.6124415],[23.6815573,61.6124651],[23.6815935,61.612495],[23.6816405,61.6125218],[23.6817344,61.6125416],[23.6817974,61.6125607],[23.6818457,61.6125556],[23.6818618,61.612539],[23.6817357,61.6124893],[23.6817692,61.6124727],[23.6817907,61.6124625],[23.6817706,61.6124434],[23.6817612,61.6124249],[23.6817102,61.6124179]],[[23.6820643,61.6125696],[23.682016,61.612599],[23.6820079,61.6126315],[23.6820348,61.6126512],[23.682075,61.612664],[23.6821367,61.6126704],[23.6821783,61.6126704],[23.6822252,61.6126487],[23.6822037,61.6126385],[23.6821528,61.6126359],[23.6821313,61.6126219],[23.6821219,61.6126028],[23.6820737,61.6125945],[23.6820844,61.6125773],[23.6820643,61.6125696]],[[23.8302708,61.6090393],[23.8303641,61.6089642],[23.8305543,61.6089285],[23.8306444,61.6089761],[23.8305543,61.6090737],[23.8303341,61.6091094],[23.830264,61.609107],[23.8302708,61.6090393]],[[23.7588237,61.5189933],[23.7588358,61.5189837],[23.7588767,61.5189702],[23.7589122,61.5189645],[23.7589719,61.5189654],[23.7590007,61.5189709],[23.7590189,61.5189789],[23.7590256,61.5189869],[23.7590276,61.5189955],[23.7590209,61.519006],[23.7590068,61.5190163],[23.7589686,61.5190291],[23.7589283,61.5190476],[23.7589082,61.5190546],[23.7588827,61.5190572],[23.7588579,61.5190562],[23.7588391,61.5190515],[23.7588231,61.5190406],[23.758817,61.51903],[23.7588157,61.5190192],[23.7588237,61.5189933]],[[23.8794517,61.6451284],[23.8793497,61.645274],[23.8790096,61.6453549],[23.8788226,61.6454601],[23.8789076,61.6455328],[23.8792987,61.6455652],[23.8796728,61.6454439],[23.8798599,61.6453387],[23.8797748,61.6452093],[23.8794517,61.6451284]],[[23.8365355,61.5229695],[23.8365499,61.5229681],[23.8365734,61.5229621],[23.8365939,61.5229592],[23.8366194,61.52296],[23.8366306,61.5229624],[23.8366331,61.5229664],[23.8366319,61.522969],[23.8366254,61.5229717],[23.8366071,61.5229756],[23.8365846,61.5229851],[23.8365297,61.5230004],[23.8365218,61.5230013],[23.8365126,61.5230012],[23.8365064,61.5229999],[23.8365015,61.522997],[23.8365003,61.5229923],[23.8365033,61.5229897],[23.8365069,61.5229882],[23.8365246,61.5229857],[23.8365283,61.5229836],[23.8365278,61.5229812],[23.8365226,61.5229768],[23.8365221,61.522974],[23.8365283,61.5229709],[23.8365355,61.5229695]],[[23.8356216,61.5224258],[23.8356135,61.5224328],[23.835613,61.5224412],[23.8356229,61.5224523],[23.8356385,61.5224596],[23.8356549,61.5224639],[23.8356724,61.5224641],[23.8356781,61.5224625],[23.8356829,61.5224591],[23.8356843,61.522452],[23.8356784,61.5224443],[23.8356687,61.5224378],[23.8356628,61.5224289],[23.8356553,61.5224248],[23.8356437,61.5224237],[23.8356268,61.5224243],[23.8356216,61.5224258]],[[23.8316836,61.5188532],[23.831692,61.5188531],[23.8317097,61.518857],[23.8317436,61.5188701],[23.831761,61.5188737],[23.8317718,61.5188711],[23.8317761,61.5188668],[23.8317748,61.5188641],[23.8317654,61.5188588],[23.8317607,61.5188519],[23.8317627,61.5188438],[23.8317761,61.5188351],[23.8317889,61.5188303],[23.831805,61.5188275],[23.8318499,61.518826],[23.8318717,61.5188276],[23.8318804,61.5188313],[23.8318834,61.5188353],[23.8318824,61.5188386],[23.831867,61.518843],[23.8318221,61.5188484],[23.8318167,61.5188513],[23.831812,61.5188604],[23.8318167,61.5188633],[23.8318241,61.5188644],[23.8318566,61.5188617],[23.831874,61.5188617],[23.8318858,61.5188641],[23.8319086,61.5188756],[23.8319293,61.5188916],[23.8319417,61.5188965],[23.8319786,61.5189044],[23.8319924,61.5189101],[23.8319997,61.5189189],[23.8320028,61.5189291],[23.8320018,61.5189389],[23.8319947,61.5189526],[23.8319837,61.5189646],[23.8319562,61.5189856],[23.8319407,61.5190024],[23.8319136,61.5190243],[23.8318975,61.5190327],[23.8318757,61.5190385],[23.8318291,61.5190447],[23.8317976,61.5190443],[23.8317734,61.5190417],[23.8317533,61.5190377],[23.8317295,61.5190281],[23.8316993,61.5190196],[23.8316588,61.5190172],[23.8316444,61.5190142],[23.8316095,61.5190008],[23.8315961,61.5189976],[23.8315629,61.5189952],[23.8315206,61.518998],[23.8314942,61.5189982],[23.8314807,61.5189961],[23.8314747,61.5189923],[23.8314744,61.5189875],[23.8314814,61.5189824],[23.8315186,61.5189726],[23.8315267,61.5189659],[23.8315367,61.5189515],[23.8315468,61.5189469],[23.8315662,61.5189435],[23.8315894,61.5189426],[23.8316055,61.5189403],[23.8316199,61.5189362],[23.8316313,61.5189255],[23.831633,61.5189],[23.8316363,61.5188852],[23.8316413,61.5188769],[23.831648,61.5188689],[23.8316574,61.5188631],[23.8316648,61.5188591],[23.8316836,61.5188532]],[[23.8323944,61.5194655],[23.832423,61.5194647],[23.8324629,61.5194691],[23.8325112,61.5194707],[23.8325416,61.5194791],[23.8325509,61.5194839],[23.8325602,61.5194941],[23.8325608,61.51951],[23.8325556,61.5195366],[23.8325508,61.5195437],[23.8325434,61.5195483],[23.8325357,61.5195504],[23.8325228,61.5195501],[23.8325137,61.5195464],[23.8324834,61.5195233],[23.8324665,61.5195175],[23.8324509,61.5195168],[23.8324291,61.519522],[23.8323833,61.5195406],[23.8323406,61.5195667],[23.8323263,61.5195673],[23.8323092,61.5195633],[23.8323045,61.5195592],[23.8323059,61.5195488],[23.8323189,61.5195392],[23.8323436,61.5195305],[23.8323486,61.5195273],[23.8323689,61.519506],[23.8323753,61.5194953],[23.8323763,61.5194823],[23.8323756,61.5194726],[23.8323806,61.5194686],[23.8323944,61.5194655]],[[23.8308836,61.5194316],[23.8308964,61.5194305],[23.8309114,61.5194312],[23.8309456,61.519435],[23.8309715,61.5194409],[23.8309991,61.5194543],[23.831022,61.5194645],[23.8310258,61.5194689],[23.8310244,61.5194727],[23.831017,61.5194751],[23.8309765,61.5194812],[23.8309381,61.5194859],[23.8309165,61.519486],[23.8308913,61.5194814],[23.8308518,61.5194777],[23.8308444,61.5194763],[23.830839,61.5194727],[23.8308392,61.5194695],[23.8308471,61.5194647],[23.8308521,61.5194598],[23.8308528,61.5194512],[23.8308451,61.5194455],[23.8308403,61.5194433],[23.8308404,61.5194409],[23.8308514,61.5194372],[23.8308836,61.5194316]],[[23.8309607,61.5194311],[23.8309839,61.5194346],[23.8309998,61.5194384],[23.8310127,61.5194386],[23.8310303,61.5194359],[23.8310429,61.5194302],[23.8310464,61.5194225],[23.8310456,61.5194184],[23.8310414,61.5194154],[23.8310263,61.5194139],[23.8310008,61.5194168],[23.8309865,61.5194211],[23.8309651,61.5194226],[23.8309548,61.5194243],[23.8309533,61.5194276],[23.8309607,61.5194311]],[[23.8311443,61.5194512],[23.8311961,61.5194521],[23.8312486,61.5194533],[23.8312559,61.5194547],[23.8312591,61.5194595],[23.831266,61.5194622],[23.8312734,61.5194634],[23.8312984,61.5194633],[23.8313074,61.5194639],[23.8313198,61.5194688],[23.8313277,61.5194787],[23.831329,61.5194852],[23.8313332,61.5194876],[23.8313537,61.5194898],[23.8313622,61.5194918],[23.8313636,61.5194942],[23.8313579,61.5194962],[23.8313327,61.5195029],[23.8312963,61.5195176],[23.8312881,61.5195189],[23.8312749,61.5195189],[23.831259,61.5195158],[23.8312306,61.5195118],[23.8311934,61.5195099],[23.8311818,61.5195078],[23.831178,61.5195051],[23.8311773,61.5194961],[23.8311721,61.519489],[23.8311602,61.5194852],[23.8311436,61.5194824],[23.8311379,61.5194785],[23.8311371,61.5194682],[23.8311317,61.5194633],[23.8311295,61.5194584],[23.8311338,61.5194536],[23.8311443,61.5194512]],[[23.8243316,61.5192272],[23.8243474,61.5192368],[23.8243829,61.5192481],[23.8244037,61.5192622],[23.8244202,61.5192646],[23.8244336,61.5192686],[23.8244423,61.5192766],[23.8244507,61.5192799],[23.8244842,61.5192862],[23.8245082,61.5192934],[23.8245176,61.5192997],[23.8245254,61.5193097],[23.8245303,61.5193113],[23.8245484,61.5193123],[23.8245719,61.5193076],[23.8246213,61.5192899],[23.8246428,61.5192869],[23.8246666,61.519287],[23.8247129,61.5192951],[23.8247373,61.5192953],[23.8247529,61.5192932],[23.8247816,61.5192975],[23.8247994,61.519298],[23.8248052,61.5192957],[23.8248069,61.519293],[23.8248057,61.5192887],[23.824793,61.5192798],[23.8247933,61.519275],[23.8247957,61.5192719],[23.8248047,61.5192678],[23.8248198,61.5192638],[23.8248533,61.5192583],[23.8248822,61.5192481],[23.8248959,61.5192444],[23.8249579,61.5192345],[23.824973,61.5192304],[23.8249821,61.5192259],[23.8249878,61.5192193],[23.8249834,61.5192072],[23.824973,61.5192027],[23.8249563,61.5191985],[23.8249046,61.5191905],[23.8248818,61.5191893],[23.8248624,61.5191897],[23.8248423,61.5191928],[23.824803,61.5192053],[23.8247802,61.5192182],[23.8247685,61.51922],[23.8247474,61.5192185],[23.8246914,61.5192051],[23.8246706,61.5192033],[23.8246287,61.5192054],[23.8246109,61.5192088],[23.8246029,61.5192123],[23.8246009,61.5192176],[23.8246072,61.5192207],[23.8246606,61.5192222],[23.8246716,61.5192248],[23.8246766,61.519232],[23.824672,61.5192355],[23.8246616,61.5192369],[23.8246203,61.519235],[23.8245771,61.5192352],[23.8245606,61.5192336],[23.8245466,61.5192308],[23.8245174,61.5192216],[23.8244882,61.5192174],[23.8244446,61.5192057],[23.8244269,61.519204],[23.8243863,61.5192041],[23.8243454,61.5192083],[23.8243327,61.5192132],[23.8243286,61.5192224],[23.8243316,61.5192272]],[[23.8249905,61.5191547],[23.8250005,61.5191519],[23.825023,61.5191503],[23.8250361,61.5191477],[23.8250488,61.5191395],[23.8250602,61.5191349],[23.8250763,61.5191325],[23.8251095,61.5191324],[23.8251165,61.5191344],[23.8251242,61.51914],[23.8251236,61.5191459],[23.8251129,61.5191512],[23.8250706,61.5191619],[23.8250283,61.519164],[23.8250019,61.5191672],[23.8249884,61.5191674],[23.8249814,61.5191646],[23.8249807,61.5191614],[23.8249905,61.5191547]],[[23.8356812,61.522063],[23.835689,61.5220513],[23.8356999,61.5220436],[23.8357126,61.5220397],[23.8357223,61.5220393],[23.8357267,61.5220407],[23.8357274,61.5220436],[23.8357111,61.5220513],[23.8357087,61.522058],[23.8357138,61.5220614],[23.8357289,61.5220626],[23.8358356,61.5220616],[23.835898,61.5220562],[23.8359149,61.5220511],[23.8359198,61.5220444],[23.8359253,61.5220414],[23.8359396,61.5220389],[23.8359537,61.5220384],[23.8359682,61.5220425],[23.8359713,61.5220463],[23.8359599,61.5220622],[23.8359607,61.5220651],[23.8359664,61.5220668],[23.8359952,61.5220691],[23.836012,61.5220735],[23.8360175,61.5220765],[23.8360222,61.5220853],[23.8360188,61.5220915],[23.8359892,61.5221066],[23.83598,61.5221091],[23.8359647,61.5221102],[23.8359585,61.522109],[23.8359547,61.5221066],[23.8359457,61.5220941],[23.8359385,61.5220919],[23.8359266,61.5220932],[23.8358745,61.5221141],[23.8358579,61.5221156],[23.835841,61.5221133],[23.8358113,61.5221026],[23.8357909,61.5220993],[23.835762,61.5221008],[23.8357227,61.522107],[23.8357017,61.522108],[23.835632,61.5221096],[23.8356098,61.5221079],[23.8356021,61.5221044],[23.8356001,61.5220985],[23.8356068,61.5220939],[23.8356201,61.5220909],[23.8356598,61.5220914],[23.8357178,61.5220962],[23.83573,61.5220959],[23.8357369,61.5220947],[23.8357366,61.5220914],[23.8357275,61.5220883],[23.8356866,61.5220768],[23.8356802,61.5220704],[23.8356812,61.522063]],[[23.8313667,61.5224818],[23.8313969,61.522487],[23.8314185,61.5224938],[23.8314563,61.5225026],[23.8314836,61.5225057],[23.8315491,61.5225087],[23.8315565,61.5225103],[23.8315579,61.5225151],[23.831553,61.5225182],[23.8315237,61.5225277],[23.8315074,61.5225386],[23.8315062,61.5225478],[23.8315096,61.5225572],[23.8315047,61.5225655],[23.8314923,61.5225684],[23.8314774,61.5225678],[23.8314568,61.5225638],[23.831447,61.5225597],[23.8314224,61.5225414],[23.8313557,61.5225098],[23.8313466,61.5225016],[23.8313454,61.5224925],[23.8313472,61.5224866],[23.8313517,61.522483],[23.8313567,61.5224816],[23.8313667,61.5224818]],[[23.8381036,61.5225954],[23.8381227,61.5225907],[23.8381464,61.5225787],[23.8381836,61.5225522],[23.8381957,61.5225484],[23.8382252,61.5225466],[23.8382392,61.5225487],[23.83825,61.5225527],[23.838259,61.52256],[23.8382647,61.5225758],[23.8382624,61.5225835],[23.8382533,61.5226001],[23.8382446,61.5226296],[23.8382396,61.5226345],[23.8382305,61.5226368],[23.8382225,61.5226374],[23.8382091,61.5226358],[23.8381708,61.522628],[23.8381353,61.5226265],[23.8381212,61.5226281],[23.8380937,61.5226401],[23.8380837,61.5226417],[23.8380605,61.5226412],[23.8380481,61.522639],[23.8380414,61.5226358],[23.8380384,61.5226318],[23.8380434,61.5226045],[23.8380555,61.5225997],[23.8381036,61.5225954]],[[23.8323992,61.5223608],[23.8323925,61.5223713],[23.8323944,61.522377],[23.8324043,61.5223803],[23.832418,61.5223804],[23.8324227,61.5223791],[23.8324291,61.5223723],[23.8324296,61.5223623],[23.8324257,61.5223602],[23.832412,61.522358],[23.8324033,61.5223585],[23.8323992,61.5223608]],[[23.8297545,61.5220072],[23.8297616,61.5220272],[23.8297713,61.5220336],[23.8298018,61.5220437],[23.8298218,61.5220475],[23.8298295,61.5220469],[23.829829,61.522044],[23.8298223,61.522036],[23.8297653,61.5219933],[23.8297594,61.5219915],[23.8297553,61.5219929],[23.8297545,61.5220072]],[[23.8383713,61.520894],[23.8383807,61.520886],[23.8384246,61.5208697],[23.8384575,61.5208649],[23.8385175,61.5208646],[23.8385464,61.5208617],[23.8385698,61.5208633],[23.8385889,61.5208689],[23.8386027,61.520876],[23.8386174,61.5208891],[23.8386449,61.5209313],[23.8386587,61.520943],[23.8386778,61.5209516],[23.8386935,61.5209556],[23.8387126,61.5209577],[23.8387422,61.5209556],[23.8387619,61.5209508],[23.8387988,61.5209364],[23.8388447,61.5209295],[23.8388954,61.5209278],[23.8389198,61.5209311],[23.8389359,61.5209388],[23.8389463,61.5209479],[23.8389483,61.5209564],[23.8389467,61.5209652],[23.8389292,61.5209925],[23.8389306,61.5209973],[23.8389406,61.5210034],[23.8389517,61.5210067],[23.8389913,61.5210123],[23.8390218,61.5210184],[23.8390362,61.5210237],[23.8390395,61.521027],[23.8390385,61.5210309],[23.8390325,61.5210328],[23.8390241,61.5210331],[23.8389879,61.5210293],[23.8389665,61.5210282],[23.838949,61.521029],[23.8389192,61.5210374],[23.8389068,61.5210483],[23.8389044,61.5210552],[23.8389071,61.5210605],[23.8389302,61.5210675],[23.8389339,61.5210715],[23.8389319,61.5210763],[23.8388877,61.5210841],[23.8388686,61.5210902],[23.8388461,61.5210999],[23.838826,61.5211105],[23.8387841,61.5211394],[23.8387455,61.521157],[23.8387016,61.5211652],[23.8386721,61.5211669],[23.8386396,61.5211655],[23.8386181,61.5211621],[23.838597,61.5211537],[23.8385826,61.5211431],[23.8385762,61.5211345],[23.8385702,61.5211057],[23.8385551,61.5210589],[23.838549,61.5210448],[23.8385366,61.5210346],[23.8385185,61.5210261],[23.8384857,61.5210155],[23.8384572,61.5210087],[23.8383592,61.5209947],[23.8383385,61.5209837],[23.8383324,61.5209673],[23.8383328,61.5209442],[23.8383422,61.520933],[23.8383519,61.5209262],[23.8383713,61.520894]],[[23.8257804,61.5191114],[23.8258193,61.5191039],[23.8258347,61.5190994],[23.8258625,61.5190962],[23.8258964,61.519097],[23.8259128,61.5191009],[23.8259152,61.5191042],[23.8259152,61.5191072],[23.8259111,61.5191096],[23.8258662,61.5191144],[23.8258243,61.5191248],[23.8258119,61.5191264],[23.8257874,61.519126],[23.8257787,61.519124],[23.825774,61.519118],[23.825775,61.5191143],[23.8257804,61.5191114]],[[23.8241503,61.5191937],[23.8241571,61.5191926],[23.824168,61.5191929],[23.8241836,61.5191966],[23.8241883,61.5191998],[23.8241893,61.5192028],[23.8241868,61.5192068],[23.8241816,61.5192092],[23.8241727,61.5192103],[23.8241526,61.5192089],[23.8241471,61.5192075],[23.8241427,61.5192053],[23.8241402,61.5192009],[23.8241427,61.5191967],[23.8241503,61.5191937]],[[23.8239374,61.5191625],[23.8239466,61.5191586],[23.8239568,61.5191565],[23.8239647,61.519156],[23.8239732,61.5191567],[23.8239798,61.5191586],[23.8239838,61.5191618],[23.8239858,61.5191667],[23.8239835,61.5191738],[23.8239791,61.5191758],[23.8239712,61.519177],[23.823961,61.5191771],[23.8239446,61.5191748],[23.8239379,61.5191724],[23.8239349,61.519168],[23.8239374,61.5191625]],[[23.8240661,61.5191808],[23.8240745,61.5191794],[23.8240914,61.5191801],[23.8241097,61.5191853],[23.8241166,61.519189],[23.8241213,61.5191933],[23.8241236,61.5191979],[23.8241236,61.5192014],[23.8241209,61.5192048],[23.8241136,61.5192075],[23.8241043,61.5192081],[23.8240839,61.5192042],[23.8240587,61.5191975],[23.8240554,61.5191943],[23.824054,61.5191904],[23.8240564,61.5191868],[23.8240661,61.5191808]],[[23.8306675,61.5195751],[23.8306814,61.5195762],[23.8307113,61.5195889],[23.8307604,61.5195989],[23.8307698,61.5196046],[23.8307693,61.519608],[23.8307638,61.519612],[23.8307525,61.5196142],[23.8307171,61.5196144],[23.8306531,61.5196036],[23.8306459,61.5196013],[23.8306409,61.5195974],[23.8306402,61.5195879],[23.8306514,61.51958],[23.8306675,61.5195751]],[[23.8304701,61.5195461],[23.8304877,61.5195437],[23.8304996,61.5195438],[23.8305128,61.5195451],[23.8305369,61.5195515],[23.830546,61.5195551],[23.8305559,61.5195631],[23.8305571,61.5195737],[23.8305529,61.5195776],[23.8305467,61.5195803],[23.8305376,61.5195811],[23.8305016,61.5195751],[23.830458,61.5195761],[23.8304461,61.5195749],[23.830439,61.5195724],[23.8304348,61.5195687],[23.8304345,61.5195633],[23.8304389,61.519558],[23.8304493,61.5195528],[23.8304701,61.5195461]],[[23.830083,61.5195619],[23.8301019,61.5195631],[23.8301155,61.5195676],[23.8301239,61.5195687],[23.8301338,61.5195687],[23.830144,61.5195668],[23.830166,61.5195582],[23.8301743,61.5195576],[23.8301822,61.5195594],[23.8301847,61.5195628],[23.8301827,61.5195669],[23.8301745,61.5195713],[23.8301311,61.5195831],[23.8301019,61.5195954],[23.8300887,61.519595],[23.8300768,61.5195911],[23.8300686,61.5195805],[23.8300687,61.5195707],[23.8300774,61.5195632],[23.830083,61.5195619]],[[23.830693,61.519724],[23.8306873,61.5197265],[23.8306861,61.5197338],[23.8306924,61.5197396],[23.8307009,61.519743],[23.8307115,61.5197438],[23.8307265,61.5197413],[23.8307301,61.5197341],[23.8307234,61.519727],[23.8307081,61.5197234],[23.830693,61.519724]],[[23.8314631,61.5194739],[23.8314728,61.5194728],[23.8314844,61.5194737],[23.8314875,61.519477],[23.8314816,61.5194825],[23.831472,61.5194849],[23.8314591,61.5194851],[23.831455,61.5194828],[23.8314544,61.5194794],[23.8314631,61.5194739]],[[23.8316489,61.5195564],[23.8316574,61.5195542],[23.8316754,61.519552],[23.8316982,61.5195528],[23.831705,61.5195563],[23.8317074,61.5195598],[23.8317044,61.5195634],[23.831695,61.5195666],[23.8316832,61.5195695],[23.8316571,61.5195721],[23.8316487,61.5195717],[23.8316405,61.5195689],[23.8316383,61.5195648],[23.8316489,61.5195564]],[[23.8323739,61.519575],[23.8323637,61.5195795],[23.8323607,61.5195839],[23.832361,61.5195883],[23.832372,61.5195946],[23.832389,61.5195954],[23.8323996,61.5195941],[23.8324058,61.5195914],[23.83241,61.5195842],[23.8324079,61.5195803],[23.8323992,61.5195757],[23.8323863,61.5195742],[23.8323739,61.519575]],[[23.8324795,61.5195795],[23.8324896,61.5195756],[23.8325077,61.519574],[23.8325151,61.5195758],[23.8325188,61.5195785],[23.8325193,61.5195827],[23.8325146,61.5195862],[23.8325057,61.519589],[23.8324904,61.5195904],[23.8324799,61.5195887],[23.8324768,61.5195837],[23.8324795,61.5195795]],[[23.8329134,61.5193747],[23.8329221,61.5193738],[23.8329338,61.5193745],[23.8329414,61.5193762],[23.8329528,61.5193816],[23.832955,61.5193856],[23.8329506,61.5193907],[23.8329441,61.519392],[23.8329286,61.5193918],[23.8329174,61.5193902],[23.8329092,61.5193876],[23.8329038,61.5193819],[23.8329063,61.5193767],[23.8329134,61.5193747]],[[23.7262322,61.5248999],[23.726259,61.5248892],[23.7263113,61.5248784],[23.7263284,61.5248772],[23.7263438,61.5248781],[23.7263539,61.5248812],[23.7263636,61.524888],[23.7263673,61.5248962],[23.726371,61.5249023],[23.7263794,61.5249083],[23.7263841,61.5249126],[23.7263858,61.5249173],[23.7263837,61.5249226],[23.726377,61.5249261],[23.7262788,61.5249489],[23.7262652,61.5249508],[23.7262527,61.5249494],[23.7262409,61.524943],[23.7262345,61.5249331],[23.7262252,61.5249126],[23.7262242,61.5249069],[23.7262258,61.5249033],[23.7262322,61.5248999]],[[23.7305576,61.5254856],[23.7305673,61.5254806],[23.7305941,61.5254718],[23.7306029,61.5254702],[23.7306149,61.5254718],[23.7306263,61.5254755],[23.7306347,61.5254806],[23.730634,61.5254856],[23.7306273,61.5254896],[23.7306178,61.5254924],[23.7306029,61.5254924],[23.7305797,61.5254983],[23.7305713,61.5254987],[23.7305589,61.525495],[23.7305553,61.5254899],[23.7305576,61.5254856]],[[23.7305309,61.5255015],[23.7305479,61.5255031],[23.7305575,61.5255058],[23.7305599,61.5255092],[23.7305583,61.5255129],[23.7305514,61.5255152],[23.7305346,61.5255147],[23.7305247,61.5255131],[23.7305153,61.525513],[23.7305088,61.5255146],[23.7305042,61.5255185],[23.7304971,61.5255211],[23.7304896,61.5255207],[23.7304843,61.525519],[23.7304836,61.5255159],[23.7304889,61.5255117],[23.730516,61.5255035],[23.7305309,61.5255015]],[[23.7305569,61.5255193],[23.7305512,61.525525],[23.7305418,61.5255286],[23.7305402,61.5255308],[23.7305422,61.5255332],[23.7305496,61.5255341],[23.730562,61.5255332],[23.7305749,61.5255282],[23.7305765,61.5255237],[23.7305713,61.5255182],[23.7305651,61.525517],[23.7305606,61.5255172],[23.7305569,61.5255193]],[[23.8274434,61.6295186],[23.8271539,61.6295257],[23.8269757,61.6294692],[23.8270277,61.6293987],[23.8271576,61.629344],[23.8272727,61.6293405],[23.8274137,61.6293952],[23.8274583,61.6294587],[23.8274434,61.6295186]],[[23.7549473,61.8865626],[23.7549293,61.8864777],[23.7551772,61.8864054],[23.7552673,61.8865371],[23.7550645,61.886569],[23.7549473,61.8865626]],[[23.7471027,61.8866476],[23.747301,61.8865775],[23.7473573,61.8865902],[23.7473573,61.8866348],[23.7472041,61.8866667],[23.7471748,61.8867357],[23.747123,61.8867463],[23.7470283,61.8867272],[23.7471027,61.8866476]],[[23.749683,61.8835296],[23.7497957,61.8834234],[23.7499286,61.8833693],[23.7500391,61.8833703],[23.7500841,61.8834255],[23.7500008,61.8835105],[23.749861,61.8835742],[23.7497393,61.8835753],[23.749683,61.8835296]],[[23.7470441,61.8840707],[23.7470058,61.8839842],[23.7470678,61.883964],[23.7471906,61.8840049],[23.7473325,61.8841052],[23.7472379,61.8841583],[23.7471883,61.8841387],[23.7471838,61.8841095],[23.7470441,61.8840707]],[[23.7599592,61.8798049],[23.7600494,61.8797826],[23.7601192,61.8798144],[23.7600178,61.8798506],[23.7599299,61.8798399],[23.7599592,61.8798049]]]]}}]}